fov_id,original_fov_location,2D_fov_tiff_path
898,/allen/aics/assay-dev/MicroscopyData/Melissa/2019/20190807/63x_exports/20190807_M01_001_Capture 1 - Capture 1 - B2 [144] Montage - 1,2D_fov_tiff_path/5dbc0092_5500000013_63X_20190807_S1_P1_B2_annotations_corrected.tiff
899,/allen/aics/assay-dev/MicroscopyData/Melissa/2019/20190807/63x_exports/20190807_M01_001_Capture 1 - Capture 1 - B2 [144] Montage - 10,2D_fov_tiff_path/9a39c522_5500000013_63X_20190807_S1_P10_B2_annotations_corrected.tiff
900,/allen/aics/assay-dev/MicroscopyData/Melissa/2019/20190807/63x_exports/20190807_M01_001_Capture 1 - Capture 1 - B2 [144] Montage - 11,2D_fov_tiff_path/6cd724cc_5500000013_63X_20190807_S1_P11_B2_annotations_corrected.tiff
901,/allen/aics/assay-dev/MicroscopyData/Melissa/2019/20190807/63x_exports/20190807_M01_001_Capture 1 - Capture 1 - B2 [144] Montage - 12,2D_fov_tiff_path/9e678ccd_5500000013_63X_20190807_S1_P12_B2_annotations_corrected.tiff
902,/allen/aics/assay-dev/MicroscopyData/Melissa/2019/20190807/63x_exports/20190807_M01_001_Capture 1 - Capture 1 - B2 [144] Montage - 13,2D_fov_tiff_path/88557011_5500000013_63X_20190807_S1_P13_B2_annotations_corrected.tiff
903,/allen/aics/assay-dev/MicroscopyData/Melissa/2019/20190807/63x_exports/20190807_M01_001_Capture 1 - Capture 1 - B2 [144] Montage - 14,2D_fov_tiff_path/2a560451_5500000013_63X_20190807_S1_P14_B2_annotations_corrected.tiff
904,/allen/aics/assay-dev/MicroscopyData/Melissa/2019/20190807/63x_exports/20190807_M01_001_Capture 1 - Capture 1 - B2 [144] Montage - 15,2D_fov_tiff_path/4ad78e4b_5500000013_63X_20190807_S1_P15_B2_annotations_corrected.tiff
905,/allen/aics/assay-dev/MicroscopyData/Melissa/2019/20190807/63x_exports/20190807_M01_001_Capture 1 - Capture 1 - B2 [144] Montage - 16,2D_fov_tiff_path/d50bf418_5500000013_63X_20190807_S1_P16_B2_annotations_corrected.tiff
906,/allen/aics/assay-dev/MicroscopyData/Melissa/2019/20190807/63x_exports/20190807_M01_001_Capture 1 - Capture 1 - B2 [144] Montage - 17,2D_fov_tiff_path/ef919605_5500000013_63X_20190807_S1_P17_B2_annotations_corrected.tiff
907,/allen/aics/assay-dev/MicroscopyData/Melissa/2019/20190807/63x_exports/20190807_M01_001_Capture 1 - Capture 1 - B2 [144] Montage - 18,2D_fov_tiff_path/53fc9ec5_5500000013_63X_20190807_S1_P18_B2_annotations_corrected.tiff
908,/allen/aics/assay-dev/MicroscopyData/Melissa/2019/20190807/63x_exports/20190807_M01_001_Capture 1 - Capture 1 - B2 [144] Montage - 19,2D_fov_tiff_path/4dd72e9f_5500000013_63X_20190807_S1_P19_B2_annotations_corrected.tiff
909,/allen/aics/assay-dev/MicroscopyData/Melissa/2019/20190807/63x_exports/20190807_M01_001_Capture 1 - Capture 1 - B2 [144] Montage - 2,2D_fov_tiff_path/f26a1f02_5500000013_63X_20190807_S1_P2_B2_annotations_corrected.tiff
910,/allen/aics/assay-dev/MicroscopyData/Melissa/2019/20190807/63x_exports/20190807_M01_001_Capture 1 - Capture 1 - B2 [144] Montage - 20,2D_fov_tiff_path/160724ea_5500000013_63X_20190807_S1_P20_B2_annotations_corrected.tiff
911,/allen/aics/assay-dev/MicroscopyData/Melissa/2019/20190807/63x_exports/20190807_M01_001_Capture 1 - Capture 1 - B2 [144] Montage - 21,2D_fov_tiff_path/e0182d48_5500000013_63X_20190807_S1_P21_B2_annotations_corrected.tiff
912,/allen/aics/assay-dev/MicroscopyData/Melissa/2019/20190807/63x_exports/20190807_M01_001_Capture 1 - Capture 1 - B2 [144] Montage - 22,2D_fov_tiff_path/81008100_5500000013_63X_20190807_S1_P22_B2_annotations_corrected.tiff
913,/allen/aics/assay-dev/MicroscopyData/Melissa/2019/20190807/63x_exports/20190807_M01_001_Capture 1 - Capture 1 - B2 [144] Montage - 23,2D_fov_tiff_path/c73105dd_5500000013_63X_20190807_S1_P23_B2_annotations_corrected.tiff
914,/allen/aics/assay-dev/MicroscopyData/Melissa/2019/20190807/63x_exports/20190807_M01_001_Capture 1 - Capture 1 - B2 [144] Montage - 24,2D_fov_tiff_path/f5c8768f_5500000013_63X_20190807_S1_P24_B2_annotations_corrected.tiff
915,/allen/aics/assay-dev/MicroscopyData/Melissa/2019/20190807/63x_exports/20190807_M01_001_Capture 1 - Capture 1 - B2 [144] Montage - 25,2D_fov_tiff_path/ebac4c6c_5500000013_63X_20190807_S1_P25_B2_annotations_corrected.tiff
916,/allen/aics/assay-dev/MicroscopyData/Melissa/2019/20190807/63x_exports/20190807_M01_001_Capture 1 - Capture 1 - B2 [144] Montage - 26,2D_fov_tiff_path/294a93d1_5500000013_63X_20190807_S1_P26_B2_annotations_corrected.tiff
917,/allen/aics/assay-dev/MicroscopyData/Melissa/2019/20190807/63x_exports/20190807_M01_001_Capture 1 - Capture 1 - B2 [144] Montage - 27,2D_fov_tiff_path/44f4f5f8_5500000013_63X_20190807_S1_P27_B2_annotations_corrected.tiff
918,/allen/aics/assay-dev/MicroscopyData/Melissa/2019/20190807/63x_exports/20190807_M01_001_Capture 1 - Capture 1 - B2 [144] Montage - 28,2D_fov_tiff_path/f7c5ab09_5500000013_63X_20190807_S1_P28_B2_annotations_corrected.tiff
919,/allen/aics/assay-dev/MicroscopyData/Melissa/2019/20190807/63x_exports/20190807_M01_001_Capture 1 - Capture 1 - B2 [144] Montage - 29,2D_fov_tiff_path/7f97420f_5500000013_63X_20190807_S1_P29_B2_annotations_corrected.tiff
920,/allen/aics/assay-dev/MicroscopyData/Melissa/2019/20190807/63x_exports/20190807_M01_001_Capture 1 - Capture 1 - B2 [144] Montage - 3,2D_fov_tiff_path/679ed9d7_5500000013_63X_20190807_S1_P3_B2_annotations_corrected.tiff
921,/allen/aics/assay-dev/MicroscopyData/Melissa/2019/20190807/63x_exports/20190807_M01_001_Capture 1 - Capture 1 - B2 [144] Montage - 30,2D_fov_tiff_path/31f8996c_5500000013_63X_20190807_S1_P30_B2_annotations_corrected.tiff
922,/allen/aics/assay-dev/MicroscopyData/Melissa/2019/20190807/63x_exports/20190807_M01_001_Capture 1 - Capture 1 - B2 [144] Montage - 4,2D_fov_tiff_path/1d2b530c_5500000013_63X_20190807_S1_P4_B2_annotations_corrected.tiff
923,/allen/aics/assay-dev/MicroscopyData/Melissa/2019/20190807/63x_exports/20190807_M01_001_Capture 1 - Capture 1 - B2 [144] Montage - 5,2D_fov_tiff_path/e0c8c87a_5500000013_63X_20190807_S1_P5_B2_annotations_corrected.tiff
924,/allen/aics/assay-dev/MicroscopyData/Melissa/2019/20190807/63x_exports/20190807_M01_001_Capture 1 - Capture 1 - B2 [144] Montage - 6,2D_fov_tiff_path/1c9df1a0_5500000013_63X_20190807_S1_P6_B2_annotations_corrected.tiff
925,/allen/aics/assay-dev/MicroscopyData/Melissa/2019/20190807/63x_exports/20190807_M01_001_Capture 1 - Capture 1 - B2 [144] Montage - 7,2D_fov_tiff_path/8937ee46_5500000013_63X_20190807_S1_P7_B2_annotations_corrected.tiff
926,/allen/aics/assay-dev/MicroscopyData/Melissa/2019/20190807/63x_exports/20190807_M01_001_Capture 1 - Capture 1 - B2 [144] Montage - 8,2D_fov_tiff_path/1349b268_5500000013_63X_20190807_S1_P8_B2_annotations_corrected.tiff
927,/allen/aics/assay-dev/MicroscopyData/Melissa/2019/20190807/63x_exports/20190807_M01_001_Capture 1 - Capture 1 - B2 [144] Montage - 9,2D_fov_tiff_path/89a99afe_5500000013_63X_20190807_S1_P9_B2_annotations_corrected.tiff
928,/allen/aics/assay-dev/MicroscopyData/Melissa/2019/20190807/63x_exports/20190807_M01_001_Capture 1 - Capture 1 - B3 [144] Montage - 1,2D_fov_tiff_path/44dd7433_5500000013_63X_20190807_S1_P1_B3_annotations_corrected.tiff
929,/allen/aics/assay-dev/MicroscopyData/Melissa/2019/20190807/63x_exports/20190807_M01_001_Capture 1 - Capture 1 - B3 [144] Montage - 10,2D_fov_tiff_path/00c46540_5500000013_63X_20190807_S1_P10_B3_annotations_corrected.tiff
930,/allen/aics/assay-dev/MicroscopyData/Melissa/2019/20190807/63x_exports/20190807_M01_001_Capture 1 - Capture 1 - B3 [144] Montage - 11,2D_fov_tiff_path/c6348d69_5500000013_63X_20190807_S1_P11_B3_annotations_corrected.tiff
931,/allen/aics/assay-dev/MicroscopyData/Melissa/2019/20190807/63x_exports/20190807_M01_001_Capture 1 - Capture 1 - B3 [144] Montage - 12,2D_fov_tiff_path/2d04ea4d_5500000013_63X_20190807_S1_P12_B3_annotations_corrected.tiff
932,/allen/aics/assay-dev/MicroscopyData/Melissa/2019/20190807/63x_exports/20190807_M01_001_Capture 1 - Capture 1 - B3 [144] Montage - 13,2D_fov_tiff_path/39531263_5500000013_63X_20190807_S1_P13_B3_annotations_corrected.tiff
933,/allen/aics/assay-dev/MicroscopyData/Melissa/2019/20190807/63x_exports/20190807_M01_001_Capture 1 - Capture 1 - B3 [144] Montage - 14,2D_fov_tiff_path/570acc96_5500000013_63X_20190807_S1_P14_B3_annotations_corrected.tiff
934,/allen/aics/assay-dev/MicroscopyData/Melissa/2019/20190807/63x_exports/20190807_M01_001_Capture 1 - Capture 1 - B3 [144] Montage - 15,2D_fov_tiff_path/0c5911bf_5500000013_63X_20190807_S1_P15_B3_annotations_corrected.tiff
935,/allen/aics/assay-dev/MicroscopyData/Melissa/2019/20190807/63x_exports/20190807_M01_001_Capture 1 - Capture 1 - B3 [144] Montage - 16,2D_fov_tiff_path/e0b5f63c_5500000013_63X_20190807_S1_P16_B3_annotations_corrected.tiff
936,/allen/aics/assay-dev/MicroscopyData/Melissa/2019/20190807/63x_exports/20190807_M01_001_Capture 1 - Capture 1 - B3 [144] Montage - 17,2D_fov_tiff_path/ef1b4517_5500000013_63X_20190807_S1_P17_B3_annotations_corrected.tiff
937,/allen/aics/assay-dev/MicroscopyData/Melissa/2019/20190807/63x_exports/20190807_M01_001_Capture 1 - Capture 1 - B3 [144] Montage - 18,2D_fov_tiff_path/0161711a_5500000013_63X_20190807_S1_P18_B3_annotations_corrected.tiff
938,/allen/aics/assay-dev/MicroscopyData/Melissa/2019/20190807/63x_exports/20190807_M01_001_Capture 1 - Capture 1 - B3 [144] Montage - 19,2D_fov_tiff_path/a4efdd12_5500000013_63X_20190807_S1_P19_B3_annotations_corrected.tiff
939,/allen/aics/assay-dev/MicroscopyData/Melissa/2019/20190807/63x_exports/20190807_M01_001_Capture 1 - Capture 1 - B3 [144] Montage - 2,2D_fov_tiff_path/495da58d_5500000013_63X_20190807_S1_P2_B3_annotations_corrected.tiff
940,/allen/aics/assay-dev/MicroscopyData/Melissa/2019/20190807/63x_exports/20190807_M01_001_Capture 1 - Capture 1 - B3 [144] Montage - 20,2D_fov_tiff_path/43283e18_5500000013_63X_20190807_S1_P20_B3_annotations_corrected.tiff
941,/allen/aics/assay-dev/MicroscopyData/Melissa/2019/20190807/63x_exports/20190807_M01_001_Capture 1 - Capture 1 - B3 [144] Montage - 21,2D_fov_tiff_path/36fe2e2d_5500000013_63X_20190807_S1_P21_B3_annotations_corrected.tiff
942,/allen/aics/assay-dev/MicroscopyData/Melissa/2019/20190807/63x_exports/20190807_M01_001_Capture 1 - Capture 1 - B3 [144] Montage - 22,2D_fov_tiff_path/f487f7c9_5500000013_63X_20190807_S1_P22_B3_annotations_corrected.tiff
943,/allen/aics/assay-dev/MicroscopyData/Melissa/2019/20190807/63x_exports/20190807_M01_001_Capture 1 - Capture 1 - B3 [144] Montage - 23,2D_fov_tiff_path/39660719_5500000013_63X_20190807_S1_P23_B3_annotations_corrected.tiff
944,/allen/aics/assay-dev/MicroscopyData/Melissa/2019/20190807/63x_exports/20190807_M01_001_Capture 1 - Capture 1 - B3 [144] Montage - 24,2D_fov_tiff_path/ad6d8860_5500000013_63X_20190807_S1_P24_B3_annotations_corrected.tiff
945,/allen/aics/assay-dev/MicroscopyData/Melissa/2019/20190807/63x_exports/20190807_M01_001_Capture 1 - Capture 1 - B3 [144] Montage - 25,2D_fov_tiff_path/bbbe6996_5500000013_63X_20190807_S1_P25_B3_annotations_corrected.tiff
946,/allen/aics/assay-dev/MicroscopyData/Melissa/2019/20190807/63x_exports/20190807_M01_001_Capture 1 - Capture 1 - B3 [144] Montage - 26,2D_fov_tiff_path/ee3416ec_5500000013_63X_20190807_S1_P26_B3_annotations_corrected.tiff
947,/allen/aics/assay-dev/MicroscopyData/Melissa/2019/20190807/63x_exports/20190807_M01_001_Capture 1 - Capture 1 - B3 [144] Montage - 27,2D_fov_tiff_path/4c0023da_5500000013_63X_20190807_S1_P27_B3_annotations_corrected.tiff
948,/allen/aics/assay-dev/MicroscopyData/Melissa/2019/20190807/63x_exports/20190807_M01_001_Capture 1 - Capture 1 - B3 [144] Montage - 28,2D_fov_tiff_path/ec3a6152_5500000013_63X_20190807_S1_P28_B3_annotations_corrected.tiff
949,/allen/aics/assay-dev/MicroscopyData/Melissa/2019/20190807/63x_exports/20190807_M01_001_Capture 1 - Capture 1 - B3 [144] Montage - 29,2D_fov_tiff_path/1073ad34_5500000013_63X_20190807_S1_P29_B3_annotations_corrected.tiff
950,/allen/aics/assay-dev/MicroscopyData/Melissa/2019/20190807/63x_exports/20190807_M01_001_Capture 1 - Capture 1 - B3 [144] Montage - 3,2D_fov_tiff_path/ef4dd681_5500000013_63X_20190807_S1_P3_B3_annotations_corrected.tiff
951,/allen/aics/assay-dev/MicroscopyData/Melissa/2019/20190807/63x_exports/20190807_M01_001_Capture 1 - Capture 1 - B3 [144] Montage - 30,2D_fov_tiff_path/705d1f5b_5500000013_63X_20190807_S1_P30_B3_annotations_corrected.tiff
952,/allen/aics/assay-dev/MicroscopyData/Melissa/2019/20190807/63x_exports/20190807_M01_001_Capture 1 - Capture 1 - B3 [144] Montage - 4,2D_fov_tiff_path/38277c59_5500000013_63X_20190807_S1_P4_B3_annotations_corrected.tiff
953,/allen/aics/assay-dev/MicroscopyData/Melissa/2019/20190807/63x_exports/20190807_M01_001_Capture 1 - Capture 1 - B3 [144] Montage - 5,2D_fov_tiff_path/8eb0d59e_5500000013_63X_20190807_S1_P5_B3_annotations_corrected.tiff
954,/allen/aics/assay-dev/MicroscopyData/Melissa/2019/20190807/63x_exports/20190807_M01_001_Capture 1 - Capture 1 - B3 [144] Montage - 6,2D_fov_tiff_path/52143707_5500000013_63X_20190807_S1_P6_B3_annotations_corrected.tiff
955,/allen/aics/assay-dev/MicroscopyData/Melissa/2019/20190807/63x_exports/20190807_M01_001_Capture 1 - Capture 1 - B3 [144] Montage - 7,2D_fov_tiff_path/d8a271e6_5500000013_63X_20190807_S1_P7_B3_annotations_corrected.tiff
956,/allen/aics/assay-dev/MicroscopyData/Melissa/2019/20190807/63x_exports/20190807_M01_001_Capture 1 - Capture 1 - B3 [144] Montage - 8,2D_fov_tiff_path/388fc33e_5500000013_63X_20190807_S1_P8_B3_annotations_corrected.tiff
957,/allen/aics/assay-dev/MicroscopyData/Melissa/2019/20190807/63x_exports/20190807_M01_001_Capture 1 - Capture 1 - B3 [144] Montage - 9,2D_fov_tiff_path/7a7ec835_5500000013_63X_20190807_S1_P9_B3_annotations_corrected.tiff
958,/allen/aics/assay-dev/MicroscopyData/Melissa/2019/20190807/63x_exports/20190807_M01_001_Capture 1 - Capture 1 - B4 [144] Montage - 1,2D_fov_tiff_path/2915a0c3_5500000013_63X_20190807_S1_P1_B4_annotations_corrected.tiff
959,/allen/aics/assay-dev/MicroscopyData/Melissa/2019/20190807/63x_exports/20190807_M01_001_Capture 1 - Capture 1 - B4 [144] Montage - 10,2D_fov_tiff_path/5125d9e6_5500000013_63X_20190807_S1_P10_B4_annotations_corrected.tiff
960,/allen/aics/assay-dev/MicroscopyData/Melissa/2019/20190807/63x_exports/20190807_M01_001_Capture 1 - Capture 1 - B4 [144] Montage - 11,2D_fov_tiff_path/bfdf810c_5500000013_63X_20190807_S1_P11_B4_annotations_corrected.tiff
961,/allen/aics/assay-dev/MicroscopyData/Melissa/2019/20190807/63x_exports/20190807_M01_001_Capture 1 - Capture 1 - B4 [144] Montage - 12,2D_fov_tiff_path/91ba3f1a_5500000013_63X_20190807_S1_P12_B4_annotations_corrected.tiff
962,/allen/aics/assay-dev/MicroscopyData/Melissa/2019/20190807/63x_exports/20190807_M01_001_Capture 1 - Capture 1 - B4 [144] Montage - 13,2D_fov_tiff_path/5f8b57f2_5500000013_63X_20190807_S1_P13_B4_annotations_corrected.tiff
963,/allen/aics/assay-dev/MicroscopyData/Melissa/2019/20190807/63x_exports/20190807_M01_001_Capture 1 - Capture 1 - B4 [144] Montage - 14,2D_fov_tiff_path/7c1003df_5500000013_63X_20190807_S1_P14_B4_annotations_corrected.tiff
964,/allen/aics/assay-dev/MicroscopyData/Melissa/2019/20190807/63x_exports/20190807_M01_001_Capture 1 - Capture 1 - B4 [144] Montage - 15,2D_fov_tiff_path/952df769_5500000013_63X_20190807_S1_P15_B4_annotations_corrected.tiff
965,/allen/aics/assay-dev/MicroscopyData/Melissa/2019/20190807/63x_exports/20190807_M01_001_Capture 1 - Capture 1 - B4 [144] Montage - 16,2D_fov_tiff_path/87019fd2_5500000013_63X_20190807_S1_P16_B4_annotations_corrected.tiff
966,/allen/aics/assay-dev/MicroscopyData/Melissa/2019/20190807/63x_exports/20190807_M01_001_Capture 1 - Capture 1 - B4 [144] Montage - 17,2D_fov_tiff_path/50c3bda3_5500000013_63X_20190807_S1_P17_B4_annotations_corrected.tiff
967,/allen/aics/assay-dev/MicroscopyData/Melissa/2019/20190807/63x_exports/20190807_M01_001_Capture 1 - Capture 1 - B4 [144] Montage - 18,2D_fov_tiff_path/18c77894_5500000013_63X_20190807_S1_P18_B4_annotations_corrected.tiff
968,/allen/aics/assay-dev/MicroscopyData/Melissa/2019/20190807/63x_exports/20190807_M01_001_Capture 1 - Capture 1 - B4 [144] Montage - 19,2D_fov_tiff_path/5b9546eb_5500000013_63X_20190807_S1_P19_B4_annotations_corrected.tiff
969,/allen/aics/assay-dev/MicroscopyData/Melissa/2019/20190807/63x_exports/20190807_M01_001_Capture 1 - Capture 1 - B4 [144] Montage - 2,2D_fov_tiff_path/979ab9de_5500000013_63X_20190807_S1_P2_B4_annotations_corrected.tiff
970,/allen/aics/assay-dev/MicroscopyData/Melissa/2019/20190807/63x_exports/20190807_M01_001_Capture 1 - Capture 1 - B4 [144] Montage - 20,2D_fov_tiff_path/c916ede2_5500000013_63X_20190807_S1_P20_B4_annotations_corrected.tiff
971,/allen/aics/assay-dev/MicroscopyData/Melissa/2019/20190807/63x_exports/20190807_M01_001_Capture 1 - Capture 1 - B4 [144] Montage - 21,2D_fov_tiff_path/f3852309_5500000013_63X_20190807_S1_P21_B4_annotations_corrected.tiff
972,/allen/aics/assay-dev/MicroscopyData/Melissa/2019/20190807/63x_exports/20190807_M01_001_Capture 1 - Capture 1 - B4 [144] Montage - 22,2D_fov_tiff_path/603fd457_5500000013_63X_20190807_S1_P22_B4_annotations_corrected.tiff
973,/allen/aics/assay-dev/MicroscopyData/Melissa/2019/20190807/63x_exports/20190807_M01_001_Capture 1 - Capture 1 - B4 [144] Montage - 23,2D_fov_tiff_path/bcd6a7c4_5500000013_63X_20190807_S1_P23_B4_annotations_corrected.tiff
974,/allen/aics/assay-dev/MicroscopyData/Melissa/2019/20190807/63x_exports/20190807_M01_001_Capture 1 - Capture 1 - B4 [144] Montage - 24,2D_fov_tiff_path/fefb468d_5500000013_63X_20190807_S1_P24_B4_annotations_corrected.tiff
975,/allen/aics/assay-dev/MicroscopyData/Melissa/2019/20190807/63x_exports/20190807_M01_001_Capture 1 - Capture 1 - B4 [144] Montage - 25,2D_fov_tiff_path/b66bbdc3_5500000013_63X_20190807_S1_P25_B4_annotations_corrected.tiff
976,/allen/aics/assay-dev/MicroscopyData/Melissa/2019/20190807/63x_exports/20190807_M01_001_Capture 1 - Capture 1 - B4 [144] Montage - 26,2D_fov_tiff_path/03efcec2_5500000013_63X_20190807_S1_P26_B4_annotations_corrected.tiff
977,/allen/aics/assay-dev/MicroscopyData/Melissa/2019/20190807/63x_exports/20190807_M01_001_Capture 1 - Capture 1 - B4 [144] Montage - 27,2D_fov_tiff_path/cf4fb0e8_5500000013_63X_20190807_S1_P27_B4_annotations_corrected.tiff
978,/allen/aics/assay-dev/MicroscopyData/Melissa/2019/20190807/63x_exports/20190807_M01_001_Capture 1 - Capture 1 - B4 [144] Montage - 28,2D_fov_tiff_path/ae2b22b8_5500000013_63X_20190807_S1_P28_B4_annotations_corrected.tiff
979,/allen/aics/assay-dev/MicroscopyData/Melissa/2019/20190807/63x_exports/20190807_M01_001_Capture 1 - Capture 1 - B4 [144] Montage - 29,2D_fov_tiff_path/1bbe8901_5500000013_63X_20190807_S1_P29_B4_annotations_corrected.tiff
980,/allen/aics/assay-dev/MicroscopyData/Melissa/2019/20190807/63x_exports/20190807_M01_001_Capture 1 - Capture 1 - B4 [144] Montage - 3,2D_fov_tiff_path/8e30a2d6_5500000013_63X_20190807_S1_P3_B4_annotations_corrected.tiff
981,/allen/aics/assay-dev/MicroscopyData/Melissa/2019/20190807/63x_exports/20190807_M01_001_Capture 1 - Capture 1 - B4 [144] Montage - 30,2D_fov_tiff_path/ebfc8c4d_5500000013_63X_20190807_S1_P30_B4_annotations_corrected.tiff
982,/allen/aics/assay-dev/MicroscopyData/Melissa/2019/20190807/63x_exports/20190807_M01_001_Capture 1 - Capture 1 - B4 [144] Montage - 4,2D_fov_tiff_path/233a97e1_5500000013_63X_20190807_S1_P4_B4_annotations_corrected.tiff
983,/allen/aics/assay-dev/MicroscopyData/Melissa/2019/20190807/63x_exports/20190807_M01_001_Capture 1 - Capture 1 - B4 [144] Montage - 5,2D_fov_tiff_path/ec4c125c_5500000013_63X_20190807_S1_P5_B4_annotations_corrected.tiff
984,/allen/aics/assay-dev/MicroscopyData/Melissa/2019/20190807/63x_exports/20190807_M01_001_Capture 1 - Capture 1 - B4 [144] Montage - 6,2D_fov_tiff_path/d6168657_5500000013_63X_20190807_S1_P6_B4_annotations_corrected.tiff
985,/allen/aics/assay-dev/MicroscopyData/Melissa/2019/20190807/63x_exports/20190807_M01_001_Capture 1 - Capture 1 - B4 [144] Montage - 7,2D_fov_tiff_path/d3328698_5500000013_63X_20190807_S1_P7_B4_annotations_corrected.tiff
986,/allen/aics/assay-dev/MicroscopyData/Melissa/2019/20190807/63x_exports/20190807_M01_001_Capture 1 - Capture 1 - B4 [144] Montage - 8,2D_fov_tiff_path/c087aa64_5500000013_63X_20190807_S1_P8_B4_annotations_corrected.tiff
987,/allen/aics/assay-dev/MicroscopyData/Melissa/2019/20190807/63x_exports/20190807_M01_001_Capture 1 - Capture 1 - B4 [144] Montage - 9,2D_fov_tiff_path/4b0db445_5500000013_63X_20190807_S1_P9_B4_annotations_corrected.tiff
988,/allen/aics/assay-dev/MicroscopyData/Melissa/2019/20190807/63x_exports/20190807_M01_001_Capture 1 - Capture 1 - B5 [144] Montage - 1,2D_fov_tiff_path/38de9d00_5500000013_63X_20190807_S1_P1_B5_annotations_corrected.tiff
989,/allen/aics/assay-dev/MicroscopyData/Melissa/2019/20190807/63x_exports/20190807_M01_001_Capture 1 - Capture 1 - B5 [144] Montage - 10,2D_fov_tiff_path/27e55ff3_5500000013_63X_20190807_S1_P10_B5_annotations_corrected.tiff
990,/allen/aics/assay-dev/MicroscopyData/Melissa/2019/20190807/63x_exports/20190807_M01_001_Capture 1 - Capture 1 - B5 [144] Montage - 11,2D_fov_tiff_path/38f29429_5500000013_63X_20190807_S1_P11_B5_annotations_corrected.tiff
991,/allen/aics/assay-dev/MicroscopyData/Melissa/2019/20190807/63x_exports/20190807_M01_001_Capture 1 - Capture 1 - B5 [144] Montage - 12,2D_fov_tiff_path/11ca25a2_5500000013_63X_20190807_S1_P12_B5_annotations_corrected.tiff
992,/allen/aics/assay-dev/MicroscopyData/Melissa/2019/20190807/63x_exports/20190807_M01_001_Capture 1 - Capture 1 - B5 [144] Montage - 13,2D_fov_tiff_path/18c58128_5500000013_63X_20190807_S1_P13_B5_annotations_corrected.tiff
993,/allen/aics/assay-dev/MicroscopyData/Melissa/2019/20190807/63x_exports/20190807_M01_001_Capture 1 - Capture 1 - B5 [144] Montage - 14,2D_fov_tiff_path/f2a9c1b7_5500000013_63X_20190807_S1_P14_B5_annotations_corrected.tiff
994,/allen/aics/assay-dev/MicroscopyData/Melissa/2019/20190807/63x_exports/20190807_M01_001_Capture 1 - Capture 1 - B5 [144] Montage - 15,2D_fov_tiff_path/c22920c2_5500000013_63X_20190807_S1_P15_B5_annotations_corrected.tiff
995,/allen/aics/assay-dev/MicroscopyData/Melissa/2019/20190807/63x_exports/20190807_M01_001_Capture 1 - Capture 1 - B5 [144] Montage - 16,2D_fov_tiff_path/369c176f_5500000013_63X_20190807_S1_P16_B5_annotations_corrected.tiff
996,/allen/aics/assay-dev/MicroscopyData/Melissa/2019/20190807/63x_exports/20190807_M01_001_Capture 1 - Capture 1 - B5 [144] Montage - 17,2D_fov_tiff_path/46786724_5500000013_63X_20190807_S1_P17_B5_annotations_corrected.tiff
997,/allen/aics/assay-dev/MicroscopyData/Melissa/2019/20190807/63x_exports/20190807_M01_001_Capture 1 - Capture 1 - B5 [144] Montage - 18,2D_fov_tiff_path/1bb13f99_5500000013_63X_20190807_S1_P18_B5_annotations_corrected.tiff
998,/allen/aics/assay-dev/MicroscopyData/Melissa/2019/20190807/63x_exports/20190807_M01_001_Capture 1 - Capture 1 - B5 [144] Montage - 19,2D_fov_tiff_path/2f19a603_5500000013_63X_20190807_S1_P19_B5_annotations_corrected.tiff
999,/allen/aics/assay-dev/MicroscopyData/Melissa/2019/20190807/63x_exports/20190807_M01_001_Capture 1 - Capture 1 - B5 [144] Montage - 2,2D_fov_tiff_path/1257ad71_5500000013_63X_20190807_S1_P2_B5_annotations_corrected.tiff
1000,/allen/aics/assay-dev/MicroscopyData/Melissa/2019/20190807/63x_exports/20190807_M01_001_Capture 1 - Capture 1 - B5 [144] Montage - 20,2D_fov_tiff_path/e1a1f852_5500000013_63X_20190807_S1_P20_B5_annotations_corrected.tiff
1001,/allen/aics/assay-dev/MicroscopyData/Melissa/2019/20190807/63x_exports/20190807_M01_001_Capture 1 - Capture 1 - B5 [144] Montage - 21,2D_fov_tiff_path/c48dd85b_5500000013_63X_20190807_S1_P21_B5_annotations_corrected.tiff
1002,/allen/aics/assay-dev/MicroscopyData/Melissa/2019/20190807/63x_exports/20190807_M01_001_Capture 1 - Capture 1 - B5 [144] Montage - 22,2D_fov_tiff_path/3973038b_5500000013_63X_20190807_S1_P22_B5_annotations_corrected.tiff
1003,/allen/aics/assay-dev/MicroscopyData/Melissa/2019/20190807/63x_exports/20190807_M01_001_Capture 1 - Capture 1 - B5 [144] Montage - 23,2D_fov_tiff_path/3ef0e119_5500000013_63X_20190807_S1_P23_B5_annotations_corrected.tiff
1004,/allen/aics/assay-dev/MicroscopyData/Melissa/2019/20190807/63x_exports/20190807_M01_001_Capture 1 - Capture 1 - B5 [144] Montage - 24,2D_fov_tiff_path/5efa707d_5500000013_63X_20190807_S1_P24_B5_annotations_corrected.tiff
1005,/allen/aics/assay-dev/MicroscopyData/Melissa/2019/20190807/63x_exports/20190807_M01_001_Capture 1 - Capture 1 - B5 [144] Montage - 25,2D_fov_tiff_path/d6b484c2_5500000013_63X_20190807_S1_P25_B5_annotations_corrected.tiff
1006,/allen/aics/assay-dev/MicroscopyData/Melissa/2019/20190807/63x_exports/20190807_M01_001_Capture 1 - Capture 1 - B5 [144] Montage - 26,2D_fov_tiff_path/e6baacec_5500000013_63X_20190807_S1_P26_B5_annotations_corrected.tiff
1007,/allen/aics/assay-dev/MicroscopyData/Melissa/2019/20190807/63x_exports/20190807_M01_001_Capture 1 - Capture 1 - B5 [144] Montage - 27,2D_fov_tiff_path/98abfd8e_5500000013_63X_20190807_S1_P27_B5_annotations_corrected.tiff
1008,/allen/aics/assay-dev/MicroscopyData/Melissa/2019/20190807/63x_exports/20190807_M01_001_Capture 1 - Capture 1 - B5 [144] Montage - 28,2D_fov_tiff_path/f3f0a093_5500000013_63X_20190807_S1_P28_B5_annotations_corrected.tiff
1009,/allen/aics/assay-dev/MicroscopyData/Melissa/2019/20190807/63x_exports/20190807_M01_001_Capture 1 - Capture 1 - B5 [144] Montage - 29,2D_fov_tiff_path/c6e0039d_5500000013_63X_20190807_S1_P29_B5_annotations_corrected.tiff
1010,/allen/aics/assay-dev/MicroscopyData/Melissa/2019/20190807/63x_exports/20190807_M01_001_Capture 1 - Capture 1 - B5 [144] Montage - 3,2D_fov_tiff_path/34912a10_5500000013_63X_20190807_S1_P3_B5_annotations_corrected.tiff
1011,/allen/aics/assay-dev/MicroscopyData/Melissa/2019/20190807/63x_exports/20190807_M01_001_Capture 1 - Capture 1 - B5 [144] Montage - 30,2D_fov_tiff_path/14e749bc_5500000013_63X_20190807_S1_P30_B5_annotations_corrected.tiff
1012,/allen/aics/assay-dev/MicroscopyData/Melissa/2019/20190807/63x_exports/20190807_M01_001_Capture 1 - Capture 1 - B5 [144] Montage - 4,2D_fov_tiff_path/374847fc_5500000013_63X_20190807_S1_P4_B5_annotations_corrected.tiff
1013,/allen/aics/assay-dev/MicroscopyData/Melissa/2019/20190807/63x_exports/20190807_M01_001_Capture 1 - Capture 1 - B5 [144] Montage - 5,2D_fov_tiff_path/0e2cf314_5500000013_63X_20190807_S1_P5_B5_annotations_corrected.tiff
1014,/allen/aics/assay-dev/MicroscopyData/Melissa/2019/20190807/63x_exports/20190807_M01_001_Capture 1 - Capture 1 - B5 [144] Montage - 6,2D_fov_tiff_path/e3f49aec_5500000013_63X_20190807_S1_P6_B5_annotations_corrected.tiff
1015,/allen/aics/assay-dev/MicroscopyData/Melissa/2019/20190807/63x_exports/20190807_M01_001_Capture 1 - Capture 1 - B5 [144] Montage - 7,2D_fov_tiff_path/772b0c4c_5500000013_63X_20190807_S1_P7_B5_annotations_corrected.tiff
1016,/allen/aics/assay-dev/MicroscopyData/Melissa/2019/20190807/63x_exports/20190807_M01_001_Capture 1 - Capture 1 - B5 [144] Montage - 8,2D_fov_tiff_path/20b19d71_5500000013_63X_20190807_S1_P8_B5_annotations_corrected.tiff
1017,/allen/aics/assay-dev/MicroscopyData/Melissa/2019/20190807/63x_exports/20190807_M01_001_Capture 1 - Capture 1 - B5 [144] Montage - 9,2D_fov_tiff_path/74c05697_5500000013_63X_20190807_S1_P9_B5_annotations_corrected.tiff
1018,/allen/aics/assay-dev/MicroscopyData/Melissa/2019/20190807/63x_exports/20190807_M01_002_Capture 1 - Capture 1 - C2 [144] Montage - 1,2D_fov_tiff_path/a323b9f9_5500000013_63X_20190807_S2_P1_C2_annotations_corrected.tiff
1019,/allen/aics/assay-dev/MicroscopyData/Melissa/2019/20190807/63x_exports/20190807_M01_002_Capture 1 - Capture 1 - C2 [144] Montage - 10,2D_fov_tiff_path/a8764204_5500000013_63X_20190807_S2_P10_C2_annotations_corrected.tiff
1020,/allen/aics/assay-dev/MicroscopyData/Melissa/2019/20190807/63x_exports/20190807_M01_002_Capture 1 - Capture 1 - C2 [144] Montage - 11,2D_fov_tiff_path/1194e093_5500000013_63X_20190807_S2_P11_C2_annotations_corrected.tiff
1021,/allen/aics/assay-dev/MicroscopyData/Melissa/2019/20190807/63x_exports/20190807_M01_002_Capture 1 - Capture 1 - C2 [144] Montage - 12,2D_fov_tiff_path/5660435d_5500000013_63X_20190807_S2_P12_C2_annotations_corrected.tiff
1022,/allen/aics/assay-dev/MicroscopyData/Melissa/2019/20190807/63x_exports/20190807_M01_002_Capture 1 - Capture 1 - C2 [144] Montage - 13,2D_fov_tiff_path/87ce2c3f_5500000013_63X_20190807_S2_P13_C2_annotations_corrected.tiff
1023,/allen/aics/assay-dev/MicroscopyData/Melissa/2019/20190807/63x_exports/20190807_M01_002_Capture 1 - Capture 1 - C2 [144] Montage - 14,2D_fov_tiff_path/385fec2b_5500000013_63X_20190807_S2_P14_C2_annotations_corrected.tiff
1024,/allen/aics/assay-dev/MicroscopyData/Melissa/2019/20190807/63x_exports/20190807_M01_002_Capture 1 - Capture 1 - C2 [144] Montage - 15,2D_fov_tiff_path/46b84ae5_5500000013_63X_20190807_S2_P15_C2_annotations_corrected.tiff
1025,/allen/aics/assay-dev/MicroscopyData/Melissa/2019/20190807/63x_exports/20190807_M01_002_Capture 1 - Capture 1 - C2 [144] Montage - 16,2D_fov_tiff_path/385a1966_5500000013_63X_20190807_S2_P16_C2_annotations_corrected.tiff
1026,/allen/aics/assay-dev/MicroscopyData/Melissa/2019/20190807/63x_exports/20190807_M01_002_Capture 1 - Capture 1 - C2 [144] Montage - 17,2D_fov_tiff_path/6509a3cb_5500000013_63X_20190807_S2_P17_C2_annotations_corrected.tiff
1027,/allen/aics/assay-dev/MicroscopyData/Melissa/2019/20190807/63x_exports/20190807_M01_002_Capture 1 - Capture 1 - C2 [144] Montage - 18,2D_fov_tiff_path/841e6937_5500000013_63X_20190807_S2_P18_C2_annotations_corrected.tiff
1028,/allen/aics/assay-dev/MicroscopyData/Melissa/2019/20190807/63x_exports/20190807_M01_002_Capture 1 - Capture 1 - C2 [144] Montage - 19,2D_fov_tiff_path/c4d144fe_5500000013_63X_20190807_S2_P19_C2_annotations_corrected.tiff
1029,/allen/aics/assay-dev/MicroscopyData/Melissa/2019/20190807/63x_exports/20190807_M01_002_Capture 1 - Capture 1 - C2 [144] Montage - 2,2D_fov_tiff_path/2a2f9971_5500000013_63X_20190807_S2_P2_C2_annotations_corrected.tiff
1030,/allen/aics/assay-dev/MicroscopyData/Melissa/2019/20190807/63x_exports/20190807_M01_002_Capture 1 - Capture 1 - C2 [144] Montage - 20,2D_fov_tiff_path/a91d1e51_5500000013_63X_20190807_S2_P20_C2_annotations_corrected.tiff
1031,/allen/aics/assay-dev/MicroscopyData/Melissa/2019/20190807/63x_exports/20190807_M01_002_Capture 1 - Capture 1 - C2 [144] Montage - 21,2D_fov_tiff_path/b18c251f_5500000013_63X_20190807_S2_P21_C2_annotations_corrected.tiff
1032,/allen/aics/assay-dev/MicroscopyData/Melissa/2019/20190807/63x_exports/20190807_M01_002_Capture 1 - Capture 1 - C2 [144] Montage - 22,2D_fov_tiff_path/59ab7c66_5500000013_63X_20190807_S2_P22_C2_annotations_corrected.tiff
1033,/allen/aics/assay-dev/MicroscopyData/Melissa/2019/20190807/63x_exports/20190807_M01_002_Capture 1 - Capture 1 - C2 [144] Montage - 23,2D_fov_tiff_path/05eff302_5500000013_63X_20190807_S2_P23_C2_annotations_corrected.tiff
1034,/allen/aics/assay-dev/MicroscopyData/Melissa/2019/20190807/63x_exports/20190807_M01_002_Capture 1 - Capture 1 - C2 [144] Montage - 24,2D_fov_tiff_path/fc60cd3a_5500000013_63X_20190807_S2_P24_C2_annotations_corrected.tiff
1035,/allen/aics/assay-dev/MicroscopyData/Melissa/2019/20190807/63x_exports/20190807_M01_002_Capture 1 - Capture 1 - C2 [144] Montage - 25,2D_fov_tiff_path/7fda17f7_5500000013_63X_20190807_S2_P25_C2_annotations_corrected.tiff
1036,/allen/aics/assay-dev/MicroscopyData/Melissa/2019/20190807/63x_exports/20190807_M01_002_Capture 1 - Capture 1 - C2 [144] Montage - 26,2D_fov_tiff_path/3cc58ba3_5500000013_63X_20190807_S2_P26_C2_annotations_corrected.tiff
1037,/allen/aics/assay-dev/MicroscopyData/Melissa/2019/20190807/63x_exports/20190807_M01_002_Capture 1 - Capture 1 - C2 [144] Montage - 27,2D_fov_tiff_path/0cd855db_5500000013_63X_20190807_S2_P27_C2_annotations_corrected.tiff
1038,/allen/aics/assay-dev/MicroscopyData/Melissa/2019/20190807/63x_exports/20190807_M01_002_Capture 1 - Capture 1 - C2 [144] Montage - 28,2D_fov_tiff_path/dd54d7e5_5500000013_63X_20190807_S2_P28_C2_annotations_corrected.tiff
1039,/allen/aics/assay-dev/MicroscopyData/Melissa/2019/20190807/63x_exports/20190807_M01_002_Capture 1 - Capture 1 - C2 [144] Montage - 29,2D_fov_tiff_path/c22a601e_5500000013_63X_20190807_S2_P29_C2_annotations_corrected.tiff
1040,/allen/aics/assay-dev/MicroscopyData/Melissa/2019/20190807/63x_exports/20190807_M01_002_Capture 1 - Capture 1 - C2 [144] Montage - 3,2D_fov_tiff_path/4c11e04d_5500000013_63X_20190807_S2_P3_C2_annotations_corrected.tiff
1041,/allen/aics/assay-dev/MicroscopyData/Melissa/2019/20190807/63x_exports/20190807_M01_002_Capture 1 - Capture 1 - C2 [144] Montage - 30,2D_fov_tiff_path/5d912d1f_5500000013_63X_20190807_S2_P30_C2_annotations_corrected.tiff
1042,/allen/aics/assay-dev/MicroscopyData/Melissa/2019/20190807/63x_exports/20190807_M01_002_Capture 1 - Capture 1 - C2 [144] Montage - 4,2D_fov_tiff_path/0163aa43_5500000013_63X_20190807_S2_P4_C2_annotations_corrected.tiff
1043,/allen/aics/assay-dev/MicroscopyData/Melissa/2019/20190807/63x_exports/20190807_M01_002_Capture 1 - Capture 1 - C2 [144] Montage - 5,2D_fov_tiff_path/eae121f3_5500000013_63X_20190807_S2_P5_C2_annotations_corrected.tiff
1044,/allen/aics/assay-dev/MicroscopyData/Melissa/2019/20190807/63x_exports/20190807_M01_002_Capture 1 - Capture 1 - C2 [144] Montage - 6,2D_fov_tiff_path/e2519486_5500000013_63X_20190807_S2_P6_C2_annotations_corrected.tiff
1045,/allen/aics/assay-dev/MicroscopyData/Melissa/2019/20190807/63x_exports/20190807_M01_002_Capture 1 - Capture 1 - C2 [144] Montage - 7,2D_fov_tiff_path/3a320180_5500000013_63X_20190807_S2_P7_C2_annotations_corrected.tiff
1046,/allen/aics/assay-dev/MicroscopyData/Melissa/2019/20190807/63x_exports/20190807_M01_002_Capture 1 - Capture 1 - C2 [144] Montage - 8,2D_fov_tiff_path/6f0f685c_5500000013_63X_20190807_S2_P8_C2_annotations_corrected.tiff
1047,/allen/aics/assay-dev/MicroscopyData/Melissa/2019/20190807/63x_exports/20190807_M01_002_Capture 1 - Capture 1 - C2 [144] Montage - 9,2D_fov_tiff_path/2a894d20_5500000013_63X_20190807_S2_P9_C2_annotations_corrected.tiff
1048,/allen/aics/assay-dev/MicroscopyData/Melissa/2019/20190807/63x_exports/20190807_M01_002_Capture 1 - Capture 1 - C3 [144] Montage - 1,2D_fov_tiff_path/6d1bf68a_5500000013_63X_20190807_S2_P1_C3_annotations_corrected.tiff
1049,/allen/aics/assay-dev/MicroscopyData/Melissa/2019/20190807/63x_exports/20190807_M01_002_Capture 1 - Capture 1 - C3 [144] Montage - 10,2D_fov_tiff_path/6dbce628_5500000013_63X_20190807_S2_P10_C3_annotations_corrected.tiff
1050,/allen/aics/assay-dev/MicroscopyData/Melissa/2019/20190807/63x_exports/20190807_M01_002_Capture 1 - Capture 1 - C3 [144] Montage - 11,2D_fov_tiff_path/8b579b6a_5500000013_63X_20190807_S2_P11_C3_annotations_corrected.tiff
1051,/allen/aics/assay-dev/MicroscopyData/Melissa/2019/20190807/63x_exports/20190807_M01_002_Capture 1 - Capture 1 - C3 [144] Montage - 12,2D_fov_tiff_path/031dc61a_5500000013_63X_20190807_S2_P12_C3_annotations_corrected.tiff
1052,/allen/aics/assay-dev/MicroscopyData/Melissa/2019/20190807/63x_exports/20190807_M01_002_Capture 1 - Capture 1 - C3 [144] Montage - 13,2D_fov_tiff_path/3a48403c_5500000013_63X_20190807_S2_P13_C3_annotations_corrected.tiff
1053,/allen/aics/assay-dev/MicroscopyData/Melissa/2019/20190807/63x_exports/20190807_M01_002_Capture 1 - Capture 1 - C3 [144] Montage - 14,2D_fov_tiff_path/11670440_5500000013_63X_20190807_S2_P14_C3_annotations_corrected.tiff
1054,/allen/aics/assay-dev/MicroscopyData/Melissa/2019/20190807/63x_exports/20190807_M01_002_Capture 1 - Capture 1 - C3 [144] Montage - 15,2D_fov_tiff_path/f46660b9_5500000013_63X_20190807_S2_P15_C3_annotations_corrected.tiff
1055,/allen/aics/assay-dev/MicroscopyData/Melissa/2019/20190807/63x_exports/20190807_M01_002_Capture 1 - Capture 1 - C3 [144] Montage - 16,2D_fov_tiff_path/fe9cccba_5500000013_63X_20190807_S2_P16_C3_annotations_corrected.tiff
1056,/allen/aics/assay-dev/MicroscopyData/Melissa/2019/20190807/63x_exports/20190807_M01_002_Capture 1 - Capture 1 - C3 [144] Montage - 17,2D_fov_tiff_path/4d890535_5500000013_63X_20190807_S2_P17_C3_annotations_corrected.tiff
1057,/allen/aics/assay-dev/MicroscopyData/Melissa/2019/20190807/63x_exports/20190807_M01_002_Capture 1 - Capture 1 - C3 [144] Montage - 18,2D_fov_tiff_path/ec6908ba_5500000013_63X_20190807_S2_P18_C3_annotations_corrected.tiff
1058,/allen/aics/assay-dev/MicroscopyData/Melissa/2019/20190807/63x_exports/20190807_M01_002_Capture 1 - Capture 1 - C3 [144] Montage - 19,2D_fov_tiff_path/058d7ccc_5500000013_63X_20190807_S2_P19_C3_annotations_corrected.tiff
1059,/allen/aics/assay-dev/MicroscopyData/Melissa/2019/20190807/63x_exports/20190807_M01_002_Capture 1 - Capture 1 - C3 [144] Montage - 2,2D_fov_tiff_path/e4f4545d_5500000013_63X_20190807_S2_P2_C3_annotations_corrected.tiff
1060,/allen/aics/assay-dev/MicroscopyData/Melissa/2019/20190807/63x_exports/20190807_M01_002_Capture 1 - Capture 1 - C3 [144] Montage - 20,2D_fov_tiff_path/05e5d885_5500000013_63X_20190807_S2_P20_C3_annotations_corrected.tiff
1061,/allen/aics/assay-dev/MicroscopyData/Melissa/2019/20190807/63x_exports/20190807_M01_002_Capture 1 - Capture 1 - C3 [144] Montage - 21,2D_fov_tiff_path/84b56c73_5500000013_63X_20190807_S2_P21_C3_annotations_corrected.tiff
1062,/allen/aics/assay-dev/MicroscopyData/Melissa/2019/20190807/63x_exports/20190807_M01_002_Capture 1 - Capture 1 - C3 [144] Montage - 22,2D_fov_tiff_path/a50cb9ac_5500000013_63X_20190807_S2_P22_C3_annotations_corrected.tiff
1063,/allen/aics/assay-dev/MicroscopyData/Melissa/2019/20190807/63x_exports/20190807_M01_002_Capture 1 - Capture 1 - C3 [144] Montage - 23,2D_fov_tiff_path/b139b821_5500000013_63X_20190807_S2_P23_C3_annotations_corrected.tiff
1065,/allen/aics/assay-dev/MicroscopyData/Melissa/2019/20190807/63x_exports/20190807_M01_002_Capture 1 - Capture 1 - C3 [144] Montage - 25,2D_fov_tiff_path/74a9ccd5_5500000013_63X_20190807_S2_P25_C3_annotations_corrected.tiff
1066,/allen/aics/assay-dev/MicroscopyData/Melissa/2019/20190807/63x_exports/20190807_M01_002_Capture 1 - Capture 1 - C3 [144] Montage - 26,2D_fov_tiff_path/9e8c09b4_5500000013_63X_20190807_S2_P26_C3_annotations_corrected.tiff
1067,/allen/aics/assay-dev/MicroscopyData/Melissa/2019/20190807/63x_exports/20190807_M01_002_Capture 1 - Capture 1 - C3 [144] Montage - 27,2D_fov_tiff_path/8c44204b_5500000013_63X_20190807_S2_P27_C3_annotations_corrected.tiff
1068,/allen/aics/assay-dev/MicroscopyData/Melissa/2019/20190807/63x_exports/20190807_M01_002_Capture 1 - Capture 1 - C3 [144] Montage - 28,2D_fov_tiff_path/5c2b8632_5500000013_63X_20190807_S2_P28_C3_annotations_corrected.tiff
1069,/allen/aics/assay-dev/MicroscopyData/Melissa/2019/20190807/63x_exports/20190807_M01_002_Capture 1 - Capture 1 - C3 [144] Montage - 29,2D_fov_tiff_path/45369f15_5500000013_63X_20190807_S2_P29_C3_annotations_corrected.tiff
1070,/allen/aics/assay-dev/MicroscopyData/Melissa/2019/20190807/63x_exports/20190807_M01_002_Capture 1 - Capture 1 - C3 [144] Montage - 3,2D_fov_tiff_path/e80f7b57_5500000013_63X_20190807_S2_P3_C3_annotations_corrected.tiff
1071,/allen/aics/assay-dev/MicroscopyData/Melissa/2019/20190807/63x_exports/20190807_M01_002_Capture 1 - Capture 1 - C3 [144] Montage - 30,2D_fov_tiff_path/6950dfc1_5500000013_63X_20190807_S2_P30_C3_annotations_corrected.tiff
1072,/allen/aics/assay-dev/MicroscopyData/Melissa/2019/20190807/63x_exports/20190807_M01_002_Capture 1 - Capture 1 - C3 [144] Montage - 4,2D_fov_tiff_path/db4a25d0_5500000013_63X_20190807_S2_P4_C3_annotations_corrected.tiff
1073,/allen/aics/assay-dev/MicroscopyData/Melissa/2019/20190807/63x_exports/20190807_M01_002_Capture 1 - Capture 1 - C3 [144] Montage - 5,2D_fov_tiff_path/9905dd36_5500000013_63X_20190807_S2_P5_C3_annotations_corrected.tiff
1074,/allen/aics/assay-dev/MicroscopyData/Melissa/2019/20190807/63x_exports/20190807_M01_002_Capture 1 - Capture 1 - C3 [144] Montage - 6,2D_fov_tiff_path/a2cc22be_5500000013_63X_20190807_S2_P6_C3_annotations_corrected.tiff
1075,/allen/aics/assay-dev/MicroscopyData/Melissa/2019/20190807/63x_exports/20190807_M01_002_Capture 1 - Capture 1 - C3 [144] Montage - 7,2D_fov_tiff_path/ed3711a3_5500000013_63X_20190807_S2_P7_C3_annotations_corrected.tiff
1076,/allen/aics/assay-dev/MicroscopyData/Melissa/2019/20190807/63x_exports/20190807_M01_002_Capture 1 - Capture 1 - C3 [144] Montage - 8,2D_fov_tiff_path/e9703fc8_5500000013_63X_20190807_S2_P8_C3_annotations_corrected.tiff
1077,/allen/aics/assay-dev/MicroscopyData/Melissa/2019/20190807/63x_exports/20190807_M01_002_Capture 1 - Capture 1 - C3 [144] Montage - 9,2D_fov_tiff_path/ed8c65e0_5500000013_63X_20190807_S2_P9_C3_annotations_corrected.tiff
1078,/allen/aics/assay-dev/MicroscopyData/Melissa/2019/20190807/63x_exports/20190807_M01_002_Capture 1 - Capture 1 - C4 [144] Montage - 1,2D_fov_tiff_path/545c7a29_5500000013_63X_20190807_S2_P1_C4_annotations_corrected.tiff
1079,/allen/aics/assay-dev/MicroscopyData/Melissa/2019/20190807/63x_exports/20190807_M01_002_Capture 1 - Capture 1 - C4 [144] Montage - 10,2D_fov_tiff_path/160ccdb0_5500000013_63X_20190807_S2_P10_C4_annotations_corrected.tiff
1080,/allen/aics/assay-dev/MicroscopyData/Melissa/2019/20190807/63x_exports/20190807_M01_002_Capture 1 - Capture 1 - C4 [144] Montage - 11,2D_fov_tiff_path/566ad197_5500000013_63X_20190807_S2_P11_C4_annotations_corrected.tiff
1081,/allen/aics/assay-dev/MicroscopyData/Melissa/2019/20190807/63x_exports/20190807_M01_002_Capture 1 - Capture 1 - C4 [144] Montage - 12,2D_fov_tiff_path/f6b33719_5500000013_63X_20190807_S2_P12_C4_annotations_corrected.tiff
1082,/allen/aics/assay-dev/MicroscopyData/Melissa/2019/20190807/63x_exports/20190807_M01_002_Capture 1 - Capture 1 - C4 [144] Montage - 13,2D_fov_tiff_path/c086d454_5500000013_63X_20190807_S2_P13_C4_annotations_corrected.tiff
1083,/allen/aics/assay-dev/MicroscopyData/Melissa/2019/20190807/63x_exports/20190807_M01_002_Capture 1 - Capture 1 - C4 [144] Montage - 14,2D_fov_tiff_path/e91385f6_5500000013_63X_20190807_S2_P14_C4_annotations_corrected.tiff
1084,/allen/aics/assay-dev/MicroscopyData/Melissa/2019/20190807/63x_exports/20190807_M01_002_Capture 1 - Capture 1 - C4 [144] Montage - 15,2D_fov_tiff_path/d838a744_5500000013_63X_20190807_S2_P15_C4_annotations_corrected.tiff
1085,/allen/aics/assay-dev/MicroscopyData/Melissa/2019/20190807/63x_exports/20190807_M01_002_Capture 1 - Capture 1 - C4 [144] Montage - 16,2D_fov_tiff_path/d6e68986_5500000013_63X_20190807_S2_P16_C4_annotations_corrected.tiff
1086,/allen/aics/assay-dev/MicroscopyData/Melissa/2019/20190807/63x_exports/20190807_M01_002_Capture 1 - Capture 1 - C4 [144] Montage - 17,2D_fov_tiff_path/6f0d90c8_5500000013_63X_20190807_S2_P17_C4_annotations_corrected.tiff
1087,/allen/aics/assay-dev/MicroscopyData/Melissa/2019/20190807/63x_exports/20190807_M01_002_Capture 1 - Capture 1 - C4 [144] Montage - 18,2D_fov_tiff_path/7f1d36b6_5500000013_63X_20190807_S2_P18_C4_annotations_corrected.tiff
1088,/allen/aics/assay-dev/MicroscopyData/Melissa/2019/20190807/63x_exports/20190807_M01_002_Capture 1 - Capture 1 - C4 [144] Montage - 19,2D_fov_tiff_path/5b9dd9a6_5500000013_63X_20190807_S2_P19_C4_annotations_corrected.tiff
1089,/allen/aics/assay-dev/MicroscopyData/Melissa/2019/20190807/63x_exports/20190807_M01_002_Capture 1 - Capture 1 - C4 [144] Montage - 2,2D_fov_tiff_path/376f67ae_5500000013_63X_20190807_S2_P2_C4_annotations_corrected.tiff
1090,/allen/aics/assay-dev/MicroscopyData/Melissa/2019/20190807/63x_exports/20190807_M01_002_Capture 1 - Capture 1 - C4 [144] Montage - 20,2D_fov_tiff_path/78c31e0a_5500000013_63X_20190807_S2_P20_C4_annotations_corrected.tiff
1091,/allen/aics/assay-dev/MicroscopyData/Melissa/2019/20190807/63x_exports/20190807_M01_002_Capture 1 - Capture 1 - C4 [144] Montage - 21,2D_fov_tiff_path/03ba5cfc_5500000013_63X_20190807_S2_P21_C4_annotations_corrected.tiff
1092,/allen/aics/assay-dev/MicroscopyData/Melissa/2019/20190807/63x_exports/20190807_M01_002_Capture 1 - Capture 1 - C4 [144] Montage - 22,2D_fov_tiff_path/0d5bd8e2_5500000013_63X_20190807_S2_P22_C4_annotations_corrected.tiff
1093,/allen/aics/assay-dev/MicroscopyData/Melissa/2019/20190807/63x_exports/20190807_M01_002_Capture 1 - Capture 1 - C4 [144] Montage - 23,2D_fov_tiff_path/efafb2ba_5500000013_63X_20190807_S2_P23_C4_annotations_corrected.tiff
1094,/allen/aics/assay-dev/MicroscopyData/Melissa/2019/20190807/63x_exports/20190807_M01_002_Capture 1 - Capture 1 - C4 [144] Montage - 24,2D_fov_tiff_path/5b2fd377_5500000013_63X_20190807_S2_P24_C4_annotations_corrected.tiff
1095,/allen/aics/assay-dev/MicroscopyData/Melissa/2019/20190807/63x_exports/20190807_M01_002_Capture 1 - Capture 1 - C4 [144] Montage - 25,2D_fov_tiff_path/8d26e048_5500000013_63X_20190807_S2_P25_C4_annotations_corrected.tiff
1096,/allen/aics/assay-dev/MicroscopyData/Melissa/2019/20190807/63x_exports/20190807_M01_002_Capture 1 - Capture 1 - C4 [144] Montage - 26,2D_fov_tiff_path/9d2d90e8_5500000013_63X_20190807_S2_P26_C4_annotations_corrected.tiff
1097,/allen/aics/assay-dev/MicroscopyData/Melissa/2019/20190807/63x_exports/20190807_M01_002_Capture 1 - Capture 1 - C4 [144] Montage - 27,2D_fov_tiff_path/48831880_5500000013_63X_20190807_S2_P27_C4_annotations_corrected.tiff
1098,/allen/aics/assay-dev/MicroscopyData/Melissa/2019/20190807/63x_exports/20190807_M01_002_Capture 1 - Capture 1 - C4 [144] Montage - 28,2D_fov_tiff_path/50e6258b_5500000013_63X_20190807_S2_P28_C4_annotations_corrected.tiff
1099,/allen/aics/assay-dev/MicroscopyData/Melissa/2019/20190807/63x_exports/20190807_M01_002_Capture 1 - Capture 1 - C4 [144] Montage - 29,2D_fov_tiff_path/315dd838_5500000013_63X_20190807_S2_P29_C4_annotations_corrected.tiff
1100,/allen/aics/assay-dev/MicroscopyData/Melissa/2019/20190807/63x_exports/20190807_M01_002_Capture 1 - Capture 1 - C4 [144] Montage - 3,2D_fov_tiff_path/5403d520_5500000013_63X_20190807_S2_P3_C4_annotations_corrected.tiff
1101,/allen/aics/assay-dev/MicroscopyData/Melissa/2019/20190807/63x_exports/20190807_M01_002_Capture 1 - Capture 1 - C4 [144] Montage - 30,2D_fov_tiff_path/9b47eaac_5500000013_63X_20190807_S2_P30_C4_annotations_corrected.tiff
1102,/allen/aics/assay-dev/MicroscopyData/Melissa/2019/20190807/63x_exports/20190807_M01_002_Capture 1 - Capture 1 - C4 [144] Montage - 4,2D_fov_tiff_path/c03aca13_5500000013_63X_20190807_S2_P4_C4_annotations_corrected.tiff
1103,/allen/aics/assay-dev/MicroscopyData/Melissa/2019/20190807/63x_exports/20190807_M01_002_Capture 1 - Capture 1 - C4 [144] Montage - 5,2D_fov_tiff_path/7345ac38_5500000013_63X_20190807_S2_P5_C4_annotations_corrected.tiff
1104,/allen/aics/assay-dev/MicroscopyData/Melissa/2019/20190807/63x_exports/20190807_M01_002_Capture 1 - Capture 1 - C4 [144] Montage - 6,2D_fov_tiff_path/ba8d766f_5500000013_63X_20190807_S2_P6_C4_annotations_corrected.tiff
1105,/allen/aics/assay-dev/MicroscopyData/Melissa/2019/20190807/63x_exports/20190807_M01_002_Capture 1 - Capture 1 - C4 [144] Montage - 7,2D_fov_tiff_path/cf8ae2b5_5500000013_63X_20190807_S2_P7_C4_annotations_corrected.tiff
1106,/allen/aics/assay-dev/MicroscopyData/Melissa/2019/20190807/63x_exports/20190807_M01_002_Capture 1 - Capture 1 - C4 [144] Montage - 8,2D_fov_tiff_path/006167ed_5500000013_63X_20190807_S2_P8_C4_annotations_corrected.tiff
1107,/allen/aics/assay-dev/MicroscopyData/Melissa/2019/20190807/63x_exports/20190807_M01_002_Capture 1 - Capture 1 - C4 [144] Montage - 9,2D_fov_tiff_path/e68dcab7_5500000013_63X_20190807_S2_P9_C4_annotations_corrected.tiff
1108,/allen/aics/assay-dev/MicroscopyData/Melissa/2019/20190807/63x_exports/20190807_M01_002_Capture 1 - Capture 1 - C5 [144] Montage - 1,2D_fov_tiff_path/cfcbdaff_5500000013_63X_20190807_S2_P1_C5_annotations_corrected.tiff
1109,/allen/aics/assay-dev/MicroscopyData/Melissa/2019/20190807/63x_exports/20190807_M01_002_Capture 1 - Capture 1 - C5 [144] Montage - 10,2D_fov_tiff_path/873faed2_5500000013_63X_20190807_S2_P10_C5_annotations_corrected.tiff
1110,/allen/aics/assay-dev/MicroscopyData/Melissa/2019/20190807/63x_exports/20190807_M01_002_Capture 1 - Capture 1 - C5 [144] Montage - 11,2D_fov_tiff_path/2f578a96_5500000013_63X_20190807_S2_P11_C5_annotations_corrected.tiff
1111,/allen/aics/assay-dev/MicroscopyData/Melissa/2019/20190807/63x_exports/20190807_M01_002_Capture 1 - Capture 1 - C5 [144] Montage - 12,2D_fov_tiff_path/6d4dbf6f_5500000013_63X_20190807_S2_P12_C5_annotations_corrected.tiff
1112,/allen/aics/assay-dev/MicroscopyData/Melissa/2019/20190807/63x_exports/20190807_M01_002_Capture 1 - Capture 1 - C5 [144] Montage - 13,2D_fov_tiff_path/fabf91b9_5500000013_63X_20190807_S2_P13_C5_annotations_corrected.tiff
1113,/allen/aics/assay-dev/MicroscopyData/Melissa/2019/20190807/63x_exports/20190807_M01_002_Capture 1 - Capture 1 - C5 [144] Montage - 14,2D_fov_tiff_path/4aabecf8_5500000013_63X_20190807_S2_P14_C5_annotations_corrected.tiff
1114,/allen/aics/assay-dev/MicroscopyData/Melissa/2019/20190807/63x_exports/20190807_M01_002_Capture 1 - Capture 1 - C5 [144] Montage - 15,2D_fov_tiff_path/baf23a3e_5500000013_63X_20190807_S2_P15_C5_annotations_corrected.tiff
1115,/allen/aics/assay-dev/MicroscopyData/Melissa/2019/20190807/63x_exports/20190807_M01_002_Capture 1 - Capture 1 - C5 [144] Montage - 16,2D_fov_tiff_path/9797a59f_5500000013_63X_20190807_S2_P16_C5_annotations_corrected.tiff
1116,/allen/aics/assay-dev/MicroscopyData/Melissa/2019/20190807/63x_exports/20190807_M01_002_Capture 1 - Capture 1 - C5 [144] Montage - 17,2D_fov_tiff_path/57589cfb_5500000013_63X_20190807_S2_P17_C5_annotations_corrected.tiff
1117,/allen/aics/assay-dev/MicroscopyData/Melissa/2019/20190807/63x_exports/20190807_M01_002_Capture 1 - Capture 1 - C5 [144] Montage - 18,2D_fov_tiff_path/5e7cad65_5500000013_63X_20190807_S2_P18_C5_annotations_corrected.tiff
1118,/allen/aics/assay-dev/MicroscopyData/Melissa/2019/20190807/63x_exports/20190807_M01_002_Capture 1 - Capture 1 - C5 [144] Montage - 19,2D_fov_tiff_path/3b2cbd87_5500000013_63X_20190807_S2_P19_C5_annotations_corrected.tiff
1119,/allen/aics/assay-dev/MicroscopyData/Melissa/2019/20190807/63x_exports/20190807_M01_002_Capture 1 - Capture 1 - C5 [144] Montage - 2,2D_fov_tiff_path/29a60b72_5500000013_63X_20190807_S2_P2_C5_annotations_corrected.tiff
1120,/allen/aics/assay-dev/MicroscopyData/Melissa/2019/20190807/63x_exports/20190807_M01_002_Capture 1 - Capture 1 - C5 [144] Montage - 20,2D_fov_tiff_path/d35404e0_5500000013_63X_20190807_S2_P20_C5_annotations_corrected.tiff
1121,/allen/aics/assay-dev/MicroscopyData/Melissa/2019/20190807/63x_exports/20190807_M01_002_Capture 1 - Capture 1 - C5 [144] Montage - 21,2D_fov_tiff_path/7d01a8d6_5500000013_63X_20190807_S2_P21_C5_annotations_corrected.tiff
1122,/allen/aics/assay-dev/MicroscopyData/Melissa/2019/20190807/63x_exports/20190807_M01_002_Capture 1 - Capture 1 - C5 [144] Montage - 22,2D_fov_tiff_path/8d5c67f3_5500000013_63X_20190807_S2_P22_C5_annotations_corrected.tiff
1123,/allen/aics/assay-dev/MicroscopyData/Melissa/2019/20190807/63x_exports/20190807_M01_002_Capture 1 - Capture 1 - C5 [144] Montage - 23,2D_fov_tiff_path/d26ec308_5500000013_63X_20190807_S2_P23_C5_annotations_corrected.tiff
1124,/allen/aics/assay-dev/MicroscopyData/Melissa/2019/20190807/63x_exports/20190807_M01_002_Capture 1 - Capture 1 - C5 [144] Montage - 24,2D_fov_tiff_path/64718977_5500000013_63X_20190807_S2_P24_C5_annotations_corrected.tiff
1125,/allen/aics/assay-dev/MicroscopyData/Melissa/2019/20190807/63x_exports/20190807_M01_002_Capture 1 - Capture 1 - C5 [144] Montage - 25,2D_fov_tiff_path/84cece16_5500000013_63X_20190807_S2_P25_C5_annotations_corrected.tiff
1126,/allen/aics/assay-dev/MicroscopyData/Melissa/2019/20190807/63x_exports/20190807_M01_002_Capture 1 - Capture 1 - C5 [144] Montage - 26,2D_fov_tiff_path/3650fd88_5500000013_63X_20190807_S2_P26_C5_annotations_corrected.tiff
1127,/allen/aics/assay-dev/MicroscopyData/Melissa/2019/20190807/63x_exports/20190807_M01_002_Capture 1 - Capture 1 - C5 [144] Montage - 27,2D_fov_tiff_path/84cf6d6a_5500000013_63X_20190807_S2_P27_C5_annotations_corrected.tiff
1128,/allen/aics/assay-dev/MicroscopyData/Melissa/2019/20190807/63x_exports/20190807_M01_002_Capture 1 - Capture 1 - C5 [144] Montage - 28,2D_fov_tiff_path/4bf51778_5500000013_63X_20190807_S2_P28_C5_annotations_corrected.tiff
1129,/allen/aics/assay-dev/MicroscopyData/Melissa/2019/20190807/63x_exports/20190807_M01_002_Capture 1 - Capture 1 - C5 [144] Montage - 29,2D_fov_tiff_path/be108fb8_5500000013_63X_20190807_S2_P29_C5_annotations_corrected.tiff
1130,/allen/aics/assay-dev/MicroscopyData/Melissa/2019/20190807/63x_exports/20190807_M01_002_Capture 1 - Capture 1 - C5 [144] Montage - 3,2D_fov_tiff_path/056aa4fe_5500000013_63X_20190807_S2_P3_C5_annotations_corrected.tiff
1131,/allen/aics/assay-dev/MicroscopyData/Melissa/2019/20190807/63x_exports/20190807_M01_002_Capture 1 - Capture 1 - C5 [144] Montage - 30,2D_fov_tiff_path/7f9451f5_5500000013_63X_20190807_S2_P30_C5_annotations_corrected.tiff
1132,/allen/aics/assay-dev/MicroscopyData/Melissa/2019/20190807/63x_exports/20190807_M01_002_Capture 1 - Capture 1 - C5 [144] Montage - 4,2D_fov_tiff_path/1b97a0e6_5500000013_63X_20190807_S2_P4_C5_annotations_corrected.tiff
1133,/allen/aics/assay-dev/MicroscopyData/Melissa/2019/20190807/63x_exports/20190807_M01_002_Capture 1 - Capture 1 - C5 [144] Montage - 5,2D_fov_tiff_path/e58d7ec8_5500000013_63X_20190807_S2_P5_C5_annotations_corrected.tiff
1134,/allen/aics/assay-dev/MicroscopyData/Melissa/2019/20190807/63x_exports/20190807_M01_002_Capture 1 - Capture 1 - C5 [144] Montage - 6,2D_fov_tiff_path/01866d69_5500000013_63X_20190807_S2_P6_C5_annotations_corrected.tiff
1135,/allen/aics/assay-dev/MicroscopyData/Melissa/2019/20190807/63x_exports/20190807_M01_002_Capture 1 - Capture 1 - C5 [144] Montage - 7,2D_fov_tiff_path/9416e675_5500000013_63X_20190807_S2_P7_C5_annotations_corrected.tiff
1136,/allen/aics/assay-dev/MicroscopyData/Melissa/2019/20190807/63x_exports/20190807_M01_002_Capture 1 - Capture 1 - C5 [144] Montage - 8,2D_fov_tiff_path/c16f4bcc_5500000013_63X_20190807_S2_P8_C5_annotations_corrected.tiff
1137,/allen/aics/assay-dev/MicroscopyData/Melissa/2019/20190807/63x_exports/20190807_M01_002_Capture 1 - Capture 1 - C5 [144] Montage - 9,2D_fov_tiff_path/33cd7501_5500000013_63X_20190807_S2_P9_C5_annotations_corrected.tiff
1138,/allen/aics/assay-dev/MicroscopyData/Melissa/2019/20190816/63x_exports/20190816_M02_001_Capture 3 - Capture 3 - B2 [144] Montage - 1,2D_fov_tiff_path/cdb61392_5500000014_63X_20190816_S1_P1_B2_annotations_corrected.tiff
1139,/allen/aics/assay-dev/MicroscopyData/Melissa/2019/20190816/63x_exports/20190816_M02_001_Capture 3 - Capture 3 - B2 [144] Montage - 10,2D_fov_tiff_path/f7732fe0_5500000014_63X_20190816_S1_P10_B2_annotations_corrected.tiff
1140,/allen/aics/assay-dev/MicroscopyData/Melissa/2019/20190816/63x_exports/20190816_M02_001_Capture 3 - Capture 3 - B2 [144] Montage - 11,2D_fov_tiff_path/b0344f39_5500000014_63X_20190816_S1_P11_B2_annotations_corrected.tiff
1141,/allen/aics/assay-dev/MicroscopyData/Melissa/2019/20190816/63x_exports/20190816_M02_001_Capture 3 - Capture 3 - B2 [144] Montage - 12,2D_fov_tiff_path/ea25971a_5500000014_63X_20190816_S1_P12_B2_annotations_corrected.tiff
1142,/allen/aics/assay-dev/MicroscopyData/Melissa/2019/20190816/63x_exports/20190816_M02_001_Capture 3 - Capture 3 - B2 [144] Montage - 13,2D_fov_tiff_path/5ca82b25_5500000014_63X_20190816_S1_P13_B2_annotations_corrected.tiff
1143,/allen/aics/assay-dev/MicroscopyData/Melissa/2019/20190816/63x_exports/20190816_M02_001_Capture 3 - Capture 3 - B2 [144] Montage - 14,2D_fov_tiff_path/ea5cb354_5500000014_63X_20190816_S1_P14_B2_annotations_corrected.tiff
1144,/allen/aics/assay-dev/MicroscopyData/Melissa/2019/20190816/63x_exports/20190816_M02_001_Capture 3 - Capture 3 - B2 [144] Montage - 15,2D_fov_tiff_path/2d7742a1_5500000014_63X_20190816_S1_P15_B2_annotations_corrected.tiff
1145,/allen/aics/assay-dev/MicroscopyData/Melissa/2019/20190816/63x_exports/20190816_M02_001_Capture 3 - Capture 3 - B2 [144] Montage - 16,2D_fov_tiff_path/5ddd9ebd_5500000014_63X_20190816_S1_P16_B2_annotations_corrected.tiff
1146,/allen/aics/assay-dev/MicroscopyData/Melissa/2019/20190816/63x_exports/20190816_M02_001_Capture 3 - Capture 3 - B2 [144] Montage - 17,2D_fov_tiff_path/c395b4de_5500000014_63X_20190816_S1_P17_B2_annotations_corrected.tiff
1147,/allen/aics/assay-dev/MicroscopyData/Melissa/2019/20190816/63x_exports/20190816_M02_001_Capture 3 - Capture 3 - B2 [144] Montage - 18,2D_fov_tiff_path/ec5f7ef2_5500000014_63X_20190816_S1_P18_B2_annotations_corrected.tiff
1148,/allen/aics/assay-dev/MicroscopyData/Melissa/2019/20190816/63x_exports/20190816_M02_001_Capture 3 - Capture 3 - B2 [144] Montage - 19,2D_fov_tiff_path/a1d4593b_5500000014_63X_20190816_S1_P19_B2_annotations_corrected.tiff
1149,/allen/aics/assay-dev/MicroscopyData/Melissa/2019/20190816/63x_exports/20190816_M02_001_Capture 3 - Capture 3 - B2 [144] Montage - 2,2D_fov_tiff_path/80954f86_5500000014_63X_20190816_S1_P2_B2_annotations_corrected.tiff
1150,/allen/aics/assay-dev/MicroscopyData/Melissa/2019/20190816/63x_exports/20190816_M02_001_Capture 3 - Capture 3 - B2 [144] Montage - 20,2D_fov_tiff_path/a5a08baa_5500000014_63X_20190816_S1_P20_B2_annotations_corrected.tiff
1151,/allen/aics/assay-dev/MicroscopyData/Melissa/2019/20190816/63x_exports/20190816_M02_001_Capture 3 - Capture 3 - B2 [144] Montage - 21,2D_fov_tiff_path/7049556e_5500000014_63X_20190816_S1_P21_B2_annotations_corrected.tiff
1152,/allen/aics/assay-dev/MicroscopyData/Melissa/2019/20190816/63x_exports/20190816_M02_001_Capture 3 - Capture 3 - B2 [144] Montage - 22,2D_fov_tiff_path/37db4d30_5500000014_63X_20190816_S1_P22_B2_annotations_corrected.tiff
1153,/allen/aics/assay-dev/MicroscopyData/Melissa/2019/20190816/63x_exports/20190816_M02_001_Capture 3 - Capture 3 - B2 [144] Montage - 23,2D_fov_tiff_path/260f3a5c_5500000014_63X_20190816_S1_P23_B2_annotations_corrected.tiff
1154,/allen/aics/assay-dev/MicroscopyData/Melissa/2019/20190816/63x_exports/20190816_M02_001_Capture 3 - Capture 3 - B2 [144] Montage - 24,2D_fov_tiff_path/cdeafc05_5500000014_63X_20190816_S1_P24_B2_annotations_corrected.tiff
1155,/allen/aics/assay-dev/MicroscopyData/Melissa/2019/20190816/63x_exports/20190816_M02_001_Capture 3 - Capture 3 - B2 [144] Montage - 25,2D_fov_tiff_path/e0e23214_5500000014_63X_20190816_S1_P25_B2_annotations_corrected.tiff
1156,/allen/aics/assay-dev/MicroscopyData/Melissa/2019/20190816/63x_exports/20190816_M02_001_Capture 3 - Capture 3 - B2 [144] Montage - 26,2D_fov_tiff_path/f512a4ce_5500000014_63X_20190816_S1_P26_B2_annotations_corrected.tiff
1157,/allen/aics/assay-dev/MicroscopyData/Melissa/2019/20190816/63x_exports/20190816_M02_001_Capture 3 - Capture 3 - B2 [144] Montage - 27,2D_fov_tiff_path/3959d962_5500000014_63X_20190816_S1_P27_B2_annotations_corrected.tiff
1158,/allen/aics/assay-dev/MicroscopyData/Melissa/2019/20190816/63x_exports/20190816_M02_001_Capture 3 - Capture 3 - B2 [144] Montage - 28,2D_fov_tiff_path/b9edeafb_5500000014_63X_20190816_S1_P28_B2_annotations_corrected.tiff
1159,/allen/aics/assay-dev/MicroscopyData/Melissa/2019/20190816/63x_exports/20190816_M02_001_Capture 3 - Capture 3 - B2 [144] Montage - 29,2D_fov_tiff_path/26a6250d_5500000014_63X_20190816_S1_P29_B2_annotations_corrected.tiff
1160,/allen/aics/assay-dev/MicroscopyData/Melissa/2019/20190816/63x_exports/20190816_M02_001_Capture 3 - Capture 3 - B2 [144] Montage - 3,2D_fov_tiff_path/92dbf0f6_5500000014_63X_20190816_S1_P3_B2_annotations_corrected.tiff
1161,/allen/aics/assay-dev/MicroscopyData/Melissa/2019/20190816/63x_exports/20190816_M02_001_Capture 3 - Capture 3 - B2 [144] Montage - 30,2D_fov_tiff_path/9f7b124b_5500000014_63X_20190816_S1_P30_B2_annotations_corrected.tiff
1162,/allen/aics/assay-dev/MicroscopyData/Melissa/2019/20190816/63x_exports/20190816_M02_001_Capture 3 - Capture 3 - B2 [144] Montage - 4,2D_fov_tiff_path/338f0163_5500000014_63X_20190816_S1_P4_B2_annotations_corrected.tiff
1163,/allen/aics/assay-dev/MicroscopyData/Melissa/2019/20190816/63x_exports/20190816_M02_001_Capture 3 - Capture 3 - B2 [144] Montage - 5,2D_fov_tiff_path/f3f32508_5500000014_63X_20190816_S1_P5_B2_annotations_corrected.tiff
1164,/allen/aics/assay-dev/MicroscopyData/Melissa/2019/20190816/63x_exports/20190816_M02_001_Capture 3 - Capture 3 - B2 [144] Montage - 6,2D_fov_tiff_path/bf2b8972_5500000014_63X_20190816_S1_P6_B2_annotations_corrected.tiff
1165,/allen/aics/assay-dev/MicroscopyData/Melissa/2019/20190816/63x_exports/20190816_M02_001_Capture 3 - Capture 3 - B2 [144] Montage - 7,2D_fov_tiff_path/da88d949_5500000014_63X_20190816_S1_P7_B2_annotations_corrected.tiff
1166,/allen/aics/assay-dev/MicroscopyData/Melissa/2019/20190816/63x_exports/20190816_M02_001_Capture 3 - Capture 3 - B2 [144] Montage - 8,2D_fov_tiff_path/46395b62_5500000014_63X_20190816_S1_P8_B2_annotations_corrected.tiff
1167,/allen/aics/assay-dev/MicroscopyData/Melissa/2019/20190816/63x_exports/20190816_M02_001_Capture 3 - Capture 3 - B2 [144] Montage - 9,2D_fov_tiff_path/09ef9dc5_5500000014_63X_20190816_S1_P9_B2_annotations_corrected.tiff
1168,/allen/aics/assay-dev/MicroscopyData/Melissa/2019/20190816/63x_exports/20190816_M02_001_Capture 3 - Capture 3 - B3 [144] Montage - 1,2D_fov_tiff_path/8281bd07_5500000014_63X_20190816_S1_P1_B3_annotations_corrected.tiff
1169,/allen/aics/assay-dev/MicroscopyData/Melissa/2019/20190816/63x_exports/20190816_M02_001_Capture 3 - Capture 3 - B3 [144] Montage - 10,2D_fov_tiff_path/7c2b444b_5500000014_63X_20190816_S1_P10_B3_annotations_corrected.tiff
1170,/allen/aics/assay-dev/MicroscopyData/Melissa/2019/20190816/63x_exports/20190816_M02_001_Capture 3 - Capture 3 - B3 [144] Montage - 11,2D_fov_tiff_path/c1edf6c6_5500000014_63X_20190816_S1_P11_B3_annotations_corrected.tiff
1171,/allen/aics/assay-dev/MicroscopyData/Melissa/2019/20190816/63x_exports/20190816_M02_001_Capture 3 - Capture 3 - B3 [144] Montage - 12,2D_fov_tiff_path/5bf3e826_5500000014_63X_20190816_S1_P12_B3_annotations_corrected.tiff
1172,/allen/aics/assay-dev/MicroscopyData/Melissa/2019/20190816/63x_exports/20190816_M02_001_Capture 3 - Capture 3 - B3 [144] Montage - 13,2D_fov_tiff_path/ea2ad349_5500000014_63X_20190816_S1_P13_B3_annotations_corrected.tiff
1173,/allen/aics/assay-dev/MicroscopyData/Melissa/2019/20190816/63x_exports/20190816_M02_001_Capture 3 - Capture 3 - B3 [144] Montage - 14,2D_fov_tiff_path/9dc95644_5500000014_63X_20190816_S1_P14_B3_annotations_corrected.tiff
1174,/allen/aics/assay-dev/MicroscopyData/Melissa/2019/20190816/63x_exports/20190816_M02_001_Capture 3 - Capture 3 - B3 [144] Montage - 15,2D_fov_tiff_path/5f7dab74_5500000014_63X_20190816_S1_P15_B3_annotations_corrected.tiff
1175,/allen/aics/assay-dev/MicroscopyData/Melissa/2019/20190816/63x_exports/20190816_M02_001_Capture 3 - Capture 3 - B3 [144] Montage - 16,2D_fov_tiff_path/0477c680_5500000014_63X_20190816_S1_P16_B3_annotations_corrected.tiff
1176,/allen/aics/assay-dev/MicroscopyData/Melissa/2019/20190816/63x_exports/20190816_M02_001_Capture 3 - Capture 3 - B3 [144] Montage - 17,2D_fov_tiff_path/7ba9fe22_5500000014_63X_20190816_S1_P17_B3_annotations_corrected.tiff
1177,/allen/aics/assay-dev/MicroscopyData/Melissa/2019/20190816/63x_exports/20190816_M02_001_Capture 3 - Capture 3 - B3 [144] Montage - 18,2D_fov_tiff_path/12059438_5500000014_63X_20190816_S1_P18_B3_annotations_corrected.tiff
1178,/allen/aics/assay-dev/MicroscopyData/Melissa/2019/20190816/63x_exports/20190816_M02_001_Capture 3 - Capture 3 - B3 [144] Montage - 19,2D_fov_tiff_path/f954479c_5500000014_63X_20190816_S1_P19_B3_annotations_corrected.tiff
1179,/allen/aics/assay-dev/MicroscopyData/Melissa/2019/20190816/63x_exports/20190816_M02_001_Capture 3 - Capture 3 - B3 [144] Montage - 2,2D_fov_tiff_path/bcf7fa2b_5500000014_63X_20190816_S1_P2_B3_annotations_corrected.tiff
1180,/allen/aics/assay-dev/MicroscopyData/Melissa/2019/20190816/63x_exports/20190816_M02_001_Capture 3 - Capture 3 - B3 [144] Montage - 20,2D_fov_tiff_path/76abaf7d_5500000014_63X_20190816_S1_P20_B3_annotations_corrected.tiff
1181,/allen/aics/assay-dev/MicroscopyData/Melissa/2019/20190816/63x_exports/20190816_M02_001_Capture 3 - Capture 3 - B3 [144] Montage - 21,2D_fov_tiff_path/9e821f25_5500000014_63X_20190816_S1_P21_B3_annotations_corrected.tiff
1182,/allen/aics/assay-dev/MicroscopyData/Melissa/2019/20190816/63x_exports/20190816_M02_001_Capture 3 - Capture 3 - B3 [144] Montage - 22,2D_fov_tiff_path/ac71dc05_5500000014_63X_20190816_S1_P22_B3_annotations_corrected.tiff
1183,/allen/aics/assay-dev/MicroscopyData/Melissa/2019/20190816/63x_exports/20190816_M02_001_Capture 3 - Capture 3 - B3 [144] Montage - 23,2D_fov_tiff_path/a6e94ecf_5500000014_63X_20190816_S1_P23_B3_annotations_corrected.tiff
1184,/allen/aics/assay-dev/MicroscopyData/Melissa/2019/20190816/63x_exports/20190816_M02_001_Capture 3 - Capture 3 - B3 [144] Montage - 24,2D_fov_tiff_path/a4b8648c_5500000014_63X_20190816_S1_P24_B3_annotations_corrected.tiff
1185,/allen/aics/assay-dev/MicroscopyData/Melissa/2019/20190816/63x_exports/20190816_M02_001_Capture 3 - Capture 3 - B3 [144] Montage - 25,2D_fov_tiff_path/1cfd632f_5500000014_63X_20190816_S1_P25_B3_annotations_corrected.tiff
1186,/allen/aics/assay-dev/MicroscopyData/Melissa/2019/20190816/63x_exports/20190816_M02_001_Capture 3 - Capture 3 - B3 [144] Montage - 26,2D_fov_tiff_path/50c0d845_5500000014_63X_20190816_S1_P26_B3_annotations_corrected.tiff
1187,/allen/aics/assay-dev/MicroscopyData/Melissa/2019/20190816/63x_exports/20190816_M02_001_Capture 3 - Capture 3 - B3 [144] Montage - 27,2D_fov_tiff_path/f291b1be_5500000014_63X_20190816_S1_P27_B3_annotations_corrected.tiff
1188,/allen/aics/assay-dev/MicroscopyData/Melissa/2019/20190816/63x_exports/20190816_M02_001_Capture 3 - Capture 3 - B3 [144] Montage - 28,2D_fov_tiff_path/33bb3d0f_5500000014_63X_20190816_S1_P28_B3_annotations_corrected.tiff
1189,/allen/aics/assay-dev/MicroscopyData/Melissa/2019/20190816/63x_exports/20190816_M02_001_Capture 3 - Capture 3 - B3 [144] Montage - 29,2D_fov_tiff_path/af14d80e_5500000014_63X_20190816_S1_P29_B3_annotations_corrected.tiff
1190,/allen/aics/assay-dev/MicroscopyData/Melissa/2019/20190816/63x_exports/20190816_M02_001_Capture 3 - Capture 3 - B3 [144] Montage - 3,2D_fov_tiff_path/264d99f0_5500000014_63X_20190816_S1_P3_B3_annotations_corrected.tiff
1191,/allen/aics/assay-dev/MicroscopyData/Melissa/2019/20190816/63x_exports/20190816_M02_001_Capture 3 - Capture 3 - B3 [144] Montage - 30,2D_fov_tiff_path/622d3fb1_5500000014_63X_20190816_S1_P30_B3_annotations_corrected.tiff
1192,/allen/aics/assay-dev/MicroscopyData/Melissa/2019/20190816/63x_exports/20190816_M02_001_Capture 3 - Capture 3 - B3 [144] Montage - 4,2D_fov_tiff_path/2ae541e0_5500000014_63X_20190816_S1_P4_B3_annotations_corrected.tiff
1193,/allen/aics/assay-dev/MicroscopyData/Melissa/2019/20190816/63x_exports/20190816_M02_001_Capture 3 - Capture 3 - B3 [144] Montage - 5,2D_fov_tiff_path/75822464_5500000014_63X_20190816_S1_P5_B3_annotations_corrected.tiff
1194,/allen/aics/assay-dev/MicroscopyData/Melissa/2019/20190816/63x_exports/20190816_M02_001_Capture 3 - Capture 3 - B3 [144] Montage - 6,2D_fov_tiff_path/cef5026d_5500000014_63X_20190816_S1_P6_B3_annotations_corrected.tiff
1195,/allen/aics/assay-dev/MicroscopyData/Melissa/2019/20190816/63x_exports/20190816_M02_001_Capture 3 - Capture 3 - B3 [144] Montage - 7,2D_fov_tiff_path/9a42c2fa_5500000014_63X_20190816_S1_P7_B3_annotations_corrected.tiff
1196,/allen/aics/assay-dev/MicroscopyData/Melissa/2019/20190816/63x_exports/20190816_M02_001_Capture 3 - Capture 3 - B3 [144] Montage - 8,2D_fov_tiff_path/3cecac78_5500000014_63X_20190816_S1_P8_B3_annotations_corrected.tiff
1197,/allen/aics/assay-dev/MicroscopyData/Melissa/2019/20190816/63x_exports/20190816_M02_001_Capture 3 - Capture 3 - B3 [144] Montage - 9,2D_fov_tiff_path/9887d54f_5500000014_63X_20190816_S1_P9_B3_annotations_corrected.tiff
1198,/allen/aics/assay-dev/MicroscopyData/Melissa/2019/20190816/63x_exports/20190816_M02_001_Capture 3 - Capture 3 - B4 [144] Montage - 1,2D_fov_tiff_path/aa446f5b_5500000014_63X_20190816_S1_P1_B4_annotations_corrected.tiff
1199,/allen/aics/assay-dev/MicroscopyData/Melissa/2019/20190816/63x_exports/20190816_M02_001_Capture 3 - Capture 3 - B4 [144] Montage - 10,2D_fov_tiff_path/7b3a79c8_5500000014_63X_20190816_S1_P10_B4_annotations_corrected.tiff
1200,/allen/aics/assay-dev/MicroscopyData/Melissa/2019/20190816/63x_exports/20190816_M02_001_Capture 3 - Capture 3 - B4 [144] Montage - 11,2D_fov_tiff_path/56ebb8eb_5500000014_63X_20190816_S1_P11_B4_annotations_corrected.tiff
1201,/allen/aics/assay-dev/MicroscopyData/Melissa/2019/20190816/63x_exports/20190816_M02_001_Capture 3 - Capture 3 - B4 [144] Montage - 12,2D_fov_tiff_path/575b9ad0_5500000014_63X_20190816_S1_P12_B4_annotations_corrected.tiff
1202,/allen/aics/assay-dev/MicroscopyData/Melissa/2019/20190816/63x_exports/20190816_M02_001_Capture 3 - Capture 3 - B4 [144] Montage - 13,2D_fov_tiff_path/c204b1dc_5500000014_63X_20190816_S1_P13_B4_annotations_corrected.tiff
1203,/allen/aics/assay-dev/MicroscopyData/Melissa/2019/20190816/63x_exports/20190816_M02_001_Capture 3 - Capture 3 - B4 [144] Montage - 14,2D_fov_tiff_path/32c432b4_5500000014_63X_20190816_S1_P14_B4_annotations_corrected.tiff
1204,/allen/aics/assay-dev/MicroscopyData/Melissa/2019/20190816/63x_exports/20190816_M02_001_Capture 3 - Capture 3 - B4 [144] Montage - 15,2D_fov_tiff_path/9c20c66d_5500000014_63X_20190816_S1_P15_B4_annotations_corrected.tiff
1205,/allen/aics/assay-dev/MicroscopyData/Melissa/2019/20190816/63x_exports/20190816_M02_001_Capture 3 - Capture 3 - B4 [144] Montage - 16,2D_fov_tiff_path/8fef4ca1_5500000014_63X_20190816_S1_P16_B4_annotations_corrected.tiff
1206,/allen/aics/assay-dev/MicroscopyData/Melissa/2019/20190816/63x_exports/20190816_M02_001_Capture 3 - Capture 3 - B4 [144] Montage - 17,2D_fov_tiff_path/61834afd_5500000014_63X_20190816_S1_P17_B4_annotations_corrected.tiff
1207,/allen/aics/assay-dev/MicroscopyData/Melissa/2019/20190816/63x_exports/20190816_M02_001_Capture 3 - Capture 3 - B4 [144] Montage - 18,2D_fov_tiff_path/17ac4f6f_5500000014_63X_20190816_S1_P18_B4_annotations_corrected.tiff
1208,/allen/aics/assay-dev/MicroscopyData/Melissa/2019/20190816/63x_exports/20190816_M02_001_Capture 3 - Capture 3 - B4 [144] Montage - 19,2D_fov_tiff_path/5605f259_5500000014_63X_20190816_S1_P19_B4_annotations_corrected.tiff
1209,/allen/aics/assay-dev/MicroscopyData/Melissa/2019/20190816/63x_exports/20190816_M02_001_Capture 3 - Capture 3 - B4 [144] Montage - 2,2D_fov_tiff_path/1ab61b0e_5500000014_63X_20190816_S1_P2_B4_annotations_corrected.tiff
1210,/allen/aics/assay-dev/MicroscopyData/Melissa/2019/20190816/63x_exports/20190816_M02_001_Capture 3 - Capture 3 - B4 [144] Montage - 20,2D_fov_tiff_path/e66a961f_5500000014_63X_20190816_S1_P20_B4_annotations_corrected.tiff
1211,/allen/aics/assay-dev/MicroscopyData/Melissa/2019/20190816/63x_exports/20190816_M02_001_Capture 3 - Capture 3 - B4 [144] Montage - 21,2D_fov_tiff_path/74e0f790_5500000014_63X_20190816_S1_P21_B4_annotations_corrected.tiff
1212,/allen/aics/assay-dev/MicroscopyData/Melissa/2019/20190816/63x_exports/20190816_M02_001_Capture 3 - Capture 3 - B4 [144] Montage - 22,2D_fov_tiff_path/44937962_5500000014_63X_20190816_S1_P22_B4_annotations_corrected.tiff
1213,/allen/aics/assay-dev/MicroscopyData/Melissa/2019/20190816/63x_exports/20190816_M02_001_Capture 3 - Capture 3 - B4 [144] Montage - 23,2D_fov_tiff_path/3dc13480_5500000014_63X_20190816_S1_P23_B4_annotations_corrected.tiff
1214,/allen/aics/assay-dev/MicroscopyData/Melissa/2019/20190816/63x_exports/20190816_M02_001_Capture 3 - Capture 3 - B4 [144] Montage - 24,2D_fov_tiff_path/86fc464a_5500000014_63X_20190816_S1_P24_B4_annotations_corrected.tiff
1215,/allen/aics/assay-dev/MicroscopyData/Melissa/2019/20190816/63x_exports/20190816_M02_001_Capture 3 - Capture 3 - B4 [144] Montage - 25,2D_fov_tiff_path/3db25077_5500000014_63X_20190816_S1_P25_B4_annotations_corrected.tiff
1216,/allen/aics/assay-dev/MicroscopyData/Melissa/2019/20190816/63x_exports/20190816_M02_001_Capture 3 - Capture 3 - B4 [144] Montage - 26,2D_fov_tiff_path/9343a58f_5500000014_63X_20190816_S1_P26_B4_annotations_corrected.tiff
1217,/allen/aics/assay-dev/MicroscopyData/Melissa/2019/20190816/63x_exports/20190816_M02_001_Capture 3 - Capture 3 - B4 [144] Montage - 27,2D_fov_tiff_path/e9264983_5500000014_63X_20190816_S1_P27_B4_annotations_corrected.tiff
1218,/allen/aics/assay-dev/MicroscopyData/Melissa/2019/20190816/63x_exports/20190816_M02_001_Capture 3 - Capture 3 - B4 [144] Montage - 28,2D_fov_tiff_path/749f2cfb_5500000014_63X_20190816_S1_P28_B4_annotations_corrected.tiff
1219,/allen/aics/assay-dev/MicroscopyData/Melissa/2019/20190816/63x_exports/20190816_M02_001_Capture 3 - Capture 3 - B4 [144] Montage - 29,2D_fov_tiff_path/546a0769_5500000014_63X_20190816_S1_P29_B4_annotations_corrected.tiff
1220,/allen/aics/assay-dev/MicroscopyData/Melissa/2019/20190816/63x_exports/20190816_M02_001_Capture 3 - Capture 3 - B4 [144] Montage - 3,2D_fov_tiff_path/04b17827_5500000014_63X_20190816_S1_P3_B4_annotations_corrected.tiff
1221,/allen/aics/assay-dev/MicroscopyData/Melissa/2019/20190816/63x_exports/20190816_M02_001_Capture 3 - Capture 3 - B4 [144] Montage - 30,2D_fov_tiff_path/35e9580c_5500000014_63X_20190816_S1_P30_B4_annotations_corrected.tiff
1222,/allen/aics/assay-dev/MicroscopyData/Melissa/2019/20190816/63x_exports/20190816_M02_001_Capture 3 - Capture 3 - B4 [144] Montage - 4,2D_fov_tiff_path/302aaed5_5500000014_63X_20190816_S1_P4_B4_annotations_corrected.tiff
1223,/allen/aics/assay-dev/MicroscopyData/Melissa/2019/20190816/63x_exports/20190816_M02_001_Capture 3 - Capture 3 - B4 [144] Montage - 5,2D_fov_tiff_path/ff28b9d3_5500000014_63X_20190816_S1_P5_B4_annotations_corrected.tiff
1224,/allen/aics/assay-dev/MicroscopyData/Melissa/2019/20190816/63x_exports/20190816_M02_001_Capture 3 - Capture 3 - B4 [144] Montage - 6,2D_fov_tiff_path/929bc1a3_5500000014_63X_20190816_S1_P6_B4_annotations_corrected.tiff
1225,/allen/aics/assay-dev/MicroscopyData/Melissa/2019/20190816/63x_exports/20190816_M02_001_Capture 3 - Capture 3 - B4 [144] Montage - 7,2D_fov_tiff_path/b0a983cc_5500000014_63X_20190816_S1_P7_B4_annotations_corrected.tiff
1226,/allen/aics/assay-dev/MicroscopyData/Melissa/2019/20190816/63x_exports/20190816_M02_001_Capture 3 - Capture 3 - B4 [144] Montage - 8,2D_fov_tiff_path/58b9668e_5500000014_63X_20190816_S1_P8_B4_annotations_corrected.tiff
1227,/allen/aics/assay-dev/MicroscopyData/Melissa/2019/20190816/63x_exports/20190816_M02_001_Capture 3 - Capture 3 - B4 [144] Montage - 9,2D_fov_tiff_path/3121c605_5500000014_63X_20190816_S1_P9_B4_annotations_corrected.tiff
1228,/allen/aics/assay-dev/MicroscopyData/Melissa/2019/20190816/63x_exports/20190816_M02_001_Capture 3 - Capture 3 - B5 [144] Montage - 1,2D_fov_tiff_path/7110aeab_5500000014_63X_20190816_S1_P1_B5_annotations_corrected.tiff
1229,/allen/aics/assay-dev/MicroscopyData/Melissa/2019/20190816/63x_exports/20190816_M02_001_Capture 3 - Capture 3 - B5 [144] Montage - 10,2D_fov_tiff_path/a15046b9_5500000014_63X_20190816_S1_P10_B5_annotations_corrected.tiff
1230,/allen/aics/assay-dev/MicroscopyData/Melissa/2019/20190816/63x_exports/20190816_M02_001_Capture 3 - Capture 3 - B5 [144] Montage - 11,2D_fov_tiff_path/f05c98e7_5500000014_63X_20190816_S1_P11_B5_annotations_corrected.tiff
1231,/allen/aics/assay-dev/MicroscopyData/Melissa/2019/20190816/63x_exports/20190816_M02_001_Capture 3 - Capture 3 - B5 [144] Montage - 12,2D_fov_tiff_path/2e90f1e2_5500000014_63X_20190816_S1_P12_B5_annotations_corrected.tiff
1232,/allen/aics/assay-dev/MicroscopyData/Melissa/2019/20190816/63x_exports/20190816_M02_001_Capture 3 - Capture 3 - B5 [144] Montage - 13,2D_fov_tiff_path/815b869f_5500000014_63X_20190816_S1_P13_B5_annotations_corrected.tiff
1233,/allen/aics/assay-dev/MicroscopyData/Melissa/2019/20190816/63x_exports/20190816_M02_001_Capture 3 - Capture 3 - B5 [144] Montage - 14,2D_fov_tiff_path/4ca82c5a_5500000014_63X_20190816_S1_P14_B5_annotations_corrected.tiff
1234,/allen/aics/assay-dev/MicroscopyData/Melissa/2019/20190816/63x_exports/20190816_M02_001_Capture 3 - Capture 3 - B5 [144] Montage - 15,2D_fov_tiff_path/c8aa2331_5500000014_63X_20190816_S1_P15_B5_annotations_corrected.tiff
1235,/allen/aics/assay-dev/MicroscopyData/Melissa/2019/20190816/63x_exports/20190816_M02_001_Capture 3 - Capture 3 - B5 [144] Montage - 16,2D_fov_tiff_path/06433a48_5500000014_63X_20190816_S1_P16_B5_annotations_corrected.tiff
1236,/allen/aics/assay-dev/MicroscopyData/Melissa/2019/20190816/63x_exports/20190816_M02_001_Capture 3 - Capture 3 - B5 [144] Montage - 17,2D_fov_tiff_path/b0d92ca1_5500000014_63X_20190816_S1_P17_B5_annotations_corrected.tiff
1237,/allen/aics/assay-dev/MicroscopyData/Melissa/2019/20190816/63x_exports/20190816_M02_001_Capture 3 - Capture 3 - B5 [144] Montage - 18,2D_fov_tiff_path/d98720be_5500000014_63X_20190816_S1_P18_B5_annotations_corrected.tiff
1238,/allen/aics/assay-dev/MicroscopyData/Melissa/2019/20190816/63x_exports/20190816_M02_001_Capture 3 - Capture 3 - B5 [144] Montage - 19,2D_fov_tiff_path/f87c5a49_5500000014_63X_20190816_S1_P19_B5_annotations_corrected.tiff
1239,/allen/aics/assay-dev/MicroscopyData/Melissa/2019/20190816/63x_exports/20190816_M02_001_Capture 3 - Capture 3 - B5 [144] Montage - 2,2D_fov_tiff_path/f0235e31_5500000014_63X_20190816_S1_P2_B5_annotations_corrected.tiff
1240,/allen/aics/assay-dev/MicroscopyData/Melissa/2019/20190816/63x_exports/20190816_M02_001_Capture 3 - Capture 3 - B5 [144] Montage - 20,2D_fov_tiff_path/5a8dc605_5500000014_63X_20190816_S1_P20_B5_annotations_corrected.tiff
1241,/allen/aics/assay-dev/MicroscopyData/Melissa/2019/20190816/63x_exports/20190816_M02_001_Capture 3 - Capture 3 - B5 [144] Montage - 21,2D_fov_tiff_path/6a7839b6_5500000014_63X_20190816_S1_P21_B5_annotations_corrected.tiff
1242,/allen/aics/assay-dev/MicroscopyData/Melissa/2019/20190816/63x_exports/20190816_M02_001_Capture 3 - Capture 3 - B5 [144] Montage - 22,2D_fov_tiff_path/62aa425e_5500000014_63X_20190816_S1_P22_B5_annotations_corrected.tiff
1243,/allen/aics/assay-dev/MicroscopyData/Melissa/2019/20190816/63x_exports/20190816_M02_001_Capture 3 - Capture 3 - B5 [144] Montage - 23,2D_fov_tiff_path/17cdb4c4_5500000014_63X_20190816_S1_P23_B5_annotations_corrected.tiff
1244,/allen/aics/assay-dev/MicroscopyData/Melissa/2019/20190816/63x_exports/20190816_M02_001_Capture 3 - Capture 3 - B5 [144] Montage - 24,2D_fov_tiff_path/73e8ee57_5500000014_63X_20190816_S1_P24_B5_annotations_corrected.tiff
1245,/allen/aics/assay-dev/MicroscopyData/Melissa/2019/20190816/63x_exports/20190816_M02_001_Capture 3 - Capture 3 - B5 [144] Montage - 25,2D_fov_tiff_path/e4c42f54_5500000014_63X_20190816_S1_P25_B5_annotations_corrected.tiff
1246,/allen/aics/assay-dev/MicroscopyData/Melissa/2019/20190816/63x_exports/20190816_M02_001_Capture 3 - Capture 3 - B5 [144] Montage - 26,2D_fov_tiff_path/784e33df_5500000014_63X_20190816_S1_P26_B5_annotations_corrected.tiff
1247,/allen/aics/assay-dev/MicroscopyData/Melissa/2019/20190816/63x_exports/20190816_M02_001_Capture 3 - Capture 3 - B5 [144] Montage - 27,2D_fov_tiff_path/b061705d_5500000014_63X_20190816_S1_P27_B5_annotations_corrected.tiff
1248,/allen/aics/assay-dev/MicroscopyData/Melissa/2019/20190816/63x_exports/20190816_M02_001_Capture 3 - Capture 3 - B5 [144] Montage - 28,2D_fov_tiff_path/775387f2_5500000014_63X_20190816_S1_P28_B5_annotations_corrected.tiff
1249,/allen/aics/assay-dev/MicroscopyData/Melissa/2019/20190816/63x_exports/20190816_M02_001_Capture 3 - Capture 3 - B5 [144] Montage - 29,2D_fov_tiff_path/f573852d_5500000014_63X_20190816_S1_P29_B5_annotations_corrected.tiff
1250,/allen/aics/assay-dev/MicroscopyData/Melissa/2019/20190816/63x_exports/20190816_M02_001_Capture 3 - Capture 3 - B5 [144] Montage - 3,2D_fov_tiff_path/bbb471a3_5500000014_63X_20190816_S1_P3_B5_annotations_corrected.tiff
1251,/allen/aics/assay-dev/MicroscopyData/Melissa/2019/20190816/63x_exports/20190816_M02_001_Capture 3 - Capture 3 - B5 [144] Montage - 30,2D_fov_tiff_path/45cad1d4_5500000014_63X_20190816_S1_P30_B5_annotations_corrected.tiff
1252,/allen/aics/assay-dev/MicroscopyData/Melissa/2019/20190816/63x_exports/20190816_M02_001_Capture 3 - Capture 3 - B5 [144] Montage - 4,2D_fov_tiff_path/b7aa5c6d_5500000014_63X_20190816_S1_P4_B5_annotations_corrected.tiff
1253,/allen/aics/assay-dev/MicroscopyData/Melissa/2019/20190816/63x_exports/20190816_M02_001_Capture 3 - Capture 3 - B5 [144] Montage - 5,2D_fov_tiff_path/f54b94e2_5500000014_63X_20190816_S1_P5_B5_annotations_corrected.tiff
1254,/allen/aics/assay-dev/MicroscopyData/Melissa/2019/20190816/63x_exports/20190816_M02_001_Capture 3 - Capture 3 - B5 [144] Montage - 6,2D_fov_tiff_path/3dadabec_5500000014_63X_20190816_S1_P6_B5_annotations_corrected.tiff
1255,/allen/aics/assay-dev/MicroscopyData/Melissa/2019/20190816/63x_exports/20190816_M02_001_Capture 3 - Capture 3 - B5 [144] Montage - 7,2D_fov_tiff_path/eab7e12a_5500000014_63X_20190816_S1_P7_B5_annotations_corrected.tiff
1256,/allen/aics/assay-dev/MicroscopyData/Melissa/2019/20190816/63x_exports/20190816_M02_001_Capture 3 - Capture 3 - B5 [144] Montage - 8,2D_fov_tiff_path/8c86fd4e_5500000014_63X_20190816_S1_P8_B5_annotations_corrected.tiff
1257,/allen/aics/assay-dev/MicroscopyData/Melissa/2019/20190816/63x_exports/20190816_M02_001_Capture 3 - Capture 3 - B5 [144] Montage - 9,2D_fov_tiff_path/ccafc394_5500000014_63X_20190816_S1_P9_B5_annotations_corrected.tiff
1258,/allen/aics/assay-dev/MicroscopyData/Melissa/2019/20190816/63x_exports/20190816_M02_002_Capture 1 - Capture 3 - C2 [144] Montage - 1,2D_fov_tiff_path/10ba316b_5500000014_63X_20190816_S2_P1_C2_annotations_corrected.tiff
1259,/allen/aics/assay-dev/MicroscopyData/Melissa/2019/20190816/63x_exports/20190816_M02_002_Capture 1 - Capture 3 - C2 [144] Montage - 10,2D_fov_tiff_path/1a6cae57_5500000014_63X_20190816_S2_P10_C2_annotations_corrected.tiff
1260,/allen/aics/assay-dev/MicroscopyData/Melissa/2019/20190816/63x_exports/20190816_M02_002_Capture 1 - Capture 3 - C2 [144] Montage - 11,2D_fov_tiff_path/19de1c64_5500000014_63X_20190816_S2_P11_C2_annotations_corrected.tiff
1261,/allen/aics/assay-dev/MicroscopyData/Melissa/2019/20190816/63x_exports/20190816_M02_002_Capture 1 - Capture 3 - C2 [144] Montage - 12,2D_fov_tiff_path/9b8a779d_5500000014_63X_20190816_S2_P12_C2_annotations_corrected.tiff
1262,/allen/aics/assay-dev/MicroscopyData/Melissa/2019/20190816/63x_exports/20190816_M02_002_Capture 1 - Capture 3 - C2 [144] Montage - 13,2D_fov_tiff_path/65fbc052_5500000014_63X_20190816_S2_P13_C2_annotations_corrected.tiff
1263,/allen/aics/assay-dev/MicroscopyData/Melissa/2019/20190816/63x_exports/20190816_M02_002_Capture 1 - Capture 3 - C2 [144] Montage - 14,2D_fov_tiff_path/4f1a517e_5500000014_63X_20190816_S2_P14_C2_annotations_corrected.tiff
1264,/allen/aics/assay-dev/MicroscopyData/Melissa/2019/20190816/63x_exports/20190816_M02_002_Capture 1 - Capture 3 - C2 [144] Montage - 15,2D_fov_tiff_path/3d844914_5500000014_63X_20190816_S2_P15_C2_annotations_corrected.tiff
1265,/allen/aics/assay-dev/MicroscopyData/Melissa/2019/20190816/63x_exports/20190816_M02_002_Capture 1 - Capture 3 - C2 [144] Montage - 16,2D_fov_tiff_path/67a9601c_5500000014_63X_20190816_S2_P16_C2_annotations_corrected.tiff
1266,/allen/aics/assay-dev/MicroscopyData/Melissa/2019/20190816/63x_exports/20190816_M02_002_Capture 1 - Capture 3 - C2 [144] Montage - 17,2D_fov_tiff_path/46b98ab8_5500000014_63X_20190816_S2_P17_C2_annotations_corrected.tiff
1267,/allen/aics/assay-dev/MicroscopyData/Melissa/2019/20190816/63x_exports/20190816_M02_002_Capture 1 - Capture 3 - C2 [144] Montage - 18,2D_fov_tiff_path/f2e3b904_5500000014_63X_20190816_S2_P18_C2_annotations_corrected.tiff
1268,/allen/aics/assay-dev/MicroscopyData/Melissa/2019/20190816/63x_exports/20190816_M02_002_Capture 1 - Capture 3 - C2 [144] Montage - 19,2D_fov_tiff_path/9abc0787_5500000014_63X_20190816_S2_P19_C2_annotations_corrected.tiff
1269,/allen/aics/assay-dev/MicroscopyData/Melissa/2019/20190816/63x_exports/20190816_M02_002_Capture 1 - Capture 3 - C2 [144] Montage - 2,2D_fov_tiff_path/6ed7f7eb_5500000014_63X_20190816_S2_P2_C2_annotations_corrected.tiff
1270,/allen/aics/assay-dev/MicroscopyData/Melissa/2019/20190816/63x_exports/20190816_M02_002_Capture 1 - Capture 3 - C2 [144] Montage - 20,2D_fov_tiff_path/1dbec1ea_5500000014_63X_20190816_S2_P20_C2_annotations_corrected.tiff
1271,/allen/aics/assay-dev/MicroscopyData/Melissa/2019/20190816/63x_exports/20190816_M02_002_Capture 1 - Capture 3 - C2 [144] Montage - 21,2D_fov_tiff_path/629289ec_5500000014_63X_20190816_S2_P21_C2_annotations_corrected.tiff
1272,/allen/aics/assay-dev/MicroscopyData/Melissa/2019/20190816/63x_exports/20190816_M02_002_Capture 1 - Capture 3 - C2 [144] Montage - 22,2D_fov_tiff_path/5f439774_5500000014_63X_20190816_S2_P22_C2_annotations_corrected.tiff
1273,/allen/aics/assay-dev/MicroscopyData/Melissa/2019/20190816/63x_exports/20190816_M02_002_Capture 1 - Capture 3 - C2 [144] Montage - 23,2D_fov_tiff_path/5009a15c_5500000014_63X_20190816_S2_P23_C2_annotations_corrected.tiff
1274,/allen/aics/assay-dev/MicroscopyData/Melissa/2019/20190816/63x_exports/20190816_M02_002_Capture 1 - Capture 3 - C2 [144] Montage - 24,2D_fov_tiff_path/3b3b3255_5500000014_63X_20190816_S2_P24_C2_annotations_corrected.tiff
1275,/allen/aics/assay-dev/MicroscopyData/Melissa/2019/20190816/63x_exports/20190816_M02_002_Capture 1 - Capture 3 - C2 [144] Montage - 25,2D_fov_tiff_path/dc8b2306_5500000014_63X_20190816_S2_P25_C2_annotations_corrected.tiff
1276,/allen/aics/assay-dev/MicroscopyData/Melissa/2019/20190816/63x_exports/20190816_M02_002_Capture 1 - Capture 3 - C2 [144] Montage - 26,2D_fov_tiff_path/1a0ac5c1_5500000014_63X_20190816_S2_P26_C2_annotations_corrected.tiff
1277,/allen/aics/assay-dev/MicroscopyData/Melissa/2019/20190816/63x_exports/20190816_M02_002_Capture 1 - Capture 3 - C2 [144] Montage - 27,2D_fov_tiff_path/70bf80de_5500000014_63X_20190816_S2_P27_C2_annotations_corrected.tiff
1278,/allen/aics/assay-dev/MicroscopyData/Melissa/2019/20190816/63x_exports/20190816_M02_002_Capture 1 - Capture 3 - C2 [144] Montage - 28,2D_fov_tiff_path/5d0fd2fe_5500000014_63X_20190816_S2_P28_C2_annotations_corrected.tiff
1279,/allen/aics/assay-dev/MicroscopyData/Melissa/2019/20190816/63x_exports/20190816_M02_002_Capture 1 - Capture 3 - C2 [144] Montage - 29,2D_fov_tiff_path/f89e9bf6_5500000014_63X_20190816_S2_P29_C2_annotations_corrected.tiff
1280,/allen/aics/assay-dev/MicroscopyData/Melissa/2019/20190816/63x_exports/20190816_M02_002_Capture 1 - Capture 3 - C2 [144] Montage - 3,2D_fov_tiff_path/8086c13f_5500000014_63X_20190816_S2_P3_C2_annotations_corrected.tiff
1281,/allen/aics/assay-dev/MicroscopyData/Melissa/2019/20190816/63x_exports/20190816_M02_002_Capture 1 - Capture 3 - C2 [144] Montage - 30,2D_fov_tiff_path/2ddf9fcd_5500000014_63X_20190816_S2_P30_C2_annotations_corrected.tiff
1282,/allen/aics/assay-dev/MicroscopyData/Melissa/2019/20190816/63x_exports/20190816_M02_002_Capture 1 - Capture 3 - C2 [144] Montage - 4,2D_fov_tiff_path/59442667_5500000014_63X_20190816_S2_P4_C2_annotations_corrected.tiff
1283,/allen/aics/assay-dev/MicroscopyData/Melissa/2019/20190816/63x_exports/20190816_M02_002_Capture 1 - Capture 3 - C2 [144] Montage - 5,2D_fov_tiff_path/d1f6ee83_5500000014_63X_20190816_S2_P5_C2_annotations_corrected.tiff
1284,/allen/aics/assay-dev/MicroscopyData/Melissa/2019/20190816/63x_exports/20190816_M02_002_Capture 1 - Capture 3 - C2 [144] Montage - 6,2D_fov_tiff_path/b257f280_5500000014_63X_20190816_S2_P6_C2_annotations_corrected.tiff
1285,/allen/aics/assay-dev/MicroscopyData/Melissa/2019/20190816/63x_exports/20190816_M02_002_Capture 1 - Capture 3 - C2 [144] Montage - 7,2D_fov_tiff_path/efaa57c7_5500000014_63X_20190816_S2_P7_C2_annotations_corrected.tiff
1286,/allen/aics/assay-dev/MicroscopyData/Melissa/2019/20190816/63x_exports/20190816_M02_002_Capture 1 - Capture 3 - C2 [144] Montage - 8,2D_fov_tiff_path/7d62901c_5500000014_63X_20190816_S2_P8_C2_annotations_corrected.tiff
1287,/allen/aics/assay-dev/MicroscopyData/Melissa/2019/20190816/63x_exports/20190816_M02_002_Capture 1 - Capture 3 - C2 [144] Montage - 9,2D_fov_tiff_path/d29414dc_5500000014_63X_20190816_S2_P9_C2_annotations_corrected.tiff
1288,/allen/aics/assay-dev/MicroscopyData/Melissa/2019/20190816/63x_exports/20190816_M02_002_Capture 1 - Capture 3 - C3 [144] Montage - 1,2D_fov_tiff_path/65bdd308_5500000014_63X_20190816_S2_P1_C3_annotations_corrected.tiff
1289,/allen/aics/assay-dev/MicroscopyData/Melissa/2019/20190816/63x_exports/20190816_M02_002_Capture 1 - Capture 3 - C3 [144] Montage - 10,2D_fov_tiff_path/a2f8fe5e_5500000014_63X_20190816_S2_P10_C3_annotations_corrected.tiff
1290,/allen/aics/assay-dev/MicroscopyData/Melissa/2019/20190816/63x_exports/20190816_M02_002_Capture 1 - Capture 3 - C3 [144] Montage - 11,2D_fov_tiff_path/d40d40fa_5500000014_63X_20190816_S2_P11_C3_annotations_corrected.tiff
1291,/allen/aics/assay-dev/MicroscopyData/Melissa/2019/20190816/63x_exports/20190816_M02_002_Capture 1 - Capture 3 - C3 [144] Montage - 12,2D_fov_tiff_path/cc6ddc24_5500000014_63X_20190816_S2_P12_C3_annotations_corrected.tiff
1292,/allen/aics/assay-dev/MicroscopyData/Melissa/2019/20190816/63x_exports/20190816_M02_002_Capture 1 - Capture 3 - C3 [144] Montage - 13,2D_fov_tiff_path/462e1f41_5500000014_63X_20190816_S2_P13_C3_annotations_corrected.tiff
1293,/allen/aics/assay-dev/MicroscopyData/Melissa/2019/20190816/63x_exports/20190816_M02_002_Capture 1 - Capture 3 - C3 [144] Montage - 14,2D_fov_tiff_path/9ce733e7_5500000014_63X_20190816_S2_P14_C3_annotations_corrected.tiff
1294,/allen/aics/assay-dev/MicroscopyData/Melissa/2019/20190816/63x_exports/20190816_M02_002_Capture 1 - Capture 3 - C3 [144] Montage - 15,2D_fov_tiff_path/fd6f31de_5500000014_63X_20190816_S2_P15_C3_annotations_corrected.tiff
1296,/allen/aics/assay-dev/MicroscopyData/Melissa/2019/20190816/63x_exports/20190816_M02_002_Capture 1 - Capture 3 - C3 [144] Montage - 17,2D_fov_tiff_path/131e3131_5500000014_63X_20190816_S2_P17_C3_annotations_corrected.tiff
1297,/allen/aics/assay-dev/MicroscopyData/Melissa/2019/20190816/63x_exports/20190816_M02_002_Capture 1 - Capture 3 - C3 [144] Montage - 18,2D_fov_tiff_path/acb0e4fb_5500000014_63X_20190816_S2_P18_C3_annotations_corrected.tiff
1298,/allen/aics/assay-dev/MicroscopyData/Melissa/2019/20190816/63x_exports/20190816_M02_002_Capture 1 - Capture 3 - C3 [144] Montage - 19,2D_fov_tiff_path/2bd00858_5500000014_63X_20190816_S2_P19_C3_annotations_corrected.tiff
1299,/allen/aics/assay-dev/MicroscopyData/Melissa/2019/20190816/63x_exports/20190816_M02_002_Capture 1 - Capture 3 - C3 [144] Montage - 2,2D_fov_tiff_path/b74b8ac4_5500000014_63X_20190816_S2_P2_C3_annotations_corrected.tiff
1300,/allen/aics/assay-dev/MicroscopyData/Melissa/2019/20190816/63x_exports/20190816_M02_002_Capture 1 - Capture 3 - C3 [144] Montage - 20,2D_fov_tiff_path/5ed1ccb4_5500000014_63X_20190816_S2_P20_C3_annotations_corrected.tiff
1301,/allen/aics/assay-dev/MicroscopyData/Melissa/2019/20190816/63x_exports/20190816_M02_002_Capture 1 - Capture 3 - C3 [144] Montage - 21,2D_fov_tiff_path/ae4e0e8b_5500000014_63X_20190816_S2_P21_C3_annotations_corrected.tiff
1302,/allen/aics/assay-dev/MicroscopyData/Melissa/2019/20190816/63x_exports/20190816_M02_002_Capture 1 - Capture 3 - C3 [144] Montage - 22,2D_fov_tiff_path/b2fdc028_5500000014_63X_20190816_S2_P22_C3_annotations_corrected.tiff
1303,/allen/aics/assay-dev/MicroscopyData/Melissa/2019/20190816/63x_exports/20190816_M02_002_Capture 1 - Capture 3 - C3 [144] Montage - 23,2D_fov_tiff_path/ce250a79_5500000014_63X_20190816_S2_P23_C3_annotations_corrected.tiff
1304,/allen/aics/assay-dev/MicroscopyData/Melissa/2019/20190816/63x_exports/20190816_M02_002_Capture 1 - Capture 3 - C3 [144] Montage - 24,2D_fov_tiff_path/2df01dcb_5500000014_63X_20190816_S2_P24_C3_annotations_corrected.tiff
1305,/allen/aics/assay-dev/MicroscopyData/Melissa/2019/20190816/63x_exports/20190816_M02_002_Capture 1 - Capture 3 - C3 [144] Montage - 25,2D_fov_tiff_path/b06cfaec_5500000014_63X_20190816_S2_P25_C3_annotations_corrected.tiff
1306,/allen/aics/assay-dev/MicroscopyData/Melissa/2019/20190816/63x_exports/20190816_M02_002_Capture 1 - Capture 3 - C3 [144] Montage - 26,2D_fov_tiff_path/1994ee73_5500000014_63X_20190816_S2_P26_C3_annotations_corrected.tiff
1307,/allen/aics/assay-dev/MicroscopyData/Melissa/2019/20190816/63x_exports/20190816_M02_002_Capture 1 - Capture 3 - C3 [144] Montage - 27,2D_fov_tiff_path/1cb150f5_5500000014_63X_20190816_S2_P27_C3_annotations_corrected.tiff
1308,/allen/aics/assay-dev/MicroscopyData/Melissa/2019/20190816/63x_exports/20190816_M02_002_Capture 1 - Capture 3 - C3 [144] Montage - 28,2D_fov_tiff_path/b693d782_5500000014_63X_20190816_S2_P28_C3_annotations_corrected.tiff
1309,/allen/aics/assay-dev/MicroscopyData/Melissa/2019/20190816/63x_exports/20190816_M02_002_Capture 1 - Capture 3 - C3 [144] Montage - 29,2D_fov_tiff_path/a59992ca_5500000014_63X_20190816_S2_P29_C3_annotations_corrected.tiff
1310,/allen/aics/assay-dev/MicroscopyData/Melissa/2019/20190816/63x_exports/20190816_M02_002_Capture 1 - Capture 3 - C3 [144] Montage - 3,2D_fov_tiff_path/82ba859a_5500000014_63X_20190816_S2_P3_C3_annotations_corrected.tiff
1311,/allen/aics/assay-dev/MicroscopyData/Melissa/2019/20190816/63x_exports/20190816_M02_002_Capture 1 - Capture 3 - C3 [144] Montage - 30,2D_fov_tiff_path/627998dd_5500000014_63X_20190816_S2_P30_C3_annotations_corrected.tiff
1312,/allen/aics/assay-dev/MicroscopyData/Melissa/2019/20190816/63x_exports/20190816_M02_002_Capture 1 - Capture 3 - C3 [144] Montage - 4,2D_fov_tiff_path/56066f7a_5500000014_63X_20190816_S2_P4_C3_annotations_corrected.tiff
1313,/allen/aics/assay-dev/MicroscopyData/Melissa/2019/20190816/63x_exports/20190816_M02_002_Capture 1 - Capture 3 - C3 [144] Montage - 5,2D_fov_tiff_path/5e7147d1_5500000014_63X_20190816_S2_P5_C3_annotations_corrected.tiff
1314,/allen/aics/assay-dev/MicroscopyData/Melissa/2019/20190816/63x_exports/20190816_M02_002_Capture 1 - Capture 3 - C3 [144] Montage - 6,2D_fov_tiff_path/cd9f9fd8_5500000014_63X_20190816_S2_P6_C3_annotations_corrected.tiff
1315,/allen/aics/assay-dev/MicroscopyData/Melissa/2019/20190816/63x_exports/20190816_M02_002_Capture 1 - Capture 3 - C3 [144] Montage - 7,2D_fov_tiff_path/ed2c8e23_5500000014_63X_20190816_S2_P7_C3_annotations_corrected.tiff
1316,/allen/aics/assay-dev/MicroscopyData/Melissa/2019/20190816/63x_exports/20190816_M02_002_Capture 1 - Capture 3 - C3 [144] Montage - 8,2D_fov_tiff_path/cdd69223_5500000014_63X_20190816_S2_P8_C3_annotations_corrected.tiff
1317,/allen/aics/assay-dev/MicroscopyData/Melissa/2019/20190816/63x_exports/20190816_M02_002_Capture 1 - Capture 3 - C3 [144] Montage - 9,2D_fov_tiff_path/6208f4ea_5500000014_63X_20190816_S2_P9_C3_annotations_corrected.tiff
1318,/allen/aics/assay-dev/MicroscopyData/Melissa/2019/20190816/63x_exports/20190816_M02_002_Capture 1 - Capture 3 - C4 [144] Montage - 1,2D_fov_tiff_path/31e5ad35_5500000014_63X_20190816_S2_P1_C4_annotations_corrected.tiff
1319,/allen/aics/assay-dev/MicroscopyData/Melissa/2019/20190816/63x_exports/20190816_M02_002_Capture 1 - Capture 3 - C4 [144] Montage - 10,2D_fov_tiff_path/f66c9652_5500000014_63X_20190816_S2_P10_C4_annotations_corrected.tiff
1320,/allen/aics/assay-dev/MicroscopyData/Melissa/2019/20190816/63x_exports/20190816_M02_002_Capture 1 - Capture 3 - C4 [144] Montage - 11,2D_fov_tiff_path/6b941b87_5500000014_63X_20190816_S2_P11_C4_annotations_corrected.tiff
1321,/allen/aics/assay-dev/MicroscopyData/Melissa/2019/20190816/63x_exports/20190816_M02_002_Capture 1 - Capture 3 - C4 [144] Montage - 12,2D_fov_tiff_path/60f3d143_5500000014_63X_20190816_S2_P12_C4_annotations_corrected.tiff
1322,/allen/aics/assay-dev/MicroscopyData/Melissa/2019/20190816/63x_exports/20190816_M02_002_Capture 1 - Capture 3 - C4 [144] Montage - 13,2D_fov_tiff_path/06237a94_5500000014_63X_20190816_S2_P13_C4_annotations_corrected.tiff
1323,/allen/aics/assay-dev/MicroscopyData/Melissa/2019/20190816/63x_exports/20190816_M02_002_Capture 1 - Capture 3 - C4 [144] Montage - 14,2D_fov_tiff_path/3a3cf60a_5500000014_63X_20190816_S2_P14_C4_annotations_corrected.tiff
1324,/allen/aics/assay-dev/MicroscopyData/Melissa/2019/20190816/63x_exports/20190816_M02_002_Capture 1 - Capture 3 - C4 [144] Montage - 15,2D_fov_tiff_path/0bba6f58_5500000014_63X_20190816_S2_P15_C4_annotations_corrected.tiff
1325,/allen/aics/assay-dev/MicroscopyData/Melissa/2019/20190816/63x_exports/20190816_M02_002_Capture 1 - Capture 3 - C4 [144] Montage - 16,2D_fov_tiff_path/04441e02_5500000014_63X_20190816_S2_P16_C4_annotations_corrected.tiff
1326,/allen/aics/assay-dev/MicroscopyData/Melissa/2019/20190816/63x_exports/20190816_M02_002_Capture 1 - Capture 3 - C4 [144] Montage - 17,2D_fov_tiff_path/e6edb446_5500000014_63X_20190816_S2_P17_C4_annotations_corrected.tiff
1327,/allen/aics/assay-dev/MicroscopyData/Melissa/2019/20190816/63x_exports/20190816_M02_002_Capture 1 - Capture 3 - C4 [144] Montage - 18,2D_fov_tiff_path/ec54b718_5500000014_63X_20190816_S2_P18_C4_annotations_corrected.tiff
1328,/allen/aics/assay-dev/MicroscopyData/Melissa/2019/20190816/63x_exports/20190816_M02_002_Capture 1 - Capture 3 - C4 [144] Montage - 19,2D_fov_tiff_path/732cf1b3_5500000014_63X_20190816_S2_P19_C4_annotations_corrected.tiff
1329,/allen/aics/assay-dev/MicroscopyData/Melissa/2019/20190816/63x_exports/20190816_M02_002_Capture 1 - Capture 3 - C4 [144] Montage - 2,2D_fov_tiff_path/5c9fee14_5500000014_63X_20190816_S2_P2_C4_annotations_corrected.tiff
1330,/allen/aics/assay-dev/MicroscopyData/Melissa/2019/20190816/63x_exports/20190816_M02_002_Capture 1 - Capture 3 - C4 [144] Montage - 20,2D_fov_tiff_path/a71d5afb_5500000014_63X_20190816_S2_P20_C4_annotations_corrected.tiff
1331,/allen/aics/assay-dev/MicroscopyData/Melissa/2019/20190816/63x_exports/20190816_M02_002_Capture 1 - Capture 3 - C4 [144] Montage - 21,2D_fov_tiff_path/fd10023a_5500000014_63X_20190816_S2_P21_C4_annotations_corrected.tiff
1332,/allen/aics/assay-dev/MicroscopyData/Melissa/2019/20190816/63x_exports/20190816_M02_002_Capture 1 - Capture 3 - C4 [144] Montage - 22,2D_fov_tiff_path/cbeee062_5500000014_63X_20190816_S2_P22_C4_annotations_corrected.tiff
1333,/allen/aics/assay-dev/MicroscopyData/Melissa/2019/20190816/63x_exports/20190816_M02_002_Capture 1 - Capture 3 - C4 [144] Montage - 23,2D_fov_tiff_path/d28eda98_5500000014_63X_20190816_S2_P23_C4_annotations_corrected.tiff
1334,/allen/aics/assay-dev/MicroscopyData/Melissa/2019/20190816/63x_exports/20190816_M02_002_Capture 1 - Capture 3 - C4 [144] Montage - 24,2D_fov_tiff_path/f6057acf_5500000014_63X_20190816_S2_P24_C4_annotations_corrected.tiff
1335,/allen/aics/assay-dev/MicroscopyData/Melissa/2019/20190816/63x_exports/20190816_M02_002_Capture 1 - Capture 3 - C4 [144] Montage - 25,2D_fov_tiff_path/47977cd9_5500000014_63X_20190816_S2_P25_C4_annotations_corrected.tiff
1336,/allen/aics/assay-dev/MicroscopyData/Melissa/2019/20190816/63x_exports/20190816_M02_002_Capture 1 - Capture 3 - C4 [144] Montage - 26,2D_fov_tiff_path/0d660b48_5500000014_63X_20190816_S2_P26_C4_annotations_corrected.tiff
1337,/allen/aics/assay-dev/MicroscopyData/Melissa/2019/20190816/63x_exports/20190816_M02_002_Capture 1 - Capture 3 - C4 [144] Montage - 27,2D_fov_tiff_path/ba960f6c_5500000014_63X_20190816_S2_P27_C4_annotations_corrected.tiff
1338,/allen/aics/assay-dev/MicroscopyData/Melissa/2019/20190816/63x_exports/20190816_M02_002_Capture 1 - Capture 3 - C4 [144] Montage - 28,2D_fov_tiff_path/a6dbaefd_5500000014_63X_20190816_S2_P28_C4_annotations_corrected.tiff
1339,/allen/aics/assay-dev/MicroscopyData/Melissa/2019/20190816/63x_exports/20190816_M02_002_Capture 1 - Capture 3 - C4 [144] Montage - 29,2D_fov_tiff_path/ef306f1b_5500000014_63X_20190816_S2_P29_C4_annotations_corrected.tiff
1340,/allen/aics/assay-dev/MicroscopyData/Melissa/2019/20190816/63x_exports/20190816_M02_002_Capture 1 - Capture 3 - C4 [144] Montage - 3,2D_fov_tiff_path/9a6f399d_5500000014_63X_20190816_S2_P3_C4_annotations_corrected.tiff
1341,/allen/aics/assay-dev/MicroscopyData/Melissa/2019/20190816/63x_exports/20190816_M02_002_Capture 1 - Capture 3 - C4 [144] Montage - 30,2D_fov_tiff_path/9806e349_5500000014_63X_20190816_S2_P30_C4_annotations_corrected.tiff
1342,/allen/aics/assay-dev/MicroscopyData/Melissa/2019/20190816/63x_exports/20190816_M02_002_Capture 1 - Capture 3 - C4 [144] Montage - 4,2D_fov_tiff_path/21fb14a6_5500000014_63X_20190816_S2_P4_C4_annotations_corrected.tiff
1343,/allen/aics/assay-dev/MicroscopyData/Melissa/2019/20190816/63x_exports/20190816_M02_002_Capture 1 - Capture 3 - C4 [144] Montage - 5,2D_fov_tiff_path/952f8161_5500000014_63X_20190816_S2_P5_C4_annotations_corrected.tiff
1344,/allen/aics/assay-dev/MicroscopyData/Melissa/2019/20190816/63x_exports/20190816_M02_002_Capture 1 - Capture 3 - C4 [144] Montage - 6,2D_fov_tiff_path/4f26431b_5500000014_63X_20190816_S2_P6_C4_annotations_corrected.tiff
1345,/allen/aics/assay-dev/MicroscopyData/Melissa/2019/20190816/63x_exports/20190816_M02_002_Capture 1 - Capture 3 - C4 [144] Montage - 7,2D_fov_tiff_path/e8ece57a_5500000014_63X_20190816_S2_P7_C4_annotations_corrected.tiff
1346,/allen/aics/assay-dev/MicroscopyData/Melissa/2019/20190816/63x_exports/20190816_M02_002_Capture 1 - Capture 3 - C4 [144] Montage - 8,2D_fov_tiff_path/db1c2293_5500000014_63X_20190816_S2_P8_C4_annotations_corrected.tiff
1347,/allen/aics/assay-dev/MicroscopyData/Melissa/2019/20190816/63x_exports/20190816_M02_002_Capture 1 - Capture 3 - C4 [144] Montage - 9,2D_fov_tiff_path/99739680_5500000014_63X_20190816_S2_P9_C4_annotations_corrected.tiff
1348,/allen/aics/assay-dev/MicroscopyData/Melissa/2019/20190816/63x_exports/20190816_M02_002_Capture 1 - Capture 3 - C5 [144] Montage - 1,2D_fov_tiff_path/bfe80cd7_5500000014_63X_20190816_S2_P1_C5_annotations_corrected.tiff
1349,/allen/aics/assay-dev/MicroscopyData/Melissa/2019/20190816/63x_exports/20190816_M02_002_Capture 1 - Capture 3 - C5 [144] Montage - 10,2D_fov_tiff_path/0c226e69_5500000014_63X_20190816_S2_P10_C5_annotations_corrected.tiff
1350,/allen/aics/assay-dev/MicroscopyData/Melissa/2019/20190816/63x_exports/20190816_M02_002_Capture 1 - Capture 3 - C5 [144] Montage - 11,2D_fov_tiff_path/a747d60a_5500000014_63X_20190816_S2_P11_C5_annotations_corrected.tiff
1351,/allen/aics/assay-dev/MicroscopyData/Melissa/2019/20190816/63x_exports/20190816_M02_002_Capture 1 - Capture 3 - C5 [144] Montage - 12,2D_fov_tiff_path/134ea98e_5500000014_63X_20190816_S2_P12_C5_annotations_corrected.tiff
1352,/allen/aics/assay-dev/MicroscopyData/Melissa/2019/20190816/63x_exports/20190816_M02_002_Capture 1 - Capture 3 - C5 [144] Montage - 13,2D_fov_tiff_path/3ab5bf49_5500000014_63X_20190816_S2_P13_C5_annotations_corrected.tiff
1353,/allen/aics/assay-dev/MicroscopyData/Melissa/2019/20190816/63x_exports/20190816_M02_002_Capture 1 - Capture 3 - C5 [144] Montage - 14,2D_fov_tiff_path/d7850282_5500000014_63X_20190816_S2_P14_C5_annotations_corrected.tiff
1354,/allen/aics/assay-dev/MicroscopyData/Melissa/2019/20190816/63x_exports/20190816_M02_002_Capture 1 - Capture 3 - C5 [144] Montage - 15,2D_fov_tiff_path/46ef8249_5500000014_63X_20190816_S2_P15_C5_annotations_corrected.tiff
1355,/allen/aics/assay-dev/MicroscopyData/Melissa/2019/20190816/63x_exports/20190816_M02_002_Capture 1 - Capture 3 - C5 [144] Montage - 16,2D_fov_tiff_path/d1c82297_5500000014_63X_20190816_S2_P16_C5_annotations_corrected.tiff
1356,/allen/aics/assay-dev/MicroscopyData/Melissa/2019/20190816/63x_exports/20190816_M02_002_Capture 1 - Capture 3 - C5 [144] Montage - 17,2D_fov_tiff_path/3b813cd0_5500000014_63X_20190816_S2_P17_C5_annotations_corrected.tiff
1357,/allen/aics/assay-dev/MicroscopyData/Melissa/2019/20190816/63x_exports/20190816_M02_002_Capture 1 - Capture 3 - C5 [144] Montage - 18,2D_fov_tiff_path/b214a7e7_5500000014_63X_20190816_S2_P18_C5_annotations_corrected.tiff
1358,/allen/aics/assay-dev/MicroscopyData/Melissa/2019/20190816/63x_exports/20190816_M02_002_Capture 1 - Capture 3 - C5 [144] Montage - 19,2D_fov_tiff_path/9a6845dd_5500000014_63X_20190816_S2_P19_C5_annotations_corrected.tiff
1359,/allen/aics/assay-dev/MicroscopyData/Melissa/2019/20190816/63x_exports/20190816_M02_002_Capture 1 - Capture 3 - C5 [144] Montage - 2,2D_fov_tiff_path/450e2c53_5500000014_63X_20190816_S2_P2_C5_annotations_corrected.tiff
1361,/allen/aics/assay-dev/MicroscopyData/Melissa/2019/20190816/63x_exports/20190816_M02_002_Capture 1 - Capture 3 - C5 [144] Montage - 21,2D_fov_tiff_path/9171c22e_5500000014_63X_20190816_S2_P21_C5_annotations_corrected.tiff
1362,/allen/aics/assay-dev/MicroscopyData/Melissa/2019/20190816/63x_exports/20190816_M02_002_Capture 1 - Capture 3 - C5 [144] Montage - 22,2D_fov_tiff_path/fa57e304_5500000014_63X_20190816_S2_P22_C5_annotations_corrected.tiff
1363,/allen/aics/assay-dev/MicroscopyData/Melissa/2019/20190816/63x_exports/20190816_M02_002_Capture 1 - Capture 3 - C5 [144] Montage - 23,2D_fov_tiff_path/2fc7e3c9_5500000014_63X_20190816_S2_P23_C5_annotations_corrected.tiff
1364,/allen/aics/assay-dev/MicroscopyData/Melissa/2019/20190816/63x_exports/20190816_M02_002_Capture 1 - Capture 3 - C5 [144] Montage - 24,2D_fov_tiff_path/97ee880b_5500000014_63X_20190816_S2_P24_C5_annotations_corrected.tiff
1365,/allen/aics/assay-dev/MicroscopyData/Melissa/2019/20190816/63x_exports/20190816_M02_002_Capture 1 - Capture 3 - C5 [144] Montage - 25,2D_fov_tiff_path/fffd016d_5500000014_63X_20190816_S2_P25_C5_annotations_corrected.tiff
1366,/allen/aics/assay-dev/MicroscopyData/Melissa/2019/20190816/63x_exports/20190816_M02_002_Capture 1 - Capture 3 - C5 [144] Montage - 26,2D_fov_tiff_path/cfe7e21a_5500000014_63X_20190816_S2_P26_C5_annotations_corrected.tiff
1367,/allen/aics/assay-dev/MicroscopyData/Melissa/2019/20190816/63x_exports/20190816_M02_002_Capture 1 - Capture 3 - C5 [144] Montage - 27,2D_fov_tiff_path/ef9e069d_5500000014_63X_20190816_S2_P27_C5_annotations_corrected.tiff
1368,/allen/aics/assay-dev/MicroscopyData/Melissa/2019/20190816/63x_exports/20190816_M02_002_Capture 1 - Capture 3 - C5 [144] Montage - 28,2D_fov_tiff_path/4fc6c86f_5500000014_63X_20190816_S2_P28_C5_annotations_corrected.tiff
1369,/allen/aics/assay-dev/MicroscopyData/Melissa/2019/20190816/63x_exports/20190816_M02_002_Capture 1 - Capture 3 - C5 [144] Montage - 29,2D_fov_tiff_path/810d14f1_5500000014_63X_20190816_S2_P29_C5_annotations_corrected.tiff
1370,/allen/aics/assay-dev/MicroscopyData/Melissa/2019/20190816/63x_exports/20190816_M02_002_Capture 1 - Capture 3 - C5 [144] Montage - 3,2D_fov_tiff_path/93db0aa5_5500000014_63X_20190816_S2_P3_C5_annotations_corrected.tiff
1371,/allen/aics/assay-dev/MicroscopyData/Melissa/2019/20190816/63x_exports/20190816_M02_002_Capture 1 - Capture 3 - C5 [144] Montage - 30,2D_fov_tiff_path/3e005d47_5500000014_63X_20190816_S2_P30_C5_annotations_corrected.tiff
1372,/allen/aics/assay-dev/MicroscopyData/Melissa/2019/20190816/63x_exports/20190816_M02_002_Capture 1 - Capture 3 - C5 [144] Montage - 4,2D_fov_tiff_path/79c7994f_5500000014_63X_20190816_S2_P4_C5_annotations_corrected.tiff
1373,/allen/aics/assay-dev/MicroscopyData/Melissa/2019/20190816/63x_exports/20190816_M02_002_Capture 1 - Capture 3 - C5 [144] Montage - 5,2D_fov_tiff_path/fd148e5c_5500000014_63X_20190816_S2_P5_C5_annotations_corrected.tiff
1374,/allen/aics/assay-dev/MicroscopyData/Melissa/2019/20190816/63x_exports/20190816_M02_002_Capture 1 - Capture 3 - C5 [144] Montage - 6,2D_fov_tiff_path/ad79d75a_5500000014_63X_20190816_S2_P6_C5_annotations_corrected.tiff
1375,/allen/aics/assay-dev/MicroscopyData/Melissa/2019/20190816/63x_exports/20190816_M02_002_Capture 1 - Capture 3 - C5 [144] Montage - 7,2D_fov_tiff_path/63cdcd7c_5500000014_63X_20190816_S2_P7_C5_annotations_corrected.tiff
1376,/allen/aics/assay-dev/MicroscopyData/Melissa/2019/20190816/63x_exports/20190816_M02_002_Capture 1 - Capture 3 - C5 [144] Montage - 8,2D_fov_tiff_path/f011c641_5500000014_63X_20190816_S2_P8_C5_annotations_corrected.tiff
1377,/allen/aics/assay-dev/MicroscopyData/Melissa/2019/20190816/63x_exports/20190816_M02_002_Capture 1 - Capture 3 - C5 [144] Montage - 9,2D_fov_tiff_path/829ad7a1_5500000014_63X_20190816_S2_P9_C5_annotations_corrected.tiff
1360,/allen/aics/assay-dev/MicroscopyData/Melissa/2019/20190816/63x_exports/20190816_M02_002_Capture 1 - Capture 3 - C5 [144] Montage - 20,2D_fov_tiff_path/1d4fae0b_5500000014_63X_20190816_S2_P20_C5_annotations_corrected.tiff
