,Xcoord,Ycoord,Label,Zcoord,ImageName
0,1023,1418,C0_diffuse_other,11,5500000118_63x_20190618_Capture1-Capture2-C2[144]Montage-6
1,1012,1439,C0_diffuse_other,11,5500000118_63x_20190618_Capture1-Capture2-C2[144]Montage-6
2,988,1429,C0_diffuse_other,11,5500000118_63x_20190618_Capture1-Capture2-C2[144]Montage-6
3,999,1411,C0_diffuse_other,11,5500000118_63x_20190618_Capture1-Capture2-C2[144]Montage-6
4,992,1385,C0_diffuse_other,11,5500000118_63x_20190618_Capture1-Capture2-C2[144]Montage-6
5,979,1378,C0_diffuse_other,11,5500000118_63x_20190618_Capture1-Capture2-C2[144]Montage-6
6,953,1363,C0_diffuse_other,11,5500000118_63x_20190618_Capture1-Capture2-C2[144]Montage-6
7,928,1368,C0_diffuse_other,11,5500000118_63x_20190618_Capture1-Capture2-C2[144]Montage-6
8,944,1376,C0_diffuse_other,11,5500000118_63x_20190618_Capture1-Capture2-C2[144]Montage-6
9,945,1344,C0_diffuse_other,11,5500000118_63x_20190618_Capture1-Capture2-C2[144]Montage-6
10,988,1361,C0_diffuse_other,11,5500000118_63x_20190618_Capture1-Capture2-C2[144]Montage-6
11,984,1416,C0_diffuse_other,11,5500000118_63x_20190618_Capture1-Capture2-C2[144]Montage-6
12,912,1349,C0_diffuse_other,11,5500000118_63x_20190618_Capture1-Capture2-C2[144]Montage-6
13,578,1432,C0_diffuse_other,2,5500000102_63x_20190604_Capture1-Capture1-C2[144]Montage-13
14,596,1446,C0_diffuse_other,2,5500000102_63x_20190604_Capture1-Capture1-C2[144]Montage-13
15,626,1444,C0_diffuse_other,2,5500000102_63x_20190604_Capture1-Capture1-C2[144]Montage-13
16,603,1463,C0_diffuse_other,2,5500000102_63x_20190604_Capture1-Capture1-C2[144]Montage-13
17,585,1453,C0_diffuse_other,2,5500000102_63x_20190604_Capture1-Capture1-C2[144]Montage-13
18,598,1487,C0_diffuse_other,2,5500000102_63x_20190604_Capture1-Capture1-C2[144]Montage-13
19,495,1542,C0_diffuse_other,2,5500000102_63x_20190604_Capture1-Capture1-C2[144]Montage-13
20,497,1521,C0_diffuse_other,2,5500000102_63x_20190604_Capture1-Capture1-C2[144]Montage-13
21,545,1513,C0_diffuse_other,2,5500000102_63x_20190604_Capture1-Capture1-C2[144]Montage-13
22,521,1528,C0_diffuse_other,2,5500000102_63x_20190604_Capture1-Capture1-C2[144]Montage-13
23,502,1569,C0_diffuse_other,2,5500000102_63x_20190604_Capture1-Capture1-C2[144]Montage-13
24,299,878,C0_diffuse_other,2,5500000102_63x_20190604_Capture1-Capture1-C2[144]Montage-13
25,328,897,C0_diffuse_other,2,5500000102_63x_20190604_Capture1-Capture1-C2[144]Montage-13
26,347,884,C0_diffuse_other,2,5500000102_63x_20190604_Capture1-Capture1-C2[144]Montage-13
27,368,896,C0_diffuse_other,2,5500000102_63x_20190604_Capture1-Capture1-C2[144]Montage-13
28,370,939,C0_diffuse_other,2,5500000102_63x_20190604_Capture1-Capture1-C2[144]Montage-13
29,313,926,C0_diffuse_other,2,5500000102_63x_20190604_Capture1-Capture1-C2[144]Montage-13
30,276,909,C0_diffuse_other,2,5500000102_63x_20190604_Capture1-Capture1-C2[144]Montage-13
31,284,943,C0_diffuse_other,2,5500000102_63x_20190604_Capture1-Capture1-C2[144]Montage-13
32,303,948,C0_diffuse_other,2,5500000102_63x_20190604_Capture1-Capture1-C2[144]Montage-13
33,293,989,C0_diffuse_other,2,5500000102_63x_20190604_Capture1-Capture1-C2[144]Montage-13
34,303,1044,C0_diffuse_other,2,5500000102_63x_20190604_Capture1-Capture1-C2[144]Montage-13
35,334,1039,C0_diffuse_other,2,5500000102_63x_20190604_Capture1-Capture1-C2[144]Montage-13
36,322,1027,C0_diffuse_other,2,5500000102_63x_20190604_Capture1-Capture1-C2[144]Montage-13
37,375,1004,C0_diffuse_other,2,5500000102_63x_20190604_Capture1-Capture1-C2[144]Montage-13
38,356,1028,C0_diffuse_other,2,5500000102_63x_20190604_Capture1-Capture1-C2[144]Montage-13
39,315,994,C0_diffuse_other,2,5500000102_63x_20190604_Capture1-Capture1-C2[144]Montage-13
40,332,1000,C0_diffuse_other,2,5500000102_63x_20190604_Capture1-Capture1-C2[144]Montage-13
41,914,490,C0_diffuse_other,2,5500000102_63x_20190604_Capture1-Capture1-C2[144]Montage-13
42,943,488,C0_diffuse_other,2,5500000102_63x_20190604_Capture1-Capture1-C2[144]Montage-13
43,909,498,C0_diffuse_other,2,5500000102_63x_20190604_Capture1-Capture1-C2[144]Montage-13
44,888,517,C0_diffuse_other,2,5500000102_63x_20190604_Capture1-Capture1-C2[144]Montage-13
45,907,543,C0_diffuse_other,2,5500000102_63x_20190604_Capture1-Capture1-C2[144]Montage-13
46,921,567,C0_diffuse_other,2,5500000102_63x_20190604_Capture1-Capture1-C2[144]Montage-13
47,964,561,C0_diffuse_other,2,5500000102_63x_20190604_Capture1-Capture1-C2[144]Montage-13
48,969,541,C0_diffuse_other,2,5500000102_63x_20190604_Capture1-Capture1-C2[144]Montage-13
49,945,520,C0_diffuse_other,2,5500000102_63x_20190604_Capture1-Capture1-C2[144]Montage-13
50,929,510,C0_diffuse_other,2,5500000102_63x_20190604_Capture1-Capture1-C2[144]Montage-13
51,924,541,C0_diffuse_other,2,5500000102_63x_20190604_Capture1-Capture1-C2[144]Montage-13
52,945,563,C0_diffuse_other,2,5500000102_63x_20190604_Capture1-Capture1-C2[144]Montage-13
53,945,545,C0_diffuse_other,2,5500000102_63x_20190604_Capture1-Capture1-C2[144]Montage-13
54,95,688,C0_diffuse_other,4,5500000105_63x_20190528_Capture1-Capture1-C2[144]Montage-3
55,114,663,C0_diffuse_other,4,5500000105_63x_20190528_Capture1-Capture1-C2[144]Montage-3
56,145,652,C0_diffuse_other,4,5500000105_63x_20190528_Capture1-Capture1-C2[144]Montage-3
57,111,699,C0_diffuse_other,4,5500000105_63x_20190528_Capture1-Capture1-C2[144]Montage-3
58,109,720,C0_diffuse_other,4,5500000105_63x_20190528_Capture1-Capture1-C2[144]Montage-3
59,135,723,C0_diffuse_other,4,5500000105_63x_20190528_Capture1-Capture1-C2[144]Montage-3
60,164,732,C0_diffuse_other,4,5500000105_63x_20190528_Capture1-Capture1-C2[144]Montage-3
61,169,704,C0_diffuse_other,4,5500000105_63x_20190528_Capture1-Capture1-C2[144]Montage-3
62,145,709,C0_diffuse_other,4,5500000105_63x_20190528_Capture1-Capture1-C2[144]Montage-3
63,150,682,C0_diffuse_other,4,5500000105_63x_20190528_Capture1-Capture1-C2[144]Montage-3
64,166,680,C0_diffuse_other,4,5500000105_63x_20190528_Capture1-Capture1-C2[144]Montage-3
65,122,685,C0_diffuse_other,4,5500000105_63x_20190528_Capture1-Capture1-C2[144]Montage-3
66,138,683,C0_diffuse_other,4,5500000105_63x_20190528_Capture1-Capture1-C2[144]Montage-3
67,133,706,C0_diffuse_other,4,5500000105_63x_20190528_Capture1-Capture1-C2[144]Montage-3
68,124,730,C0_diffuse_other,4,5500000105_63x_20190528_Capture1-Capture1-C2[144]Montage-3
69,276,819,C0_diffuse_other,4,5500000105_63x_20190528_Capture1-Capture1-C2[144]Montage-3
70,300,819,C0_diffuse_other,4,5500000105_63x_20190528_Capture1-Capture1-C2[144]Montage-3
71,275,833,C0_diffuse_other,4,5500000105_63x_20190528_Capture1-Capture1-C2[144]Montage-3
72,258,845,C0_diffuse_other,4,5500000105_63x_20190528_Capture1-Capture1-C2[144]Montage-3
73,306,854,C0_diffuse_other,4,5500000105_63x_20190528_Capture1-Capture1-C2[144]Montage-3
74,325,835,C0_diffuse_other,4,5500000105_63x_20190528_Capture1-Capture1-C2[144]Montage-3
75,292,838,C0_diffuse_other,4,5500000105_63x_20190528_Capture1-Capture1-C2[144]Montage-3
76,288,858,C0_diffuse_other,4,5500000105_63x_20190528_Capture1-Capture1-C2[144]Montage-3
77,332,874,C0_diffuse_other,4,5500000105_63x_20190528_Capture1-Capture1-C2[144]Montage-3
78,352,884,C0_diffuse_other,4,5500000105_63x_20190528_Capture1-Capture1-C2[144]Montage-3
79,483,1030,C0_diffuse_other,4,5500000105_63x_20190528_Capture1-Capture1-C2[144]Montage-3
80,468,1022,C0_diffuse_other,4,5500000105_63x_20190528_Capture1-Capture1-C2[144]Montage-3
81,471,994,C0_diffuse_other,4,5500000105_63x_20190528_Capture1-Capture1-C2[144]Montage-3
82,497,1008,C0_diffuse_other,4,5500000105_63x_20190528_Capture1-Capture1-C2[144]Montage-3
83,533,999,C0_diffuse_other,4,5500000105_63x_20190528_Capture1-Capture1-C2[144]Montage-3
84,502,1022,C0_diffuse_other,4,5500000105_63x_20190528_Capture1-Capture1-C2[144]Montage-3
85,523,1020,C0_diffuse_other,4,5500000105_63x_20190528_Capture1-Capture1-C2[144]Montage-3
86,524,1229,C0_diffuse_other,4,5500000105_63x_20190528_Capture1-Capture1-C2[144]Montage-3
87,528,1207,C0_diffuse_other,4,5500000105_63x_20190528_Capture1-Capture1-C2[144]Montage-3
88,586,1223,C0_diffuse_other,4,5500000105_63x_20190528_Capture1-Capture1-C2[144]Montage-3
89,622,1222,C0_diffuse_other,4,5500000105_63x_20190528_Capture1-Capture1-C2[144]Montage-3
90,634,1214,C0_diffuse_other,4,5500000105_63x_20190528_Capture1-Capture1-C2[144]Montage-3
91,652,896,C0_diffuse_other,4,5500000105_63x_20190528_Capture1-Capture1-C2[144]Montage-3
92,677,898,C0_diffuse_other,4,5500000105_63x_20190528_Capture1-Capture1-C2[144]Montage-3
93,689,917,C0_diffuse_other,4,5500000105_63x_20190528_Capture1-Capture1-C2[144]Montage-3
94,731,917,C0_diffuse_other,4,5500000105_63x_20190528_Capture1-Capture1-C2[144]Montage-3
95,766,927,C0_diffuse_other,4,5500000105_63x_20190528_Capture1-Capture1-C2[144]Montage-3
96,792,944,C0_diffuse_other,4,5500000105_63x_20190528_Capture1-Capture1-C2[144]Montage-3
97,763,944,C0_diffuse_other,4,5500000105_63x_20190528_Capture1-Capture1-C2[144]Montage-3
98,749,931,C0_diffuse_other,4,5500000105_63x_20190528_Capture1-Capture1-C2[144]Montage-3
99,731,953,C0_diffuse_other,4,5500000105_63x_20190528_Capture1-Capture1-C2[144]Montage-3
100,703,948,C0_diffuse_other,4,5500000105_63x_20190528_Capture1-Capture1-C2[144]Montage-3
101,723,937,C0_diffuse_other,4,5500000105_63x_20190528_Capture1-Capture1-C2[144]Montage-3
102,704,929,C0_diffuse_other,4,5500000105_63x_20190528_Capture1-Capture1-C2[144]Montage-3
103,708,913,C0_diffuse_other,4,5500000105_63x_20190528_Capture1-Capture1-C2[144]Montage-3
104,751,984,C0_diffuse_other,5,5500000105_63x_20190528_Capture1-Capture1-C2[144]Montage-4
105,759,967,C0_diffuse_other,5,5500000105_63x_20190528_Capture1-Capture1-C2[144]Montage-4
106,775,979,C0_diffuse_other,5,5500000105_63x_20190528_Capture1-Capture1-C2[144]Montage-4
107,813,968,C0_diffuse_other,5,5500000105_63x_20190528_Capture1-Capture1-C2[144]Montage-4
108,806,963,C0_diffuse_other,5,5500000105_63x_20190528_Capture1-Capture1-C2[144]Montage-4
109,796,975,C0_diffuse_other,5,5500000105_63x_20190528_Capture1-Capture1-C2[144]Montage-4
110,773,1004,C0_diffuse_other,5,5500000105_63x_20190528_Capture1-Capture1-C2[144]Montage-4
111,755,1008,C0_diffuse_other,5,5500000105_63x_20190528_Capture1-Capture1-C2[144]Montage-4
112,767,989,C0_diffuse_other,5,5500000105_63x_20190528_Capture1-Capture1-C2[144]Montage-4
113,111,969,C0_diffuse_other,5,5500000105_63x_20190528_Capture1-Capture1-C2[144]Montage-4
114,131,969,C0_diffuse_other,5,5500000105_63x_20190528_Capture1-Capture1-C2[144]Montage-4
115,155,967,C0_diffuse_other,5,5500000105_63x_20190528_Capture1-Capture1-C2[144]Montage-4
116,109,981,C0_diffuse_other,5,5500000105_63x_20190528_Capture1-Capture1-C2[144]Montage-4
117,126,1008,C0_diffuse_other,5,5500000105_63x_20190528_Capture1-Capture1-C2[144]Montage-4
118,159,1011,C0_diffuse_other,5,5500000105_63x_20190528_Capture1-Capture1-C2[144]Montage-4
119,136,984,C0_diffuse_other,5,5500000105_63x_20190528_Capture1-Capture1-C2[144]Montage-4
120,119,991,C0_diffuse_other,5,5500000105_63x_20190528_Capture1-Capture1-C2[144]Montage-4
121,114,1011,C0_diffuse_other,5,5500000105_63x_20190528_Capture1-Capture1-C2[144]Montage-4
122,131,1032,C0_diffuse_other,5,5500000105_63x_20190528_Capture1-Capture1-C2[144]Montage-4
123,152,1044,C0_diffuse_other,5,5500000105_63x_20190528_Capture1-Capture1-C2[144]Montage-4
124,174,1000,C0_diffuse_other,5,5500000105_63x_20190528_Capture1-Capture1-C2[144]Montage-4
125,190,986,C0_diffuse_other,5,5500000105_63x_20190528_Capture1-Capture1-C2[144]Montage-4
126,159,976,C0_diffuse_other,5,5500000105_63x_20190528_Capture1-Capture1-C2[144]Montage-4
127,154,987,C0_diffuse_other,5,5500000105_63x_20190528_Capture1-Capture1-C2[144]Montage-4
128,145,1006,C0_diffuse_other,5,5500000105_63x_20190528_Capture1-Capture1-C2[144]Montage-4
129,423,1211,C0_diffuse_other,5,5500000105_63x_20190528_Capture1-Capture1-C2[144]Montage-4
130,430,1197,C0_diffuse_other,5,5500000105_63x_20190528_Capture1-Capture1-C2[144]Montage-4
131,399,1200,C0_diffuse_other,5,5500000105_63x_20190528_Capture1-Capture1-C2[144]Montage-4
132,414,1233,C0_diffuse_other,5,5500000105_63x_20190528_Capture1-Capture1-C2[144]Montage-4
133,437,1221,C0_diffuse_other,5,5500000105_63x_20190528_Capture1-Capture1-C2[144]Montage-4
134,454,1210,C0_diffuse_other,5,5500000105_63x_20190528_Capture1-Capture1-C2[144]Montage-4
135,478,1206,C0_diffuse_other,5,5500000105_63x_20190528_Capture1-Capture1-C2[144]Montage-4
136,438,1197,C0_diffuse_other,5,5500000105_63x_20190528_Capture1-Capture1-C2[144]Montage-4
137,406,1219,C0_diffuse_other,5,5500000105_63x_20190528_Capture1-Capture1-C2[144]Montage-4
138,414,1209,C0_diffuse_other,5,5500000105_63x_20190528_Capture1-Capture1-C2[144]Montage-4
139,1015,1479,C0_diffuse_other,5,5500000105_63x_20190528_Capture1-Capture1-C2[144]Montage-4
140,1039,1463,C0_diffuse_other,5,5500000105_63x_20190528_Capture1-Capture1-C2[144]Montage-4
141,1046,1451,C0_diffuse_other,5,5500000105_63x_20190528_Capture1-Capture1-C2[144]Montage-4
142,1075,1453,C0_diffuse_other,5,5500000105_63x_20190528_Capture1-Capture1-C2[144]Montage-4
143,1077,1439,C0_diffuse_other,5,5500000105_63x_20190528_Capture1-Capture1-C2[144]Montage-4
144,1106,1465,C0_diffuse_other,5,5500000105_63x_20190528_Capture1-Capture1-C2[144]Montage-4
145,1112,1490,C0_diffuse_other,5,5500000105_63x_20190528_Capture1-Capture1-C2[144]Montage-4
146,1083,1504,C0_diffuse_other,5,5500000105_63x_20190528_Capture1-Capture1-C2[144]Montage-4
147,1072,1491,C0_diffuse_other,5,5500000105_63x_20190528_Capture1-Capture1-C2[144]Montage-4
148,1043,1491,C0_diffuse_other,5,5500000105_63x_20190528_Capture1-Capture1-C2[144]Montage-4
149,1065,1475,C0_diffuse_other,5,5500000105_63x_20190528_Capture1-Capture1-C2[144]Montage-4
150,1089,1478,C0_diffuse_other,5,5500000105_63x_20190528_Capture1-Capture1-C2[144]Montage-4
151,1101,1501,C0_diffuse_other,5,5500000105_63x_20190528_Capture1-Capture1-C2[144]Montage-4
152,827,1435,C0_diffuse_other,5,5500000105_63x_20190528_Capture1-Capture1-C2[144]Montage-4
153,850,1424,C0_diffuse_other,5,5500000105_63x_20190528_Capture1-Capture1-C2[144]Montage-4
154,857,1446,C0_diffuse_other,5,5500000105_63x_20190528_Capture1-Capture1-C2[144]Montage-4
155,878,1449,C0_diffuse_other,5,5500000105_63x_20190528_Capture1-Capture1-C2[144]Montage-4
156,897,1463,C0_diffuse_other,5,5500000105_63x_20190528_Capture1-Capture1-C2[144]Montage-4
157,916,1468,C0_diffuse_other,5,5500000105_63x_20190528_Capture1-Capture1-C2[144]Montage-4
158,925,1480,C0_diffuse_other,5,5500000105_63x_20190528_Capture1-Capture1-C2[144]Montage-4
159,1228,962,C0_diffuse_other,8,5500000116_63x_20190611_Capture1-Capture1-B5[144]Montage-1
160,1242,949,C0_diffuse_other,8,5500000116_63x_20190611_Capture1-Capture1-B5[144]Montage-1
161,1261,943,C0_diffuse_other,8,5500000116_63x_20190611_Capture1-Capture1-B5[144]Montage-1
162,1288,950,C0_diffuse_other,8,5500000116_63x_20190611_Capture1-Capture1-B5[144]Montage-1
163,1259,970,C0_diffuse_other,8,5500000116_63x_20190611_Capture1-Capture1-B5[144]Montage-1
164,1246,986,C0_diffuse_other,8,5500000116_63x_20190611_Capture1-Capture1-B5[144]Montage-1
165,1282,977,C0_diffuse_other,8,5500000116_63x_20190611_Capture1-Capture1-B5[144]Montage-1
166,1309,965,C0_diffuse_other,8,5500000116_63x_20190611_Capture1-Capture1-B5[144]Montage-1
167,1222,988,C0_diffuse_other,8,5500000116_63x_20190611_Capture1-Capture1-B5[144]Montage-1
168,1191,941,C0_diffuse_other,8,5500000116_63x_20190611_Capture1-Capture1-B5[144]Montage-1
169,1215,925,C0_diffuse_other,8,5500000116_63x_20190611_Capture1-Capture1-B5[144]Montage-1
170,1220,953,C0_diffuse_other,8,5500000116_63x_20190611_Capture1-Capture1-B5[144]Montage-1
171,1239,920,C0_diffuse_other,8,5500000116_63x_20190611_Capture1-Capture1-B5[144]Montage-1
172,1259,914,C0_diffuse_other,8,5500000116_63x_20190611_Capture1-Capture1-B5[144]Montage-1
173,1271,927,C0_diffuse_other,8,5500000116_63x_20190611_Capture1-Capture1-B5[144]Montage-1
174,1304,941,C0_diffuse_other,8,5500000116_63x_20190611_Capture1-Capture1-B5[144]Montage-1
175,1601,761,C0_diffuse_other,8,5500000116_63x_20190611_Capture1-Capture1-B5[144]Montage-1
176,1640,791,C0_diffuse_other,8,5500000116_63x_20190611_Capture1-Capture1-B5[144]Montage-1
177,1606,788,C0_diffuse_other,8,5500000116_63x_20190611_Capture1-Capture1-B5[144]Montage-1
178,1630,759,C0_diffuse_other,8,5500000116_63x_20190611_Capture1-Capture1-B5[144]Montage-1
179,1669,761,C0_diffuse_other,8,5500000116_63x_20190611_Capture1-Capture1-B5[144]Montage-1
180,1688,743,C0_diffuse_other,8,5500000116_63x_20190611_Capture1-Capture1-B5[144]Montage-1
181,1652,742,C0_diffuse_other,8,5500000116_63x_20190611_Capture1-Capture1-B5[144]Montage-1
182,1641,767,C0_diffuse_other,8,5500000116_63x_20190611_Capture1-Capture1-B5[144]Montage-1
183,1663,769,C0_diffuse_other,8,5500000116_63x_20190611_Capture1-Capture1-B5[144]Montage-1
184,1671,798,C0_diffuse_other,8,5500000116_63x_20190611_Capture1-Capture1-B5[144]Montage-1
185,1641,829,C0_diffuse_other,8,5500000116_63x_20190611_Capture1-Capture1-B5[144]Montage-1
186,1649,850,C0_diffuse_other,8,5500000116_63x_20190611_Capture1-Capture1-B5[144]Montage-1
187,1665,833,C0_diffuse_other,8,5500000116_63x_20190611_Capture1-Capture1-B5[144]Montage-1
188,1647,811,C0_diffuse_other,8,5500000116_63x_20190611_Capture1-Capture1-B5[144]Montage-1
189,1621,798,C0_diffuse_other,8,5500000116_63x_20190611_Capture1-Capture1-B5[144]Montage-1
190,1629,771,C0_diffuse_other,8,5500000116_63x_20190611_Capture1-Capture1-B5[144]Montage-1
191,1616,780,C0_diffuse_other,8,5500000116_63x_20190611_Capture1-Capture1-B5[144]Montage-1
192,529,1539,C0_diffuse_other,8,5500000116_63x_20190611_Capture1-Capture1-B5[144]Montage-1
193,502,1576,C0_diffuse_other,8,5500000116_63x_20190611_Capture1-Capture1-B5[144]Montage-1
194,559,1568,C0_diffuse_other,8,5500000116_63x_20190611_Capture1-Capture1-B5[144]Montage-1
195,585,1552,C0_diffuse_other,8,5500000116_63x_20190611_Capture1-Capture1-B5[144]Montage-1
196,553,1544,C0_diffuse_other,8,5500000116_63x_20190611_Capture1-Capture1-B5[144]Montage-1
197,531,1581,C0_diffuse_other,8,5500000116_63x_20190611_Capture1-Capture1-B5[144]Montage-1
198,510,1573,C0_diffuse_other,8,5500000116_63x_20190611_Capture1-Capture1-B5[144]Montage-1
199,540,1558,C0_diffuse_other,8,5500000116_63x_20190611_Capture1-Capture1-B5[144]Montage-1
200,557,1648,C0_diffuse_other,8,5500000116_63x_20190611_Capture1-Capture1-B5[144]Montage-1
201,536,1618,C0_diffuse_other,8,5500000116_63x_20190611_Capture1-Capture1-B5[144]Montage-1
202,528,1648,C0_diffuse_other,8,5500000116_63x_20190611_Capture1-Capture1-B5[144]Montage-1
203,573,1641,C0_diffuse_other,8,5500000116_63x_20190611_Capture1-Capture1-B5[144]Montage-1
204,601,1633,C0_diffuse_other,8,5500000116_63x_20190611_Capture1-Capture1-B5[144]Montage-1
205,603,1616,C0_diffuse_other,8,5500000116_63x_20190611_Capture1-Capture1-B5[144]Montage-1
206,572,1611,C0_diffuse_other,8,5500000116_63x_20190611_Capture1-Capture1-B5[144]Montage-1
207,602,1593,C0_diffuse_other,8,5500000116_63x_20190611_Capture1-Capture1-B5[144]Montage-1
208,626,1583,C0_diffuse_other,8,5500000116_63x_20190611_Capture1-Capture1-B5[144]Montage-1
209,439,1559,C0_diffuse_other,8,5500000116_63x_20190611_Capture1-Capture1-B5[144]Montage-1
210,462,1571,C0_diffuse_other,8,5500000116_63x_20190611_Capture1-Capture1-B5[144]Montage-1
211,493,1590,C0_diffuse_other,8,5500000116_63x_20190611_Capture1-Capture1-B5[144]Montage-1
212,514,1601,C0_diffuse_other,8,5500000116_63x_20190611_Capture1-Capture1-B5[144]Montage-1
213,481,1609,C0_diffuse_other,8,5500000116_63x_20190611_Capture1-Capture1-B5[144]Montage-1
214,468,1614,C0_diffuse_other,8,5500000116_63x_20190611_Capture1-Capture1-B5[144]Montage-1
215,502,1617,C0_diffuse_other,8,5500000116_63x_20190611_Capture1-Capture1-B5[144]Montage-1
216,517,1629,C0_diffuse_other,8,5500000116_63x_20190611_Capture1-Capture1-B5[144]Montage-1
217,510,1657,C0_diffuse_other,8,5500000116_63x_20190611_Capture1-Capture1-B5[144]Montage-1
218,322,1346,C0_diffuse_other,8,5500000116_63x_20190611_Capture1-Capture1-B5[144]Montage-1
219,342,1329,C0_diffuse_other,8,5500000116_63x_20190611_Capture1-Capture1-B5[144]Montage-1
220,344,1360,C0_diffuse_other,8,5500000116_63x_20190611_Capture1-Capture1-B5[144]Montage-1
221,361,1382,C0_diffuse_other,8,5500000116_63x_20190611_Capture1-Capture1-B5[144]Montage-1
222,387,1408,C0_diffuse_other,8,5500000116_63x_20190611_Capture1-Capture1-B5[144]Montage-1
223,399,1420,C0_diffuse_other,8,5500000116_63x_20190611_Capture1-Capture1-B5[144]Montage-1
224,334,1368,C0_diffuse_other,8,5500000116_63x_20190611_Capture1-Capture1-B5[144]Montage-1
225,296,1352,C0_diffuse_other,8,5500000116_63x_20190611_Capture1-Capture1-B5[144]Montage-1
226,281,1326,C0_diffuse_other,8,5500000116_63x_20190611_Capture1-Capture1-B5[144]Montage-1
227,320,1324,C0_diffuse_other,8,5500000116_63x_20190611_Capture1-Capture1-B5[144]Montage-1
228,311,1334,C0_diffuse_other,8,5500000116_63x_20190611_Capture1-Capture1-B5[144]Montage-1
229,336,1343,C0_diffuse_other,8,5500000116_63x_20190611_Capture1-Capture1-B5[144]Montage-1
230,344,1353,C0_diffuse_other,8,5500000116_63x_20190611_Capture1-Capture1-B5[144]Montage-1
231,593,1434,C0_diffuse_other,8,5500000116_63x_20190611_Capture1-Capture1-B5[144]Montage-1
232,561,1425,C0_diffuse_other,8,5500000116_63x_20190611_Capture1-Capture1-B5[144]Montage-1
233,577,1466,C0_diffuse_other,8,5500000116_63x_20190611_Capture1-Capture1-B5[144]Montage-1
234,578,1451,C0_diffuse_other,8,5500000116_63x_20190611_Capture1-Capture1-B5[144]Montage-1
235,541,1436,C0_diffuse_other,8,5500000116_63x_20190611_Capture1-Capture1-B5[144]Montage-1
236,578,1423,C0_diffuse_other,8,5500000116_63x_20190611_Capture1-Capture1-B5[144]Montage-1
237,565,1439,C0_diffuse_other,8,5500000116_63x_20190611_Capture1-Capture1-B5[144]Montage-1
238,640,1465,C0_diffuse_other,8,5500000116_63x_20190611_Capture1-Capture1-B5[144]Montage-1
239,522,1363,C0_diffuse_other,8,5500000116_63x_20190611_Capture1-Capture1-B5[144]Montage-1
240,522,1363,C0_diffuse_other,8,5500000116_63x_20190611_Capture1-Capture1-B5[144]Montage-1
241,519,1367,C0_diffuse_other,8,5500000116_63x_20190611_Capture1-Capture1-B5[144]Montage-1
242,511,1387,C0_diffuse_other,8,5500000116_63x_20190611_Capture1-Capture1-B5[144]Montage-1
243,414,1127,C0_diffuse_other,8,5500000116_63x_20190611_Capture1-Capture1-B5[144]Montage-1
244,394,1158,C0_diffuse_other,8,5500000116_63x_20190611_Capture1-Capture1-B5[144]Montage-1
245,444,1176,C0_diffuse_other,8,5500000116_63x_20190611_Capture1-Capture1-B5[144]Montage-1
246,437,1152,C0_diffuse_other,8,5500000116_63x_20190611_Capture1-Capture1-B5[144]Montage-1
247,419,1145,C0_diffuse_other,8,5500000116_63x_20190611_Capture1-Capture1-B5[144]Montage-1
248,395,1164,C0_diffuse_other,8,5500000116_63x_20190611_Capture1-Capture1-B5[144]Montage-1
249,419,1164,C0_diffuse_other,8,5500000116_63x_20190611_Capture1-Capture1-B5[144]Montage-1
250,418,1180,C0_diffuse_other,8,5500000116_63x_20190611_Capture1-Capture1-B5[144]Montage-1
251,382,1178,C0_diffuse_other,8,5500000116_63x_20190611_Capture1-Capture1-B5[144]Montage-1
252,403,1178,C0_diffuse_other,8,5500000116_63x_20190611_Capture1-Capture1-B5[144]Montage-1
253,407,1158,C0_diffuse_other,8,5500000116_63x_20190611_Capture1-Capture1-B5[144]Montage-1
254,246,1250,C0_diffuse_other,8,5500000116_63x_20190611_Capture1-Capture1-B5[144]Montage-1
255,239,1243,C0_diffuse_other,8,5500000116_63x_20190611_Capture1-Capture1-B5[144]Montage-1
256,219,1248,C0_diffuse_other,8,5500000116_63x_20190611_Capture1-Capture1-B5[144]Montage-1
257,227,1273,C0_diffuse_other,8,5500000116_63x_20190611_Capture1-Capture1-B5[144]Montage-1
258,248,1276,C0_diffuse_other,8,5500000116_63x_20190611_Capture1-Capture1-B5[144]Montage-1
259,267,1264,C0_diffuse_other,8,5500000116_63x_20190611_Capture1-Capture1-B5[144]Montage-1
260,217,1257,C0_diffuse_other,8,5500000116_63x_20190611_Capture1-Capture1-B5[144]Montage-1
261,236,1262,C0_diffuse_other,8,5500000116_63x_20190611_Capture1-Capture1-B5[144]Montage-1
262,245,1317,C0_diffuse_other,8,5500000116_63x_20190611_Capture1-Capture1-B5[144]Montage-1
263,209,1360,C0_diffuse_other,8,5500000116_63x_20190611_Capture1-Capture1-B5[144]Montage-1
264,202,1418,C0_diffuse_other,8,5500000116_63x_20190611_Capture1-Capture1-B5[144]Montage-1
265,179,1484,C0_diffuse_other,8,5500000116_63x_20190611_Capture1-Capture1-B5[144]Montage-1
266,166,1507,C0_diffuse_other,8,5500000116_63x_20190611_Capture1-Capture1-B5[144]Montage-1
267,193,1569,C0_diffuse_other,8,5500000116_63x_20190611_Capture1-Capture1-B5[144]Montage-1
268,355,1635,C0_diffuse_other,8,5500000116_63x_20190611_Capture1-Capture1-B5[144]Montage-1
269,384,1592,C0_diffuse_other,8,5500000116_63x_20190611_Capture1-Capture1-B5[144]Montage-1
270,419,1592,C0_diffuse_other,8,5500000116_63x_20190611_Capture1-Capture1-B5[144]Montage-1
271,394,1475,C0_diffuse_other,8,5500000116_63x_20190611_Capture1-Capture1-B5[144]Montage-1
272,387,1511,C0_diffuse_other,8,5500000116_63x_20190611_Capture1-Capture1-B5[144]Montage-1
273,440,1525,C0_diffuse_other,8,5500000116_63x_20190611_Capture1-Capture1-B5[144]Montage-1
274,473,1507,C0_diffuse_other,8,5500000116_63x_20190611_Capture1-Capture1-B5[144]Montage-1
275,439,1475,C0_diffuse_other,8,5500000116_63x_20190611_Capture1-Capture1-B5[144]Montage-1
276,674,1570,C0_diffuse_other,9,5500000116_63x_20190611_Capture1-Capture1-B5[144]Montage-6
277,640,1564,C0_diffuse_other,9,5500000116_63x_20190611_Capture1-Capture1-B5[144]Montage-6
278,589,1564,C0_diffuse_other,9,5500000116_63x_20190611_Capture1-Capture1-B5[144]Montage-6
279,634,1593,C0_diffuse_other,9,5500000116_63x_20190611_Capture1-Capture1-B5[144]Montage-6
280,665,1593,C0_diffuse_other,9,5500000116_63x_20190611_Capture1-Capture1-B5[144]Montage-6
281,660,1585,C0_diffuse_other,9,5500000116_63x_20190611_Capture1-Capture1-B5[144]Montage-6
282,401,1599,C0_diffuse_other,9,5500000116_63x_20190611_Capture1-Capture1-B5[144]Montage-6
283,352,1602,C0_diffuse_other,9,5500000116_63x_20190611_Capture1-Capture1-B5[144]Montage-6
284,380,1606,C0_diffuse_other,9,5500000116_63x_20190611_Capture1-Capture1-B5[144]Montage-6
285,316,1630,C0_diffuse_other,9,5500000116_63x_20190611_Capture1-Capture1-B5[144]Montage-6
286,347,1606,C0_diffuse_other,9,5500000116_63x_20190611_Capture1-Capture1-B5[144]Montage-6
287,147,685,C0_diffuse_other,9,5500000116_63x_20190611_Capture1-Capture1-B5[144]Montage-6
288,186,670,C0_diffuse_other,9,5500000116_63x_20190611_Capture1-Capture1-B5[144]Montage-6
289,212,678,C0_diffuse_other,9,5500000116_63x_20190611_Capture1-Capture1-B5[144]Montage-6
290,207,723,C0_diffuse_other,9,5500000116_63x_20190611_Capture1-Capture1-B5[144]Montage-6
291,116,788,C0_diffuse_other,9,5500000116_63x_20190611_Capture1-Capture1-B5[144]Montage-6
292,135,759,C0_diffuse_other,9,5500000116_63x_20190611_Capture1-Capture1-B5[144]Montage-6
293,148,737,C0_diffuse_other,9,5500000116_63x_20190611_Capture1-Capture1-B5[144]Montage-6
294,159,687,C0_diffuse_other,9,5500000116_63x_20190611_Capture1-Capture1-B5[144]Montage-6
295,200,666,C0_diffuse_other,9,5500000116_63x_20190611_Capture1-Capture1-B5[144]Montage-6
296,222,665,C0_diffuse_other,9,5500000116_63x_20190611_Capture1-Capture1-B5[144]Montage-6
297,607,646,C0_diffuse_other,9,5500000116_63x_20190611_Capture1-Capture1-B5[144]Montage-6
298,633,625,C0_diffuse_other,9,5500000116_63x_20190611_Capture1-Capture1-B5[144]Montage-6
299,656,640,C0_diffuse_other,9,5500000116_63x_20190611_Capture1-Capture1-B5[144]Montage-6
300,610,651,C0_diffuse_other,9,5500000116_63x_20190611_Capture1-Capture1-B5[144]Montage-6
301,619,682,C0_diffuse_other,9,5500000116_63x_20190611_Capture1-Capture1-B5[144]Montage-6
302,624,726,C0_diffuse_other,9,5500000116_63x_20190611_Capture1-Capture1-B5[144]Montage-6
303,656,713,C0_diffuse_other,9,5500000116_63x_20190611_Capture1-Capture1-B5[144]Montage-6
304,656,696,C0_diffuse_other,9,5500000116_63x_20190611_Capture1-Capture1-B5[144]Montage-6
305,643,661,C0_diffuse_other,9,5500000116_63x_20190611_Capture1-Capture1-B5[144]Montage-6
306,638,696,C0_diffuse_other,9,5500000116_63x_20190611_Capture1-Capture1-B5[144]Montage-6
307,644,737,C0_diffuse_other,9,5500000116_63x_20190611_Capture1-Capture1-B5[144]Montage-6
308,628,762,C0_diffuse_other,9,5500000116_63x_20190611_Capture1-Capture1-B5[144]Montage-6
309,641,787,C0_diffuse_other,9,5500000116_63x_20190611_Capture1-Capture1-B5[144]Montage-6
310,653,759,C0_diffuse_other,9,5500000116_63x_20190611_Capture1-Capture1-B5[144]Montage-6
311,664,720,C0_diffuse_other,9,5500000116_63x_20190611_Capture1-Capture1-B5[144]Montage-6
312,620,714,C0_diffuse_other,9,5500000116_63x_20190611_Capture1-Capture1-B5[144]Montage-6
313,631,692,C0_diffuse_other,9,5500000116_63x_20190611_Capture1-Capture1-B5[144]Montage-6
314,632,672,C0_diffuse_other,9,5500000116_63x_20190611_Capture1-Capture1-B5[144]Montage-6
315,148,958,C0_diffuse_other,2,5500000102_63x_20190604_Capture1-Capture1-C2[144]Montage-13
316,162,933,C0_diffuse_other,2,5500000102_63x_20190604_Capture1-Capture1-C2[144]Montage-13
317,171,917,C0_diffuse_other,2,5500000102_63x_20190604_Capture1-Capture1-C2[144]Montage-13
318,197,879,C0_diffuse_other,2,5500000102_63x_20190604_Capture1-Capture1-C2[144]Montage-13
319,187,905,C0_diffuse_other,2,5500000102_63x_20190604_Capture1-Capture1-C2[144]Montage-13
320,191,934,C0_diffuse_other,2,5500000102_63x_20190604_Capture1-Capture1-C2[144]Montage-13
321,196,967,C0_diffuse_other,2,5500000102_63x_20190604_Capture1-Capture1-C2[144]Montage-13
322,184,986,C0_diffuse_other,2,5500000102_63x_20190604_Capture1-Capture1-C2[144]Montage-13
323,173,971,C0_diffuse_other,2,5500000102_63x_20190604_Capture1-Capture1-C2[144]Montage-13
324,117,964,C0_diffuse_other,2,5500000102_63x_20190604_Capture1-Capture1-C2[144]Montage-13
325,83,949,C0_diffuse_other,2,5500000102_63x_20190604_Capture1-Capture1-C2[144]Montage-13
326,112,938,C0_diffuse_other,2,5500000102_63x_20190604_Capture1-Capture1-C2[144]Montage-13
327,139,941,C0_diffuse_other,2,5500000102_63x_20190604_Capture1-Capture1-C2[144]Montage-13
328,221,918,C0_diffuse_other,2,5500000102_63x_20190604_Capture1-Capture1-C2[144]Montage-13
329,221,906,C0_diffuse_other,2,5500000102_63x_20190604_Capture1-Capture1-C2[144]Montage-13
330,230,918,C0_diffuse_other,2,5500000102_63x_20190604_Capture1-Capture1-C2[144]Montage-13
331,606,807,C0_diffuse_other,2,5500000102_63x_20190604_Capture1-Capture1-C2[144]Montage-13
332,611,826,C0_diffuse_other,2,5500000102_63x_20190604_Capture1-Capture1-C2[144]Montage-13
333,642,813,C0_diffuse_other,2,5500000102_63x_20190604_Capture1-Capture1-C2[144]Montage-13
334,640,807,C0_diffuse_other,2,5500000102_63x_20190604_Capture1-Capture1-C2[144]Montage-13
335,618,840,C0_diffuse_other,2,5500000102_63x_20190604_Capture1-Capture1-C2[144]Montage-13
336,647,826,C0_diffuse_other,2,5500000102_63x_20190604_Capture1-Capture1-C2[144]Montage-13
337,655,845,C0_diffuse_other,2,5500000102_63x_20190604_Capture1-Capture1-C2[144]Montage-13
338,241,1196,C0_diffuse_other,2,5500000102_63x_20190604_Capture1-Capture1-C2[144]Montage-13
339,257,1178,C0_diffuse_other,2,5500000102_63x_20190604_Capture1-Capture1-C2[144]Montage-13
340,261,1192,C0_diffuse_other,2,5500000102_63x_20190604_Capture1-Capture1-C2[144]Montage-13
341,252,1214,C0_diffuse_other,2,5500000102_63x_20190604_Capture1-Capture1-C2[144]Montage-13
342,271,1214,C0_diffuse_other,2,5500000102_63x_20190604_Capture1-Capture1-C2[144]Montage-13
343,275,1235,C0_diffuse_other,2,5500000102_63x_20190604_Capture1-Capture1-C2[144]Montage-13
344,278,1273,C0_diffuse_other,2,5500000102_63x_20190604_Capture1-Capture1-C2[144]Montage-13
345,291,1280,C0_diffuse_other,2,5500000102_63x_20190604_Capture1-Capture1-C2[144]Montage-13
346,296,1289,C0_diffuse_other,2,5500000102_63x_20190604_Capture1-Capture1-C2[144]Montage-13
347,161,1127,C0_diffuse_other,2,5500000102_63x_20190604_Capture1-Capture1-C2[144]Montage-13
348,171,1141,C0_diffuse_other,2,5500000102_63x_20190604_Capture1-Capture1-C2[144]Montage-13
349,514,1395,C0_diffuse_other,2,5500000102_63x_20190604_Capture1-Capture1-C2[144]Montage-13
350,545,1379,C0_diffuse_other,2,5500000102_63x_20190604_Capture1-Capture1-C2[144]Montage-13
351,543,1357,C0_diffuse_other,2,5500000102_63x_20190604_Capture1-Capture1-C2[144]Montage-13
352,561,1379,C0_diffuse_other,2,5500000102_63x_20190604_Capture1-Capture1-C2[144]Montage-13
353,536,1406,C0_diffuse_other,2,5500000102_63x_20190604_Capture1-Capture1-C2[144]Montage-13
354,498,1439,C0_diffuse_other,2,5500000102_63x_20190604_Capture1-Capture1-C2[144]Montage-13
355,527,1425,C0_diffuse_other,2,5500000102_63x_20190604_Capture1-Capture1-C2[144]Montage-13
356,511,1415,C0_diffuse_other,2,5500000102_63x_20190604_Capture1-Capture1-C2[144]Montage-13
357,538,1384,C0_diffuse_other,2,5500000102_63x_20190604_Capture1-Capture1-C2[144]Montage-13
358,980,1622,C0_diffuse_other,2,5500000102_63x_20190604_Capture1-Capture1-C2[144]Montage-13
359,933,1595,C0_diffuse_other,2,5500000102_63x_20190604_Capture1-Capture1-C2[144]Montage-13
360,992,1617,C0_diffuse_other,2,5500000102_63x_20190604_Capture1-Capture1-C2[144]Montage-13
361,1025,1642,C0_diffuse_other,2,5500000102_63x_20190604_Capture1-Capture1-C2[144]Montage-13
362,1047,1672,C0_diffuse_other,2,5500000102_63x_20190604_Capture1-Capture1-C2[144]Montage-13
363,1053,1690,C0_diffuse_other,2,5500000102_63x_20190604_Capture1-Capture1-C2[144]Montage-13
364,1004,1690,C0_diffuse_other,2,5500000102_63x_20190604_Capture1-Capture1-C2[144]Montage-13
365,1021,1670,C0_diffuse_other,2,5500000102_63x_20190604_Capture1-Capture1-C2[144]Montage-13
366,989,1663,C0_diffuse_other,2,5500000102_63x_20190604_Capture1-Capture1-C2[144]Montage-13
367,1009,1640,C0_diffuse_other,2,5500000102_63x_20190604_Capture1-Capture1-C2[144]Montage-13
368,984,1635,C0_diffuse_other,2,5500000102_63x_20190604_Capture1-Capture1-C2[144]Montage-13
369,1087,1321,C0_diffuse_other,2,5500000102_63x_20190604_Capture1-Capture1-C2[144]Montage-13
370,1123,1325,C0_diffuse_other,2,5500000102_63x_20190604_Capture1-Capture1-C2[144]Montage-13
371,1164,1344,C0_diffuse_other,2,5500000102_63x_20190604_Capture1-Capture1-C2[144]Montage-13
372,1127,1355,C0_diffuse_other,2,5500000102_63x_20190604_Capture1-Capture1-C2[144]Montage-13
373,1070,1355,C0_diffuse_other,2,5500000102_63x_20190604_Capture1-Capture1-C2[144]Montage-13
374,1091,1373,C0_diffuse_other,2,5500000102_63x_20190604_Capture1-Capture1-C2[144]Montage-13
375,1103,1399,C0_diffuse_other,2,5500000102_63x_20190604_Capture1-Capture1-C2[144]Montage-13
376,1064,1380,C0_diffuse_other,2,5500000102_63x_20190604_Capture1-Capture1-C2[144]Montage-13
377,1080,1362,C0_diffuse_other,2,5500000102_63x_20190604_Capture1-Capture1-C2[144]Montage-13
378,1091,1343,C0_diffuse_other,2,5500000102_63x_20190604_Capture1-Capture1-C2[144]Montage-13
379,1106,1330,C0_diffuse_other,2,5500000102_63x_20190604_Capture1-Capture1-C2[144]Montage-13
380,1112,1353,C0_diffuse_other,2,5500000102_63x_20190604_Capture1-Capture1-C2[144]Montage-13
381,1109,1375,C0_diffuse_other,2,5500000102_63x_20190604_Capture1-Capture1-C2[144]Montage-13
382,1436,1631,C0_diffuse_other,2,5500000102_63x_20190604_Capture1-Capture1-C2[144]Montage-13
383,1423,1598,C0_diffuse_other,2,5500000102_63x_20190604_Capture1-Capture1-C2[144]Montage-13
384,1458,1604,C0_diffuse_other,2,5500000102_63x_20190604_Capture1-Capture1-C2[144]Montage-13
385,1408,1606,C0_diffuse_other,2,5500000102_63x_20190604_Capture1-Capture1-C2[144]Montage-13
386,1447,1606,C0_diffuse_other,2,5500000102_63x_20190604_Capture1-Capture1-C2[144]Montage-13
387,1424,1617,C0_diffuse_other,2,5500000102_63x_20190604_Capture1-Capture1-C2[144]Montage-13
388,1408,1651,C0_diffuse_other,2,5500000102_63x_20190604_Capture1-Capture1-C2[144]Montage-13
389,1449,1654,C0_diffuse_other,2,5500000102_63x_20190604_Capture1-Capture1-C2[144]Montage-13
390,1449,1677,C0_diffuse_other,2,5500000102_63x_20190604_Capture1-Capture1-C2[144]Montage-13
391,1474,1649,C0_diffuse_other,2,5500000102_63x_20190604_Capture1-Capture1-C2[144]Montage-13
392,1474,1624,C0_diffuse_other,2,5500000102_63x_20190604_Capture1-Capture1-C2[144]Montage-13
393,1430,1649,C0_diffuse_other,2,5500000102_63x_20190604_Capture1-Capture1-C2[144]Montage-13
394,1641,382,C0_diffuse_other,2,5500000102_63x_20190604_Capture1-Capture1-C2[144]Montage-13
395,1605,324,C0_diffuse_other,2,5500000102_63x_20190604_Capture1-Capture1-C2[144]Montage-13
396,1657,324,C0_diffuse_other,2,5500000102_63x_20190604_Capture1-Capture1-C2[144]Montage-13
397,1633,332,C0_diffuse_other,2,5500000102_63x_20190604_Capture1-Capture1-C2[144]Montage-13
398,1599,343,C0_diffuse_other,2,5500000102_63x_20190604_Capture1-Capture1-C2[144]Montage-13
399,1566,277,C0_diffuse_other,2,5500000102_63x_20190604_Capture1-Capture1-C2[144]Montage-13
400,1565,234,C0_diffuse_other,2,5500000102_63x_20190604_Capture1-Capture1-C2[144]Montage-13
401,1535,236,C0_diffuse_other,2,5500000102_63x_20190604_Capture1-Capture1-C2[144]Montage-13
402,1570,263,C0_diffuse_other,2,5500000102_63x_20190604_Capture1-Capture1-C2[144]Montage-13
403,1484,265,C0_diffuse_other,2,5500000102_63x_20190604_Capture1-Capture1-C2[144]Montage-13
404,1472,221,C0_diffuse_other,2,5500000102_63x_20190604_Capture1-Capture1-C2[144]Montage-13
405,1499,229,C0_diffuse_other,2,5500000102_63x_20190604_Capture1-Capture1-C2[144]Montage-13
406,1455,232,C0_diffuse_other,2,5500000102_63x_20190604_Capture1-Capture1-C2[144]Montage-13
407,1455,259,C0_diffuse_other,2,5500000102_63x_20190604_Capture1-Capture1-C2[144]Montage-13
408,1476,302,C0_diffuse_other,2,5500000102_63x_20190604_Capture1-Capture1-C2[144]Montage-13
409,1491,283,C0_diffuse_other,2,5500000102_63x_20190604_Capture1-Capture1-C2[144]Montage-13
410,1491,283,C0_diffuse_other,2,5500000102_63x_20190604_Capture1-Capture1-C2[144]Montage-13
411,1523,277,C0_diffuse_other,2,5500000102_63x_20190604_Capture1-Capture1-C2[144]Montage-13
412,1566,283,C0_diffuse_other,2,5500000102_63x_20190604_Capture1-Capture1-C2[144]Montage-13
413,1587,310,C0_diffuse_other,2,5500000102_63x_20190604_Capture1-Capture1-C2[144]Montage-13
414,1587,355,C0_diffuse_other,2,5500000102_63x_20190604_Capture1-Capture1-C2[144]Montage-13
415,1609,355,C0_diffuse_other,2,5500000102_63x_20190604_Capture1-Capture1-C2[144]Montage-13
416,1633,367,C0_diffuse_other,2,5500000102_63x_20190604_Capture1-Capture1-C2[144]Montage-13
417,1657,370,C0_diffuse_other,2,5500000102_63x_20190604_Capture1-Capture1-C2[144]Montage-13
418,1653,347,C0_diffuse_other,2,5500000102_63x_20190604_Capture1-Capture1-C2[144]Montage-13
419,1637,322,C0_diffuse_other,2,5500000102_63x_20190604_Capture1-Capture1-C2[144]Montage-13
420,1605,339,C0_diffuse_other,2,5500000102_63x_20190604_Capture1-Capture1-C2[144]Montage-13
421,474,1324,C0_diffuse_other,3,5500000102_63x_20190604_Capture1-Capture1-C2[144]Montage-24
422,431,1286,C0_diffuse_other,3,5500000102_63x_20190604_Capture1-Capture1-C2[144]Montage-24
423,419,1281,C0_diffuse_other,3,5500000102_63x_20190604_Capture1-Capture1-C2[144]Montage-24
424,401,1324,C0_diffuse_other,3,5500000102_63x_20190604_Capture1-Capture1-C2[144]Montage-24
425,417,1311,C0_diffuse_other,3,5500000102_63x_20190604_Capture1-Capture1-C2[144]Montage-24
426,448,1311,C0_diffuse_other,3,5500000102_63x_20190604_Capture1-Capture1-C2[144]Montage-24
427,444,1328,C0_diffuse_other,3,5500000102_63x_20190604_Capture1-Capture1-C2[144]Montage-24
428,257,1368,C0_diffuse_other,3,5500000102_63x_20190604_Capture1-Capture1-C2[144]Montage-24
429,300,1371,C0_diffuse_other,3,5500000102_63x_20190604_Capture1-Capture1-C2[144]Montage-24
430,314,1346,C0_diffuse_other,3,5500000102_63x_20190604_Capture1-Capture1-C2[144]Montage-24
431,265,1340,C0_diffuse_other,3,5500000102_63x_20190604_Capture1-Capture1-C2[144]Montage-24
432,238,1340,C0_diffuse_other,3,5500000102_63x_20190604_Capture1-Capture1-C2[144]Montage-24
433,209,1373,C0_diffuse_other,3,5500000102_63x_20190604_Capture1-Capture1-C2[144]Montage-24
434,245,1363,C0_diffuse_other,3,5500000102_63x_20190604_Capture1-Capture1-C2[144]Montage-24
435,456,495,C0_diffuse_other,3,5500000102_63x_20190604_Capture1-Capture1-C2[144]Montage-24
436,483,485,C0_diffuse_other,3,5500000102_63x_20190604_Capture1-Capture1-C2[144]Montage-24
437,444,528,C0_diffuse_other,3,5500000102_63x_20190604_Capture1-Capture1-C2[144]Montage-24
438,434,511,C0_diffuse_other,3,5500000102_63x_20190604_Capture1-Capture1-C2[144]Montage-24
439,403,549,C0_diffuse_other,3,5500000102_63x_20190604_Capture1-Capture1-C2[144]Montage-24
440,431,573,C0_diffuse_other,3,5500000102_63x_20190604_Capture1-Capture1-C2[144]Montage-24
441,452,557,C0_diffuse_other,3,5500000102_63x_20190604_Capture1-Capture1-C2[144]Montage-24
442,474,542,C0_diffuse_other,3,5500000102_63x_20190604_Capture1-Capture1-C2[144]Montage-24
443,485,515,C0_diffuse_other,3,5500000102_63x_20190604_Capture1-Capture1-C2[144]Montage-24
444,474,520,C0_diffuse_other,3,5500000102_63x_20190604_Capture1-Capture1-C2[144]Montage-24
445,452,536,C0_diffuse_other,3,5500000102_63x_20190604_Capture1-Capture1-C2[144]Montage-24
446,1176,1325,C0_diffuse_other,3,5500000102_63x_20190604_Capture1-Capture1-C2[144]Montage-24
447,1163,1317,C0_diffuse_other,3,5500000102_63x_20190604_Capture1-Capture1-C2[144]Montage-24
448,1123,1307,C0_diffuse_other,3,5500000102_63x_20190604_Capture1-Capture1-C2[144]Montage-24
449,1085,1321,C0_diffuse_other,3,5500000102_63x_20190604_Capture1-Capture1-C2[144]Montage-24
450,1087,1281,C0_diffuse_other,3,5500000102_63x_20190604_Capture1-Capture1-C2[144]Montage-24
451,1112,1264,C0_diffuse_other,3,5500000102_63x_20190604_Capture1-Capture1-C2[144]Montage-24
452,1149,1295,C0_diffuse_other,3,5500000102_63x_20190604_Capture1-Capture1-C2[144]Montage-24
453,1090,1307,C0_diffuse_other,3,5500000102_63x_20190604_Capture1-Capture1-C2[144]Montage-24
454,1079,1307,C0_diffuse_other,3,5500000102_63x_20190604_Capture1-Capture1-C2[144]Montage-24
455,1087,1321,C0_diffuse_other,3,5500000102_63x_20190604_Capture1-Capture1-C2[144]Montage-24
456,1106,1340,C0_diffuse_other,3,5500000102_63x_20190604_Capture1-Capture1-C2[144]Montage-24
457,294,1432,C0_diffuse_other,3,5500000102_63x_20190604_Capture1-Capture1-C2[144]Montage-24
458,335,1432,C0_diffuse_other,3,5500000102_63x_20190604_Capture1-Capture1-C2[144]Montage-24
459,308,1412,C0_diffuse_other,3,5500000102_63x_20190604_Capture1-Capture1-C2[144]Montage-24
460,249,1412,C0_diffuse_other,3,5500000102_63x_20190604_Capture1-Capture1-C2[144]Montage-24
461,195,1416,C0_diffuse_other,3,5500000102_63x_20190604_Capture1-Capture1-C2[144]Montage-24
462,216,1416,C0_diffuse_other,3,5500000102_63x_20190604_Capture1-Capture1-C2[144]Montage-24
463,230,1392,C0_diffuse_other,3,5500000102_63x_20190604_Capture1-Capture1-C2[144]Montage-24
464,316,1388,C0_diffuse_other,3,5500000102_63x_20190604_Capture1-Capture1-C2[144]Montage-24
465,367,1416,C0_diffuse_other,3,5500000102_63x_20190604_Capture1-Capture1-C2[144]Montage-24
466,382,1408,C0_diffuse_other,3,5500000102_63x_20190604_Capture1-Capture1-C2[144]Montage-24
467,359,1435,C0_diffuse_other,3,5500000102_63x_20190604_Capture1-Capture1-C2[144]Montage-24
468,281,1416,C0_diffuse_other,3,5500000102_63x_20190604_Capture1-Capture1-C2[144]Montage-24
469,1188,1486,C0_diffuse_other,3,5500000102_63x_20190604_Capture1-Capture1-C2[144]Montage-24
470,1234,1480,C0_diffuse_other,3,5500000102_63x_20190604_Capture1-Capture1-C2[144]Montage-24
471,1274,1457,C0_diffuse_other,3,5500000102_63x_20190604_Capture1-Capture1-C2[144]Montage-24
472,1295,1488,C0_diffuse_other,3,5500000102_63x_20190604_Capture1-Capture1-C2[144]Montage-24
473,1256,1492,C0_diffuse_other,3,5500000102_63x_20190604_Capture1-Capture1-C2[144]Montage-24
474,1215,1492,C0_diffuse_other,3,5500000102_63x_20190604_Capture1-Capture1-C2[144]Montage-24
475,1198,1496,C0_diffuse_other,3,5500000102_63x_20190604_Capture1-Capture1-C2[144]Montage-24
476,1205,1533,C0_diffuse_other,3,5500000102_63x_20190604_Capture1-Capture1-C2[144]Montage-24
477,1110,1533,C0_diffuse_other,3,5500000102_63x_20190604_Capture1-Capture1-C2[144]Montage-24
478,1052,1527,C0_diffuse_other,3,5500000102_63x_20190604_Capture1-Capture1-C2[144]Montage-24
479,1009,1533,C0_diffuse_other,3,5500000102_63x_20190604_Capture1-Capture1-C2[144]Montage-24
480,1051,1539,C0_diffuse_other,3,5500000102_63x_20190604_Capture1-Capture1-C2[144]Montage-24
481,1079,1542,C0_diffuse_other,3,5500000102_63x_20190604_Capture1-Capture1-C2[144]Montage-24
482,1104,1546,C0_diffuse_other,3,5500000102_63x_20190604_Capture1-Capture1-C2[144]Montage-24
483,1123,1543,C0_diffuse_other,3,5500000102_63x_20190604_Capture1-Capture1-C2[144]Montage-24
484,1155,1552,C0_diffuse_other,3,5500000102_63x_20190604_Capture1-Capture1-C2[144]Montage-24
485,1206,1560,C0_diffuse_other,3,5500000102_63x_20190604_Capture1-Capture1-C2[144]Montage-24
486,1234,1533,C0_diffuse_other,3,5500000102_63x_20190604_Capture1-Capture1-C2[144]Montage-24
487,1269,1510,C0_diffuse_other,3,5500000102_63x_20190604_Capture1-Capture1-C2[144]Montage-24
488,1303,1480,C0_diffuse_other,3,5500000102_63x_20190604_Capture1-Capture1-C2[144]Montage-24
489,1262,1465,C0_diffuse_other,3,5500000102_63x_20190604_Capture1-Capture1-C2[144]Montage-24
490,1206,1461,C0_diffuse_other,3,5500000102_63x_20190604_Capture1-Capture1-C2[144]Montage-24
491,1174,1484,C0_diffuse_other,3,5500000102_63x_20190604_Capture1-Capture1-C2[144]Montage-24
492,1215,1478,C0_diffuse_other,3,5500000102_63x_20190604_Capture1-Capture1-C2[144]Montage-24
493,1112,1379,C0_diffuse_other,3,5500000102_63x_20190604_Capture1-Capture1-C2[144]Montage-24
494,1077,1377,C0_diffuse_other,3,5500000102_63x_20190604_Capture1-Capture1-C2[144]Montage-24
495,1095,1385,C0_diffuse_other,3,5500000102_63x_20190604_Capture1-Capture1-C2[144]Montage-24
496,1119,1363,C0_diffuse_other,3,5500000102_63x_20190604_Capture1-Capture1-C2[144]Montage-24
497,1137,1375,C0_diffuse_other,3,5500000102_63x_20190604_Capture1-Capture1-C2[144]Montage-24
498,1127,1400,C0_diffuse_other,3,5500000102_63x_20190604_Capture1-Capture1-C2[144]Montage-24
499,1147,1406,C0_diffuse_other,3,5500000102_63x_20190604_Capture1-Capture1-C2[144]Montage-24
500,1238,1132,C0_diffuse_other,3,5500000102_63x_20190604_Capture1-Capture1-C2[144]Montage-24
501,1192,1132,C0_diffuse_other,3,5500000102_63x_20190604_Capture1-Capture1-C2[144]Montage-24
502,1182,1151,C0_diffuse_other,3,5500000102_63x_20190604_Capture1-Capture1-C2[144]Montage-24
503,1219,1167,C0_diffuse_other,3,5500000102_63x_20190604_Capture1-Capture1-C2[144]Montage-24
504,1266,1167,C0_diffuse_other,3,5500000102_63x_20190604_Capture1-Capture1-C2[144]Montage-24
505,1301,1163,C0_diffuse_other,3,5500000102_63x_20190604_Capture1-Capture1-C2[144]Montage-24
506,1210,1151,C0_diffuse_other,3,5500000102_63x_20190604_Capture1-Capture1-C2[144]Montage-24
507,1182,1153,C0_diffuse_other,3,5500000102_63x_20190604_Capture1-Capture1-C2[144]Montage-24
508,1231,1147,C0_diffuse_other,3,5500000102_63x_20190604_Capture1-Capture1-C2[144]Montage-24
509,1274,1161,C0_diffuse_other,3,5500000102_63x_20190604_Capture1-Capture1-C2[144]Montage-24
510,1258,1143,C0_diffuse_other,3,5500000102_63x_20190604_Capture1-Capture1-C2[144]Montage-24
511,1201,1157,C0_diffuse_other,3,5500000102_63x_20190604_Capture1-Capture1-C2[144]Montage-24
512,1234,1188,C0_diffuse_other,3,5500000102_63x_20190604_Capture1-Capture1-C2[144]Montage-24
513,1252,1186,C0_diffuse_other,3,5500000102_63x_20190604_Capture1-Capture1-C2[144]Montage-24
514,779,1143,C0_diffuse_other,10,5500000118_63x_20190618_Capture1-Capture2-C2[144]Montage-17
515,833,1145,C0_diffuse_other,10,5500000118_63x_20190618_Capture1-Capture2-C2[144]Montage-17
516,867,1149,C0_diffuse_other,10,5500000118_63x_20190618_Capture1-Capture2-C2[144]Montage-17
517,837,1190,C0_diffuse_other,10,5500000118_63x_20190618_Capture1-Capture2-C2[144]Montage-17
518,767,1204,C0_diffuse_other,10,5500000118_63x_20190618_Capture1-Capture2-C2[144]Montage-17
519,799,1225,C0_diffuse_other,10,5500000118_63x_20190618_Capture1-Capture2-C2[144]Montage-17
520,803,1206,C0_diffuse_other,10,5500000118_63x_20190618_Capture1-Capture2-C2[144]Montage-17
521,751,1223,C0_diffuse_other,10,5500000118_63x_20190618_Capture1-Capture2-C2[144]Montage-17
522,791,1229,C0_diffuse_other,10,5500000118_63x_20190618_Capture1-Capture2-C2[144]Montage-17
523,765,1170,C0_diffuse_other,10,5500000118_63x_20190618_Capture1-Capture2-C2[144]Montage-17
524,812,1143,C0_diffuse_other,10,5500000118_63x_20190618_Capture1-Capture2-C2[144]Montage-17
525,837,1161,C0_diffuse_other,10,5500000118_63x_20190618_Capture1-Capture2-C2[144]Montage-17
526,878,1163,C0_diffuse_other,10,5500000118_63x_20190618_Capture1-Capture2-C2[144]Montage-17
527,917,1116,C0_diffuse_other,10,5500000118_63x_20190618_Capture1-Capture2-C2[144]Montage-17
528,945,1110,C0_diffuse_other,10,5500000118_63x_20190618_Capture1-Capture2-C2[144]Montage-17
529,983,1106,C0_diffuse_other,10,5500000118_63x_20190618_Capture1-Capture2-C2[144]Montage-17
530,945,1131,C0_diffuse_other,10,5500000118_63x_20190618_Capture1-Capture2-C2[144]Montage-17
531,884,1126,C0_diffuse_other,10,5500000118_63x_20190618_Capture1-Capture2-C2[144]Montage-17
532,894,1103,C0_diffuse_other,10,5500000118_63x_20190618_Capture1-Capture2-C2[144]Montage-17
533,841,1118,C0_diffuse_other,10,5500000118_63x_20190618_Capture1-Capture2-C2[144]Montage-17
534,892,1136,C0_diffuse_other,10,5500000118_63x_20190618_Capture1-Capture2-C2[144]Montage-17
535,910,1131,C0_diffuse_other,10,5500000118_63x_20190618_Capture1-Capture2-C2[144]Montage-17
536,759,1210,C0_diffuse_other,10,5500000118_63x_20190618_Capture1-Capture2-C2[144]Montage-17
537,734,1239,C0_diffuse_other,10,5500000118_63x_20190618_Capture1-Capture2-C2[144]Montage-17
538,789,1179,C0_diffuse_other,10,5500000118_63x_20190618_Capture1-Capture2-C2[144]Montage-17
539,798,1200,C0_diffuse_other,10,5500000118_63x_20190618_Capture1-Capture2-C2[144]Montage-17
540,1145,1122,C0_diffuse_other,10,5500000118_63x_20190618_Capture1-Capture2-C2[144]Montage-17
541,1145,1081,C0_diffuse_other,10,5500000118_63x_20190618_Capture1-Capture2-C2[144]Montage-17
542,1124,1083,C0_diffuse_other,10,5500000118_63x_20190618_Capture1-Capture2-C2[144]Montage-17
543,1112,1068,C0_diffuse_other,10,5500000118_63x_20190618_Capture1-Capture2-C2[144]Montage-17
544,1106,1106,C0_diffuse_other,10,5500000118_63x_20190618_Capture1-Capture2-C2[144]Montage-17
545,1083,1151,C0_diffuse_other,10,5500000118_63x_20190618_Capture1-Capture2-C2[144]Montage-17
546,1133,1151,C0_diffuse_other,10,5500000118_63x_20190618_Capture1-Capture2-C2[144]Montage-17
547,1159,1196,C0_diffuse_other,10,5500000118_63x_20190618_Capture1-Capture2-C2[144]Montage-17
548,1209,1192,C0_diffuse_other,10,5500000118_63x_20190618_Capture1-Capture2-C2[144]Montage-17
549,1196,1174,C0_diffuse_other,10,5500000118_63x_20190618_Capture1-Capture2-C2[144]Montage-17
550,1184,1151,C0_diffuse_other,10,5500000118_63x_20190618_Capture1-Capture2-C2[144]Montage-17
551,1135,1161,C0_diffuse_other,10,5500000118_63x_20190618_Capture1-Capture2-C2[144]Montage-17
552,1139,1192,C0_diffuse_other,10,5500000118_63x_20190618_Capture1-Capture2-C2[144]Montage-17
553,1098,1157,C0_diffuse_other,10,5500000118_63x_20190618_Capture1-Capture2-C2[144]Montage-17
554,1114,1132,C0_diffuse_other,10,5500000118_63x_20190618_Capture1-Capture2-C2[144]Montage-17
555,1155,1143,C0_diffuse_other,10,5500000118_63x_20190618_Capture1-Capture2-C2[144]Montage-17
556,1190,1103,C0_diffuse_other,10,5500000118_63x_20190618_Capture1-Capture2-C2[144]Montage-17
557,1155,1091,C0_diffuse_other,10,5500000118_63x_20190618_Capture1-Capture2-C2[144]Montage-17
558,1141,1102,C0_diffuse_other,10,5500000118_63x_20190618_Capture1-Capture2-C2[144]Montage-17
559,1110,1107,C0_diffuse_other,10,5500000118_63x_20190618_Capture1-Capture2-C2[144]Montage-17
560,1090,1139,C0_diffuse_other,10,5500000118_63x_20190618_Capture1-Capture2-C2[144]Montage-17
561,1114,1118,C0_diffuse_other,10,5500000118_63x_20190618_Capture1-Capture2-C2[144]Montage-17
562,1143,1111,C0_diffuse_other,10,5500000118_63x_20190618_Capture1-Capture2-C2[144]Montage-17
563,1445,1599,C0_diffuse_other,6,5500000115_63x_20190625_Capture1-Capture1-C2[144]Montage-12
564,1400,1607,C0_diffuse_other,6,5500000115_63x_20190625_Capture1-Capture1-C2[144]Montage-12
565,1429,1632,C0_diffuse_other,6,5500000115_63x_20190625_Capture1-Capture1-C2[144]Montage-12
566,1467,1632,C0_diffuse_other,6,5500000115_63x_20190625_Capture1-Capture1-C2[144]Montage-12
567,1501,1581,C0_diffuse_other,6,5500000115_63x_20190625_Capture1-Capture1-C2[144]Montage-12
568,1501,1550,C0_diffuse_other,6,5500000115_63x_20190625_Capture1-Capture1-C2[144]Montage-12
569,1546,1535,C0_diffuse_other,6,5500000115_63x_20190625_Capture1-Capture1-C2[144]Montage-12
570,1594,1550,C0_diffuse_other,6,5500000115_63x_20190625_Capture1-Capture1-C2[144]Montage-12
571,1612,1566,C0_diffuse_other,6,5500000115_63x_20190625_Capture1-Capture1-C2[144]Montage-12
572,1556,1605,C0_diffuse_other,6,5500000115_63x_20190625_Capture1-Capture1-C2[144]Montage-12
573,1538,1578,C0_diffuse_other,6,5500000115_63x_20190625_Capture1-Capture1-C2[144]Montage-12
574,1587,1577,C0_diffuse_other,6,5500000115_63x_20190625_Capture1-Capture1-C2[144]Montage-12
575,1566,1636,C0_diffuse_other,6,5500000115_63x_20190625_Capture1-Capture1-C2[144]Montage-12
576,1507,1624,C0_diffuse_other,6,5500000115_63x_20190625_Capture1-Capture1-C2[144]Montage-12
577,1534,1597,C0_diffuse_other,6,5500000115_63x_20190625_Capture1-Capture1-C2[144]Montage-12
578,1531,1636,C0_diffuse_other,6,5500000115_63x_20190625_Capture1-Capture1-C2[144]Montage-12
579,1491,1665,C0_diffuse_other,6,5500000115_63x_20190625_Capture1-Capture1-C2[144]Montage-12
580,1552,1665,C0_diffuse_other,6,5500000115_63x_20190625_Capture1-Capture1-C2[144]Montage-12
581,1617,1620,C0_diffuse_other,6,5500000115_63x_20190625_Capture1-Capture1-C2[144]Montage-12
582,1663,1582,C0_diffuse_other,6,5500000115_63x_20190625_Capture1-Capture1-C2[144]Montage-12
583,1637,1543,C0_diffuse_other,6,5500000115_63x_20190625_Capture1-Capture1-C2[144]Montage-12
584,1651,1509,C0_diffuse_other,6,5500000115_63x_20190625_Capture1-Capture1-C2[144]Montage-12
585,1609,1517,C0_diffuse_other,6,5500000115_63x_20190625_Capture1-Capture1-C2[144]Montage-12
586,1617,1562,C0_diffuse_other,6,5500000115_63x_20190625_Capture1-Capture1-C2[144]Montage-12
587,1605,1581,C0_diffuse_other,6,5500000115_63x_20190625_Capture1-Capture1-C2[144]Montage-12
588,1562,1521,C0_diffuse_other,6,5500000115_63x_20190625_Capture1-Capture1-C2[144]Montage-12
589,1723,1558,C0_diffuse_other,6,5500000115_63x_20190625_Capture1-Capture1-C2[144]Montage-12
590,1762,1595,C0_diffuse_other,6,5500000115_63x_20190625_Capture1-Capture1-C2[144]Montage-12
591,1733,1605,C0_diffuse_other,6,5500000115_63x_20190625_Capture1-Capture1-C2[144]Montage-12
592,1677,1603,C0_diffuse_other,6,5500000115_63x_20190625_Capture1-Capture1-C2[144]Montage-12
593,1694,1564,C0_diffuse_other,6,5500000115_63x_20190625_Capture1-Capture1-C2[144]Montage-12
594,1680,1582,C0_diffuse_other,6,5500000115_63x_20190625_Capture1-Capture1-C2[144]Montage-12
595,1677,1533,C0_diffuse_other,6,5500000115_63x_20190625_Capture1-Capture1-C2[144]Montage-12
596,680,1313,C1_fibers,11,5500000118_63x_20190618_Capture1-Capture2-C2[144]Montage-6
597,652,1295,C1_fibers,11,5500000118_63x_20190618_Capture1-Capture2-C2[144]Montage-6
598,617,1273,C1_fibers,11,5500000118_63x_20190618_Capture1-Capture2-C2[144]Montage-6
599,580,1253,C1_fibers,11,5500000118_63x_20190618_Capture1-Capture2-C2[144]Montage-6
600,549,1238,C1_fibers,11,5500000118_63x_20190618_Capture1-Capture2-C2[144]Montage-6
601,514,1220,C1_fibers,11,5500000118_63x_20190618_Capture1-Capture2-C2[144]Montage-6
602,471,1199,C1_fibers,11,5500000118_63x_20190618_Capture1-Capture2-C2[144]Montage-6
603,712,1281,C1_fibers,11,5500000118_63x_20190618_Capture1-Capture2-C2[144]Montage-6
604,672,1267,C1_fibers,11,5500000118_63x_20190618_Capture1-Capture2-C2[144]Montage-6
605,629,1247,C1_fibers,11,5500000118_63x_20190618_Capture1-Capture2-C2[144]Montage-6
606,581,1226,C1_fibers,11,5500000118_63x_20190618_Capture1-Capture2-C2[144]Montage-6
607,539,1214,C1_fibers,11,5500000118_63x_20190618_Capture1-Capture2-C2[144]Montage-6
608,502,1202,C1_fibers,11,5500000118_63x_20190618_Capture1-Capture2-C2[144]Montage-6
609,928,1171,C1_fibers,11,5500000118_63x_20190618_Capture1-Capture2-C2[144]Montage-6
610,917,1155,C1_fibers,11,5500000118_63x_20190618_Capture1-Capture2-C2[144]Montage-6
611,897,1137,C1_fibers,11,5500000118_63x_20190618_Capture1-Capture2-C2[144]Montage-6
612,708,1250,C1_fibers,11,5500000118_63x_20190618_Capture1-Capture2-C2[144]Montage-6
613,676,1237,C1_fibers,11,5500000118_63x_20190618_Capture1-Capture2-C2[144]Montage-6
614,640,1220,C1_fibers,11,5500000118_63x_20190618_Capture1-Capture2-C2[144]Montage-6
615,606,1205,C1_fibers,11,5500000118_63x_20190618_Capture1-Capture2-C2[144]Montage-6
616,565,1190,C1_fibers,11,5500000118_63x_20190618_Capture1-Capture2-C2[144]Montage-6
617,516,1180,C1_fibers,11,5500000118_63x_20190618_Capture1-Capture2-C2[144]Montage-6
618,1658,1176,C1_fibers,2,5500000102_63x_20190604_Capture1-Capture1-C2[144]Montage-13
619,1671,1183,C1_fibers,2,5500000102_63x_20190604_Capture1-Capture1-C2[144]Montage-13
620,1685,1190,C1_fibers,2,5500000102_63x_20190604_Capture1-Capture1-C2[144]Montage-13
621,1700,1198,C1_fibers,2,5500000102_63x_20190604_Capture1-Capture1-C2[144]Montage-13
622,1721,1209,C1_fibers,2,5500000102_63x_20190604_Capture1-Capture1-C2[144]Montage-13
623,1594,1221,C1_fibers,2,5500000102_63x_20190604_Capture1-Capture1-C2[144]Montage-13
624,1611,1216,C1_fibers,2,5500000102_63x_20190604_Capture1-Capture1-C2[144]Montage-13
625,1627,1216,C1_fibers,2,5500000102_63x_20190604_Capture1-Capture1-C2[144]Montage-13
626,1635,1216,C1_fibers,2,5500000102_63x_20190604_Capture1-Capture1-C2[144]Montage-13
627,1343,1161,C1_fibers,2,5500000102_63x_20190604_Capture1-Capture1-C2[144]Montage-13
628,1352,1174,C1_fibers,2,5500000102_63x_20190604_Capture1-Capture1-C2[144]Montage-13
629,1360,1182,C1_fibers,2,5500000102_63x_20190604_Capture1-Capture1-C2[144]Montage-13
630,1369,1190,C1_fibers,2,5500000102_63x_20190604_Capture1-Capture1-C2[144]Montage-13
631,1378,1193,C1_fibers,2,5500000102_63x_20190604_Capture1-Capture1-C2[144]Montage-13
632,1388,1200,C1_fibers,2,5500000102_63x_20190604_Capture1-Capture1-C2[144]Montage-13
633,1202,1266,C1_fibers,2,5500000102_63x_20190604_Capture1-Capture1-C2[144]Montage-13
634,1210,1274,C1_fibers,2,5500000102_63x_20190604_Capture1-Capture1-C2[144]Montage-13
635,1223,1290,C1_fibers,2,5500000102_63x_20190604_Capture1-Capture1-C2[144]Montage-13
636,1238,1305,C1_fibers,2,5500000102_63x_20190604_Capture1-Capture1-C2[144]Montage-13
637,1257,1317,C1_fibers,2,5500000102_63x_20190604_Capture1-Capture1-C2[144]Montage-13
638,1271,1329,C1_fibers,2,5500000102_63x_20190604_Capture1-Capture1-C2[144]Montage-13
639,1283,1339,C1_fibers,2,5500000102_63x_20190604_Capture1-Capture1-C2[144]Montage-13
640,1546,1375,C1_fibers,4,5500000105_63x_20190528_Capture1-Capture1-C2[144]Montage-3
641,1555,1398,C1_fibers,4,5500000105_63x_20190528_Capture1-Capture1-C2[144]Montage-3
642,1558,1422,C1_fibers,4,5500000105_63x_20190528_Capture1-Capture1-C2[144]Montage-3
643,1567,1446,C1_fibers,4,5500000105_63x_20190528_Capture1-Capture1-C2[144]Montage-3
644,1574,1463,C1_fibers,4,5500000105_63x_20190528_Capture1-Capture1-C2[144]Montage-3
645,1580,1485,C1_fibers,4,5500000105_63x_20190528_Capture1-Capture1-C2[144]Montage-3
646,1592,1515,C1_fibers,4,5500000105_63x_20190528_Capture1-Capture1-C2[144]Montage-3
647,1601,1535,C1_fibers,4,5500000105_63x_20190528_Capture1-Capture1-C2[144]Montage-3
648,1525,1416,C1_fibers,4,5500000105_63x_20190528_Capture1-Capture1-C2[144]Montage-3
649,1532,1429,C1_fibers,4,5500000105_63x_20190528_Capture1-Capture1-C2[144]Montage-3
650,1539,1447,C1_fibers,4,5500000105_63x_20190528_Capture1-Capture1-C2[144]Montage-3
651,1548,1463,C1_fibers,4,5500000105_63x_20190528_Capture1-Capture1-C2[144]Montage-3
652,1555,1477,C1_fibers,4,5500000105_63x_20190528_Capture1-Capture1-C2[144]Montage-3
653,1568,1509,C1_fibers,4,5500000105_63x_20190528_Capture1-Capture1-C2[144]Montage-3
654,1570,1514,C1_fibers,4,5500000105_63x_20190528_Capture1-Capture1-C2[144]Montage-3
655,1579,1534,C1_fibers,4,5500000105_63x_20190528_Capture1-Capture1-C2[144]Montage-3
656,1561,1497,C1_fibers,4,5500000105_63x_20190528_Capture1-Capture1-C2[144]Montage-3
657,475,656,C1_fibers,5,5500000105_63x_20190528_Capture1-Capture1-C2[144]Montage-4
658,495,648,C1_fibers,5,5500000105_63x_20190528_Capture1-Capture1-C2[144]Montage-4
659,512,649,C1_fibers,5,5500000105_63x_20190528_Capture1-Capture1-C2[144]Montage-4
660,536,640,C1_fibers,5,5500000105_63x_20190528_Capture1-Capture1-C2[144]Montage-4
661,557,636,C1_fibers,5,5500000105_63x_20190528_Capture1-Capture1-C2[144]Montage-4
662,1211,1415,C1_fibers,5,5500000105_63x_20190528_Capture1-Capture1-C2[144]Montage-4
663,1220,1399,C1_fibers,5,5500000105_63x_20190528_Capture1-Capture1-C2[144]Montage-4
664,1230,1387,C1_fibers,5,5500000105_63x_20190528_Capture1-Capture1-C2[144]Montage-4
665,1244,1370,C1_fibers,5,5500000105_63x_20190528_Capture1-Capture1-C2[144]Montage-4
666,1252,1356,C1_fibers,5,5500000105_63x_20190528_Capture1-Capture1-C2[144]Montage-4
667,1261,1344,C1_fibers,5,5500000105_63x_20190528_Capture1-Capture1-C2[144]Montage-4
668,1273,1327,C1_fibers,5,5500000105_63x_20190528_Capture1-Capture1-C2[144]Montage-4
669,1344,1089,C1_fibers,5,5500000105_63x_20190528_Capture1-Capture1-C2[144]Montage-4
670,1340,1108,C1_fibers,5,5500000105_63x_20190528_Capture1-Capture1-C2[144]Montage-4
671,1337,1119,C1_fibers,5,5500000105_63x_20190528_Capture1-Capture1-C2[144]Montage-4
672,1333,1131,C1_fibers,5,5500000105_63x_20190528_Capture1-Capture1-C2[144]Montage-4
673,1330,1139,C1_fibers,5,5500000105_63x_20190528_Capture1-Capture1-C2[144]Montage-4
674,1328,1149,C1_fibers,5,5500000105_63x_20190528_Capture1-Capture1-C2[144]Montage-4
675,391,586,C1_fibers,8,5500000116_63x_20190611_Capture1-Capture1-B5[144]Montage-1
676,396,598,C1_fibers,8,5500000116_63x_20190611_Capture1-Capture1-B5[144]Montage-1
677,399,604,C1_fibers,8,5500000116_63x_20190611_Capture1-Capture1-B5[144]Montage-1
678,404,621,C1_fibers,8,5500000116_63x_20190611_Capture1-Capture1-B5[144]Montage-1
679,411,636,C1_fibers,8,5500000116_63x_20190611_Capture1-Capture1-B5[144]Montage-1
680,550,563,C1_fibers,8,5500000116_63x_20190611_Capture1-Capture1-B5[144]Montage-1
681,564,582,C1_fibers,8,5500000116_63x_20190611_Capture1-Capture1-B5[144]Montage-1
682,577,605,C1_fibers,8,5500000116_63x_20190611_Capture1-Capture1-B5[144]Montage-1
683,588,629,C1_fibers,8,5500000116_63x_20190611_Capture1-Capture1-B5[144]Montage-1
684,591,644,C1_fibers,8,5500000116_63x_20190611_Capture1-Capture1-B5[144]Montage-1
685,341,572,C1_fibers,8,5500000116_63x_20190611_Capture1-Capture1-B5[144]Montage-1
686,346,605,C1_fibers,8,5500000116_63x_20190611_Capture1-Capture1-B5[144]Montage-1
687,348,623,C1_fibers,8,5500000116_63x_20190611_Capture1-Capture1-B5[144]Montage-1
688,353,648,C1_fibers,8,5500000116_63x_20190611_Capture1-Capture1-B5[144]Montage-1
689,355,668,C1_fibers,8,5500000116_63x_20190611_Capture1-Capture1-B5[144]Montage-1
690,366,706,C1_fibers,8,5500000116_63x_20190611_Capture1-Capture1-B5[144]Montage-1
691,432,767,C1_fibers,8,5500000116_63x_20190611_Capture1-Capture1-B5[144]Montage-1
692,431,781,C1_fibers,8,5500000116_63x_20190611_Capture1-Capture1-B5[144]Montage-1
693,431,800,C1_fibers,8,5500000116_63x_20190611_Capture1-Capture1-B5[144]Montage-1
694,430,816,C1_fibers,8,5500000116_63x_20190611_Capture1-Capture1-B5[144]Montage-1
695,1051,75,C1_fibers,8,5500000116_63x_20190611_Capture1-Capture1-B5[144]Montage-1
696,1055,90,C1_fibers,8,5500000116_63x_20190611_Capture1-Capture1-B5[144]Montage-1
697,1058,108,C1_fibers,8,5500000116_63x_20190611_Capture1-Capture1-B5[144]Montage-1
698,1067,124,C1_fibers,8,5500000116_63x_20190611_Capture1-Capture1-B5[144]Montage-1
699,1069,144,C1_fibers,8,5500000116_63x_20190611_Capture1-Capture1-B5[144]Montage-1
700,1072,165,C1_fibers,8,5500000116_63x_20190611_Capture1-Capture1-B5[144]Montage-1
701,1077,179,C1_fibers,8,5500000116_63x_20190611_Capture1-Capture1-B5[144]Montage-1
702,1084,198,C1_fibers,8,5500000116_63x_20190611_Capture1-Capture1-B5[144]Montage-1
703,1089,209,C1_fibers,8,5500000116_63x_20190611_Capture1-Capture1-B5[144]Montage-1
704,1064,177,C1_fibers,8,5500000116_63x_20190611_Capture1-Capture1-B5[144]Montage-1
705,1067,192,C1_fibers,8,5500000116_63x_20190611_Capture1-Capture1-B5[144]Montage-1
706,1069,206,C1_fibers,8,5500000116_63x_20190611_Capture1-Capture1-B5[144]Montage-1
707,1060,220,C1_fibers,8,5500000116_63x_20190611_Capture1-Capture1-B5[144]Montage-1
708,1021,191,C1_fibers,8,5500000116_63x_20190611_Capture1-Capture1-B5[144]Montage-1
709,1022,206,C1_fibers,8,5500000116_63x_20190611_Capture1-Capture1-B5[144]Montage-1
710,1016,217,C1_fibers,8,5500000116_63x_20190611_Capture1-Capture1-B5[144]Montage-1
711,1218,450,C1_fibers,8,5500000116_63x_20190611_Capture1-Capture1-B5[144]Montage-1
712,1238,455,C1_fibers,8,5500000116_63x_20190611_Capture1-Capture1-B5[144]Montage-1
713,1252,458,C1_fibers,8,5500000116_63x_20190611_Capture1-Capture1-B5[144]Montage-1
714,1276,462,C1_fibers,8,5500000116_63x_20190611_Capture1-Capture1-B5[144]Montage-1
715,1297,464,C1_fibers,8,5500000116_63x_20190611_Capture1-Capture1-B5[144]Montage-1
716,1321,469,C1_fibers,8,5500000116_63x_20190611_Capture1-Capture1-B5[144]Montage-1
717,1338,471,C1_fibers,8,5500000116_63x_20190611_Capture1-Capture1-B5[144]Montage-1
718,1349,476,C1_fibers,8,5500000116_63x_20190611_Capture1-Capture1-B5[144]Montage-1
719,1340,424,C1_fibers,8,5500000116_63x_20190611_Capture1-Capture1-B5[144]Montage-1
720,1359,433,C1_fibers,8,5500000116_63x_20190611_Capture1-Capture1-B5[144]Montage-1
721,1378,433,C1_fibers,8,5500000116_63x_20190611_Capture1-Capture1-B5[144]Montage-1
722,882,996,C1_fibers,8,5500000116_63x_20190611_Capture1-Capture1-B5[144]Montage-1
723,895,1006,C1_fibers,8,5500000116_63x_20190611_Capture1-Capture1-B5[144]Montage-1
724,909,1020,C1_fibers,8,5500000116_63x_20190611_Capture1-Capture1-B5[144]Montage-1
725,923,1032,C1_fibers,8,5500000116_63x_20190611_Capture1-Capture1-B5[144]Montage-1
726,937,1047,C1_fibers,8,5500000116_63x_20190611_Capture1-Capture1-B5[144]Montage-1
727,804,1010,C1_fibers,8,5500000116_63x_20190611_Capture1-Capture1-B5[144]Montage-1
728,815,1023,C1_fibers,8,5500000116_63x_20190611_Capture1-Capture1-B5[144]Montage-1
729,830,1042,C1_fibers,8,5500000116_63x_20190611_Capture1-Capture1-B5[144]Montage-1
730,846,1051,C1_fibers,8,5500000116_63x_20190611_Capture1-Capture1-B5[144]Montage-1
731,863,1063,C1_fibers,8,5500000116_63x_20190611_Capture1-Capture1-B5[144]Montage-1
732,878,1071,C1_fibers,8,5500000116_63x_20190611_Capture1-Capture1-B5[144]Montage-1
733,895,1079,C1_fibers,8,5500000116_63x_20190611_Capture1-Capture1-B5[144]Montage-1
734,916,1089,C1_fibers,8,5500000116_63x_20190611_Capture1-Capture1-B5[144]Montage-1
735,947,1097,C1_fibers,8,5500000116_63x_20190611_Capture1-Capture1-B5[144]Montage-1
736,969,968,C1_fibers,8,5500000116_63x_20190611_Capture1-Capture1-B5[144]Montage-1
737,985,982,C1_fibers,8,5500000116_63x_20190611_Capture1-Capture1-B5[144]Montage-1
738,1007,994,C1_fibers,8,5500000116_63x_20190611_Capture1-Capture1-B5[144]Montage-1
739,1024,1004,C1_fibers,8,5500000116_63x_20190611_Capture1-Capture1-B5[144]Montage-1
740,1046,1017,C1_fibers,8,5500000116_63x_20190611_Capture1-Capture1-B5[144]Montage-1
741,1060,1025,C1_fibers,8,5500000116_63x_20190611_Capture1-Capture1-B5[144]Montage-1
742,581,1506,C1_fibers,8,5500000116_63x_20190611_Capture1-Capture1-B5[144]Montage-1
743,601,1521,C1_fibers,8,5500000116_63x_20190611_Capture1-Capture1-B5[144]Montage-1
744,614,1528,C1_fibers,8,5500000116_63x_20190611_Capture1-Capture1-B5[144]Montage-1
745,634,1542,C1_fibers,8,5500000116_63x_20190611_Capture1-Capture1-B5[144]Montage-1
746,652,1557,C1_fibers,8,5500000116_63x_20190611_Capture1-Capture1-B5[144]Montage-1
747,670,1566,C1_fibers,8,5500000116_63x_20190611_Capture1-Capture1-B5[144]Montage-1
748,462,641,C1_fibers,9,5500000116_63x_20190611_Capture1-Capture1-B5[144]Montage-6
749,456,664,C1_fibers,9,5500000116_63x_20190611_Capture1-Capture1-B5[144]Montage-6
750,449,680,C1_fibers,9,5500000116_63x_20190611_Capture1-Capture1-B5[144]Montage-6
751,445,694,C1_fibers,9,5500000116_63x_20190611_Capture1-Capture1-B5[144]Montage-6
752,439,708,C1_fibers,9,5500000116_63x_20190611_Capture1-Capture1-B5[144]Montage-6
753,433,728,C1_fibers,9,5500000116_63x_20190611_Capture1-Capture1-B5[144]Montage-6
754,425,752,C1_fibers,9,5500000116_63x_20190611_Capture1-Capture1-B5[144]Montage-6
755,639,802,C1_fibers,9,5500000116_63x_20190611_Capture1-Capture1-B5[144]Montage-6
756,639,816,C1_fibers,9,5500000116_63x_20190611_Capture1-Capture1-B5[144]Montage-6
757,636,834,C1_fibers,9,5500000116_63x_20190611_Capture1-Capture1-B5[144]Montage-6
758,640,848,C1_fibers,9,5500000116_63x_20190611_Capture1-Capture1-B5[144]Montage-6
759,1404,31,C1_fibers,2,5500000102_63x_20190604_Capture1-Capture1-C2[144]Montage-13
760,1414,40,C1_fibers,2,5500000102_63x_20190604_Capture1-Capture1-C2[144]Montage-13
761,1429,67,C1_fibers,2,5500000102_63x_20190604_Capture1-Capture1-C2[144]Montage-13
762,1439,84,C1_fibers,2,5500000102_63x_20190604_Capture1-Capture1-C2[144]Montage-13
763,1451,100,C1_fibers,2,5500000102_63x_20190604_Capture1-Capture1-C2[144]Montage-13
764,1463,117,C1_fibers,2,5500000102_63x_20190604_Capture1-Capture1-C2[144]Montage-13
765,1474,131,C1_fibers,2,5500000102_63x_20190604_Capture1-Capture1-C2[144]Montage-13
766,1482,146,C1_fibers,2,5500000102_63x_20190604_Capture1-Capture1-C2[144]Montage-13
767,1491,158,C1_fibers,2,5500000102_63x_20190604_Capture1-Capture1-C2[144]Montage-13
768,1505,181,C1_fibers,2,5500000102_63x_20190604_Capture1-Capture1-C2[144]Montage-13
769,1423,28,C1_fibers,2,5500000102_63x_20190604_Capture1-Capture1-C2[144]Montage-13
770,1431,40,C1_fibers,2,5500000102_63x_20190604_Capture1-Capture1-C2[144]Montage-13
771,1439,51,C1_fibers,2,5500000102_63x_20190604_Capture1-Capture1-C2[144]Montage-13
772,1451,67,C1_fibers,2,5500000102_63x_20190604_Capture1-Capture1-C2[144]Montage-13
773,1463,84,C1_fibers,2,5500000102_63x_20190604_Capture1-Capture1-C2[144]Montage-13
774,1476,102,C1_fibers,2,5500000102_63x_20190604_Capture1-Capture1-C2[144]Montage-13
775,1484,117,C1_fibers,2,5500000102_63x_20190604_Capture1-Capture1-C2[144]Montage-13
776,1491,129,C1_fibers,2,5500000102_63x_20190604_Capture1-Capture1-C2[144]Montage-13
777,1501,142,C1_fibers,2,5500000102_63x_20190604_Capture1-Capture1-C2[144]Montage-13
778,1513,160,C1_fibers,2,5500000102_63x_20190604_Capture1-Capture1-C2[144]Montage-13
779,1519,174,C1_fibers,2,5500000102_63x_20190604_Capture1-Capture1-C2[144]Montage-13
780,1526,189,C1_fibers,2,5500000102_63x_20190604_Capture1-Capture1-C2[144]Montage-13
781,1252,853,C1_fibers,3,5500000102_63x_20190604_Capture1-Capture1-C2[144]Montage-24
782,1270,857,C1_fibers,3,5500000102_63x_20190604_Capture1-Capture1-C2[144]Montage-24
783,1303,861,C1_fibers,3,5500000102_63x_20190604_Capture1-Capture1-C2[144]Montage-24
784,1330,878,C1_fibers,3,5500000102_63x_20190604_Capture1-Capture1-C2[144]Montage-24
785,1355,884,C1_fibers,3,5500000102_63x_20190604_Capture1-Capture1-C2[144]Montage-24
786,1377,889,C1_fibers,3,5500000102_63x_20190604_Capture1-Capture1-C2[144]Montage-24
787,1396,893,C1_fibers,3,5500000102_63x_20190604_Capture1-Capture1-C2[144]Montage-24
788,1414,898,C1_fibers,3,5500000102_63x_20190604_Capture1-Capture1-C2[144]Montage-24
789,1359,1192,C1_fibers,3,5500000102_63x_20190604_Capture1-Capture1-C2[144]Montage-24
790,1390,1194,C1_fibers,3,5500000102_63x_20190604_Capture1-Capture1-C2[144]Montage-24
791,1414,1200,C1_fibers,3,5500000102_63x_20190604_Capture1-Capture1-C2[144]Montage-24
792,1431,1209,C1_fibers,3,5500000102_63x_20190604_Capture1-Capture1-C2[144]Montage-24
793,1445,1221,C1_fibers,3,5500000102_63x_20190604_Capture1-Capture1-C2[144]Montage-24
794,1439,783,C1_fibers,3,5500000102_63x_20190604_Capture1-Capture1-C2[144]Montage-24
795,1463,785,C1_fibers,3,5500000102_63x_20190604_Capture1-Capture1-C2[144]Montage-24
796,1482,803,C1_fibers,3,5500000102_63x_20190604_Capture1-Capture1-C2[144]Montage-24
797,1501,814,C1_fibers,3,5500000102_63x_20190604_Capture1-Capture1-C2[144]Montage-24
798,1462,818,C1_fibers,3,5500000102_63x_20190604_Capture1-Capture1-C2[144]Montage-24
799,1482,836,C1_fibers,3,5500000102_63x_20190604_Capture1-Capture1-C2[144]Montage-24
800,1495,842,C1_fibers,3,5500000102_63x_20190604_Capture1-Capture1-C2[144]Montage-24
801,1527,857,C1_fibers,3,5500000102_63x_20190604_Capture1-Capture1-C2[144]Montage-24
802,1544,863,C1_fibers,3,5500000102_63x_20190604_Capture1-Capture1-C2[144]Montage-24
803,1560,870,C1_fibers,3,5500000102_63x_20190604_Capture1-Capture1-C2[144]Montage-24
804,1569,874,C1_fibers,3,5500000102_63x_20190604_Capture1-Capture1-C2[144]Montage-24
805,1544,933,C1_fibers,3,5500000102_63x_20190604_Capture1-Capture1-C2[144]Montage-24
806,1554,933,C1_fibers,3,5500000102_63x_20190604_Capture1-Capture1-C2[144]Montage-24
807,1573,925,C1_fibers,3,5500000102_63x_20190604_Capture1-Capture1-C2[144]Montage-24
808,1583,925,C1_fibers,3,5500000102_63x_20190604_Capture1-Capture1-C2[144]Montage-24
809,1112,1110,C1_fibers,11,5500000118_63x_20190618_Capture1-Capture2-C2[144]Montage-6
810,1127,1122,C1_fibers,11,5500000118_63x_20190618_Capture1-Capture2-C2[144]Montage-6
811,1145,1126,C1_fibers,11,5500000118_63x_20190618_Capture1-Capture2-C2[144]Montage-6
812,1159,1147,C1_fibers,11,5500000118_63x_20190618_Capture1-Capture2-C2[144]Montage-6
813,1190,1165,C1_fibers,11,5500000118_63x_20190618_Capture1-Capture2-C2[144]Montage-6
814,1206,1175,C1_fibers,11,5500000118_63x_20190618_Capture1-Capture2-C2[144]Montage-6
815,1067,1081,C1_fibers,11,5500000118_63x_20190618_Capture1-Capture2-C2[144]Montage-6
816,1085,1099,C1_fibers,11,5500000118_63x_20190618_Capture1-Capture2-C2[144]Montage-6
817,1065,1085,C1_fibers,11,5500000118_63x_20190618_Capture1-Capture2-C2[144]Montage-6
818,1081,1106,C1_fibers,11,5500000118_63x_20190618_Capture1-Capture2-C2[144]Montage-6
819,1104,1124,C1_fibers,11,5500000118_63x_20190618_Capture1-Capture2-C2[144]Montage-6
820,1123,1145,C1_fibers,11,5500000118_63x_20190618_Capture1-Capture2-C2[144]Montage-6
821,1137,1155,C1_fibers,11,5500000118_63x_20190618_Capture1-Capture2-C2[144]Montage-6
822,1143,1161,C1_fibers,11,5500000118_63x_20190618_Capture1-Capture2-C2[144]Montage-6
823,1153,1165,C1_fibers,11,5500000118_63x_20190618_Capture1-Capture2-C2[144]Montage-6
824,969,1274,C1_fibers,11,5500000118_63x_20190618_Capture1-Capture2-C2[144]Montage-6
825,987,1282,C1_fibers,11,5500000118_63x_20190618_Capture1-Capture2-C2[144]Montage-6
826,997,1297,C1_fibers,11,5500000118_63x_20190618_Capture1-Capture2-C2[144]Montage-6
827,1020,1313,C1_fibers,11,5500000118_63x_20190618_Capture1-Capture2-C2[144]Montage-6
828,1040,1325,C1_fibers,11,5500000118_63x_20190618_Capture1-Capture2-C2[144]Montage-6
829,1069,1344,C1_fibers,11,5500000118_63x_20190618_Capture1-Capture2-C2[144]Montage-6
830,727,818,C1_fibers,11,5500000118_63x_20190618_Capture1-Capture2-C2[144]Montage-6
831,735,845,C1_fibers,11,5500000118_63x_20190618_Capture1-Capture2-C2[144]Montage-6
832,740,863,C1_fibers,11,5500000118_63x_20190618_Capture1-Capture2-C2[144]Montage-6
833,746,882,C1_fibers,11,5500000118_63x_20190618_Capture1-Capture2-C2[144]Montage-6
834,751,902,C1_fibers,11,5500000118_63x_20190618_Capture1-Capture2-C2[144]Montage-6
835,711,857,C1_fibers,11,5500000118_63x_20190618_Capture1-Capture2-C2[144]Montage-6
836,730,893,C1_fibers,11,5500000118_63x_20190618_Capture1-Capture2-C2[144]Montage-6
837,731,904,C1_fibers,11,5500000118_63x_20190618_Capture1-Capture2-C2[144]Montage-6
838,734,914,C1_fibers,11,5500000118_63x_20190618_Capture1-Capture2-C2[144]Montage-6
839,742,939,C1_fibers,11,5500000118_63x_20190618_Capture1-Capture2-C2[144]Montage-6
840,746,957,C1_fibers,11,5500000118_63x_20190618_Capture1-Capture2-C2[144]Montage-6
841,1166,1597,C1_fibers,10,5500000118_63x_20190618_Capture1-Capture2-C2[144]Montage-17
842,1190,1617,C1_fibers,10,5500000118_63x_20190618_Capture1-Capture2-C2[144]Montage-17
843,1213,1636,C1_fibers,10,5500000118_63x_20190618_Capture1-Capture2-C2[144]Montage-17
844,1245,1667,C1_fibers,10,5500000118_63x_20190618_Capture1-Capture2-C2[144]Montage-17
845,1297,1714,C1_fibers,10,5500000118_63x_20190618_Capture1-Capture2-C2[144]Montage-17
846,1264,1685,C1_fibers,10,5500000118_63x_20190618_Capture1-Capture2-C2[144]Montage-17
847,1289,1710,C1_fibers,10,5500000118_63x_20190618_Capture1-Capture2-C2[144]Montage-17
848,1252,1642,C1_fibers,10,5500000118_63x_20190618_Capture1-Capture2-C2[144]Montage-17
849,1258,1650,C1_fibers,10,5500000118_63x_20190618_Capture1-Capture2-C2[144]Montage-17
850,1269,1665,C1_fibers,10,5500000118_63x_20190618_Capture1-Capture2-C2[144]Montage-17
851,1285,1684,C1_fibers,10,5500000118_63x_20190618_Capture1-Capture2-C2[144]Montage-17
852,1297,1696,C1_fibers,10,5500000118_63x_20190618_Capture1-Capture2-C2[144]Montage-17
853,1309,1714,C1_fibers,10,5500000118_63x_20190618_Capture1-Capture2-C2[144]Montage-17
854,1269,1570,C1_fibers,10,5500000118_63x_20190618_Capture1-Capture2-C2[144]Montage-17
855,1299,1589,C1_fibers,10,5500000118_63x_20190618_Capture1-Capture2-C2[144]Montage-17
856,1308,1603,C1_fibers,10,5500000118_63x_20190618_Capture1-Capture2-C2[144]Montage-17
857,1328,1613,C1_fibers,10,5500000118_63x_20190618_Capture1-Capture2-C2[144]Montage-17
858,1340,1625,C1_fibers,10,5500000118_63x_20190618_Capture1-Capture2-C2[144]Montage-17
859,1297,1562,C1_fibers,10,5500000118_63x_20190618_Capture1-Capture2-C2[144]Montage-17
860,1320,1570,C1_fibers,10,5500000118_63x_20190618_Capture1-Capture2-C2[144]Montage-17
861,1330,1585,C1_fibers,10,5500000118_63x_20190618_Capture1-Capture2-C2[144]Montage-17
862,1352,1605,C1_fibers,10,5500000118_63x_20190618_Capture1-Capture2-C2[144]Montage-17
863,1367,1621,C1_fibers,10,5500000118_63x_20190618_Capture1-Capture2-C2[144]Montage-17
864,1346,1578,C1_fibers,10,5500000118_63x_20190618_Capture1-Capture2-C2[144]Montage-17
865,1369,1599,C1_fibers,10,5500000118_63x_20190618_Capture1-Capture2-C2[144]Montage-17
866,1396,1617,C1_fibers,10,5500000118_63x_20190618_Capture1-Capture2-C2[144]Montage-17
867,1120,602,C1_fibers,10,5500000118_63x_20190618_Capture1-Capture2-C2[144]Montage-17
868,1123,622,C1_fibers,10,5500000118_63x_20190618_Capture1-Capture2-C2[144]Montage-17
869,1127,639,C1_fibers,10,5500000118_63x_20190618_Capture1-Capture2-C2[144]Montage-17
870,1127,664,C1_fibers,10,5500000118_63x_20190618_Capture1-Capture2-C2[144]Montage-17
871,1131,688,C1_fibers,10,5500000118_63x_20190618_Capture1-Capture2-C2[144]Montage-17
872,1106,613,C1_fibers,10,5500000118_63x_20190618_Capture1-Capture2-C2[144]Montage-17
873,1108,635,C1_fibers,10,5500000118_63x_20190618_Capture1-Capture2-C2[144]Montage-17
874,1116,661,C1_fibers,10,5500000118_63x_20190618_Capture1-Capture2-C2[144]Montage-17
875,1119,682,C1_fibers,10,5500000118_63x_20190618_Capture1-Capture2-C2[144]Montage-17
876,1119,704,C1_fibers,10,5500000118_63x_20190618_Capture1-Capture2-C2[144]Montage-17
877,687,1136,C1_fibers,11,5500000118_63x_20190618_Capture1-Capture2-C2[144]Montage-6
878,701,1155,C1_fibers,11,5500000118_63x_20190618_Capture1-Capture2-C2[144]Montage-6
879,711,1174,C1_fibers,11,5500000118_63x_20190618_Capture1-Capture2-C2[144]Montage-6
880,738,1206,C1_fibers,11,5500000118_63x_20190618_Capture1-Capture2-C2[144]Montage-6
881,771,1233,C1_fibers,11,5500000118_63x_20190618_Capture1-Capture2-C2[144]Montage-6
882,795,1256,C1_fibers,11,5500000118_63x_20190618_Capture1-Capture2-C2[144]Montage-6
883,822,1270,C1_fibers,11,5500000118_63x_20190618_Capture1-Capture2-C2[144]Montage-6
884,799,1040,C1_fibers,11,5500000118_63x_20190618_Capture1-Capture2-C2[144]Montage-6
885,814,1052,C1_fibers,11,5500000118_63x_20190618_Capture1-Capture2-C2[144]Montage-6
886,833,1064,C1_fibers,11,5500000118_63x_20190618_Capture1-Capture2-C2[144]Montage-6
887,847,1064,C1_fibers,11,5500000118_63x_20190618_Capture1-Capture2-C2[144]Montage-6
888,876,1083,C1_fibers,11,5500000118_63x_20190618_Capture1-Capture2-C2[144]Montage-6
889,1059,639,C1_fibers,10,5500000118_63x_20190618_Capture1-Capture2-C2[144]Montage-17
890,1069,664,C1_fibers,10,5500000118_63x_20190618_Capture1-Capture2-C2[144]Montage-17
891,1079,695,C1_fibers,10,5500000118_63x_20190618_Capture1-Capture2-C2[144]Montage-17
892,1090,729,C1_fibers,10,5500000118_63x_20190618_Capture1-Capture2-C2[144]Montage-17
893,1095,746,C1_fibers,10,5500000118_63x_20190618_Capture1-Capture2-C2[144]Montage-17
894,1026,1007,C1_fibers,1,5500000101_63x_20190610_Capture1-Capture1-B4[144]Montage-6
895,1040,1009,C1_fibers,1,5500000101_63x_20190610_Capture1-Capture1-B4[144]Montage-6
896,1067,1011,C1_fibers,1,5500000101_63x_20190610_Capture1-Capture1-B4[144]Montage-6
897,1087,1007,C1_fibers,1,5500000101_63x_20190610_Capture1-Capture1-B4[144]Montage-6
898,1099,1003,C1_fibers,1,5500000101_63x_20190610_Capture1-Capture1-B4[144]Montage-6
899,1120,1003,C1_fibers,1,5500000101_63x_20190610_Capture1-Capture1-B4[144]Montage-6
900,1149,1003,C1_fibers,1,5500000101_63x_20190610_Capture1-Capture1-B4[144]Montage-6
901,1172,1003,C1_fibers,1,5500000101_63x_20190610_Capture1-Capture1-B4[144]Montage-6
902,1608,768,C1_fibers,1,5500000101_63x_20190610_Capture1-Capture1-B4[144]Montage-6
903,1630,760,C1_fibers,1,5500000101_63x_20190610_Capture1-Capture1-B4[144]Montage-6
904,1653,746,C1_fibers,1,5500000101_63x_20190610_Capture1-Capture1-B4[144]Montage-6
905,1671,739,C1_fibers,1,5500000101_63x_20190610_Capture1-Capture1-B4[144]Montage-6
906,1063,674,C1_fibers,7,5500000115_63x_20190625_Capture1-Capture1-C2[144]Montage-8
907,1087,674,C1_fibers,7,5500000115_63x_20190625_Capture1-Capture1-C2[144]Montage-8
908,1114,678,C1_fibers,7,5500000115_63x_20190625_Capture1-Capture1-C2[144]Montage-8
909,1131,684,C1_fibers,7,5500000115_63x_20190625_Capture1-Capture1-C2[144]Montage-8
910,1657,707,C1_fibers,7,5500000115_63x_20190625_Capture1-Capture1-C2[144]Montage-8
911,1681,700,C1_fibers,7,5500000115_63x_20190625_Capture1-Capture1-C2[144]Montage-8
912,1715,692,C1_fibers,7,5500000115_63x_20190625_Capture1-Capture1-C2[144]Montage-8
913,1729,692,C1_fibers,7,5500000115_63x_20190625_Capture1-Capture1-C2[144]Montage-8
914,1622,1671,C1_fibers,6,5500000115_63x_20190625_Capture1-Capture1-C2[144]Montage-12
915,1634,1681,C1_fibers,6,5500000115_63x_20190625_Capture1-Capture1-C2[144]Montage-12
916,1647,1698,C1_fibers,6,5500000115_63x_20190625_Capture1-Capture1-C2[144]Montage-12
917,1657,1712,C1_fibers,6,5500000115_63x_20190625_Capture1-Capture1-C2[144]Montage-12
918,1665,1724,C1_fibers,6,5500000115_63x_20190625_Capture1-Capture1-C2[144]Montage-12
919,499,1257,C1_fibers,6,5500000115_63x_20190625_Capture1-Capture1-C2[144]Montage-12
920,522,1270,C1_fibers,6,5500000115_63x_20190625_Capture1-Capture1-C2[144]Montage-12
921,549,1281,C1_fibers,6,5500000115_63x_20190625_Capture1-Capture1-C2[144]Montage-12
922,580,1289,C1_fibers,6,5500000115_63x_20190625_Capture1-Capture1-C2[144]Montage-12
923,1571,46,C1_fibers,13,5500000124_63x_20190620_Capture1-Capture1-B2[144]Montage-3
924,1578,68,C1_fibers,13,5500000124_63x_20190620_Capture1-Capture1-B2[144]Montage-3
925,1585,90,C1_fibers,13,5500000124_63x_20190620_Capture1-Capture1-B2[144]Montage-3
926,1596,119,C1_fibers,13,5500000124_63x_20190620_Capture1-Capture1-B2[144]Montage-3
927,1625,152,C1_fibers,13,5500000124_63x_20190620_Capture1-Capture1-B2[144]Montage-3
928,1640,185,C1_fibers,13,5500000124_63x_20190620_Capture1-Capture1-B2[144]Montage-3
929,1647,212,C1_fibers,13,5500000124_63x_20190620_Capture1-Capture1-B2[144]Montage-3
930,999,894,C1_fibers,13,5500000124_63x_20190620_Capture1-Capture1-B2[144]Montage-3
931,1019,869,C1_fibers,13,5500000124_63x_20190620_Capture1-Capture1-B2[144]Montage-3
932,1030,856,C1_fibers,13,5500000124_63x_20190620_Capture1-Capture1-B2[144]Montage-3
933,1047,838,C1_fibers,13,5500000124_63x_20190620_Capture1-Capture1-B2[144]Montage-3
934,1063,823,C1_fibers,13,5500000124_63x_20190620_Capture1-Capture1-B2[144]Montage-3
935,1113,772,C1_fibers,13,5500000124_63x_20190620_Capture1-Capture1-B2[144]Montage-3
936,1111,806,C1_fibers,13,5500000124_63x_20190620_Capture1-Capture1-B2[144]Montage-3
937,1113,834,C1_fibers,13,5500000124_63x_20190620_Capture1-Capture1-B2[144]Montage-3
938,876,1156,C1_fibers,13,5500000124_63x_20190620_Capture1-Capture1-B2[144]Montage-3
939,897,1139,C1_fibers,13,5500000124_63x_20190620_Capture1-Capture1-B2[144]Montage-3
940,917,1121,C1_fibers,13,5500000124_63x_20190620_Capture1-Capture1-B2[144]Montage-3
941,943,1108,C1_fibers,13,5500000124_63x_20190620_Capture1-Capture1-B2[144]Montage-3
942,969,1089,C1_fibers,13,5500000124_63x_20190620_Capture1-Capture1-B2[144]Montage-3
943,1711,1510,C1_fibers,13,5500000124_63x_20190620_Capture1-Capture1-B2[144]Montage-3
944,1722,1526,C1_fibers,13,5500000124_63x_20190620_Capture1-Capture1-B2[144]Montage-3
945,1729,1542,C1_fibers,13,5500000124_63x_20190620_Capture1-Capture1-B2[144]Montage-3
946,1738,1565,C1_fibers,13,5500000124_63x_20190620_Capture1-Capture1-B2[144]Montage-3
947,10,420,C1_fibers,12,5500000124_63x_20190620_Capture1-Capture1-B2[144]Montage-10
948,35,404,C1_fibers,12,5500000124_63x_20190620_Capture1-Capture1-B2[144]Montage-10
949,62,402,C1_fibers,12,5500000124_63x_20190620_Capture1-Capture1-B2[144]Montage-10
950,95,399,C1_fibers,12,5500000124_63x_20190620_Capture1-Capture1-B2[144]Montage-10
951,113,395,C1_fibers,12,5500000124_63x_20190620_Capture1-Capture1-B2[144]Montage-10
952,111,326,C1_fibers,12,5500000124_63x_20190620_Capture1-Capture1-B2[144]Montage-10
953,138,331,C1_fibers,12,5500000124_63x_20190620_Capture1-Capture1-B2[144]Montage-10
954,161,344,C1_fibers,12,5500000124_63x_20190620_Capture1-Capture1-B2[144]Montage-10
955,97,547,C1_fibers,12,5500000124_63x_20190620_Capture1-Capture1-B2[144]Montage-10
956,122,528,C1_fibers,12,5500000124_63x_20190620_Capture1-Capture1-B2[144]Montage-10
957,141,505,C1_fibers,12,5500000124_63x_20190620_Capture1-Capture1-B2[144]Montage-10
958,161,489,C1_fibers,12,5500000124_63x_20190620_Capture1-Capture1-B2[144]Montage-10
959,191,464,C1_fibers,12,5500000124_63x_20190620_Capture1-Capture1-B2[144]Montage-10
960,210,443,C1_fibers,12,5500000124_63x_20190620_Capture1-Capture1-B2[144]Montage-10
961,330,1067,C1_fibers,17,5500000127_63x_20190620_Capture1-Capture1-B2[144]Montage-3
962,340,1079,C1_fibers,17,5500000127_63x_20190620_Capture1-Capture1-B2[144]Montage-3
963,350,1092,C1_fibers,17,5500000127_63x_20190620_Capture1-Capture1-B2[144]Montage-3
964,360,1109,C1_fibers,17,5500000127_63x_20190620_Capture1-Capture1-B2[144]Montage-3
965,377,1125,C1_fibers,17,5500000127_63x_20190620_Capture1-Capture1-B2[144]Montage-3
966,390,1137,C1_fibers,17,5500000127_63x_20190620_Capture1-Capture1-B2[144]Montage-3
967,412,1156,C1_fibers,17,5500000127_63x_20190620_Capture1-Capture1-B2[144]Montage-3
968,420,1179,C1_fibers,17,5500000127_63x_20190620_Capture1-Capture1-B2[144]Montage-3
969,572,1368,C1_fibers,17,5500000127_63x_20190620_Capture1-Capture1-B2[144]Montage-3
970,571,1383,C1_fibers,17,5500000127_63x_20190620_Capture1-Capture1-B2[144]Montage-3
971,562,1403,C1_fibers,17,5500000127_63x_20190620_Capture1-Capture1-B2[144]Montage-3
972,597,1432,C1_fibers,17,5500000127_63x_20190620_Capture1-Capture1-B2[144]Montage-3
973,619,1430,C1_fibers,17,5500000127_63x_20190620_Capture1-Capture1-B2[144]Montage-3
974,634,1425,C1_fibers,17,5500000127_63x_20190620_Capture1-Capture1-B2[144]Montage-3
975,659,1433,C1_fibers,17,5500000127_63x_20190620_Capture1-Capture1-B2[144]Montage-3
976,213,1258,C1_fibers,17,5500000127_63x_20190620_Capture1-Capture1-B2[144]Montage-3
977,238,1271,C1_fibers,17,5500000127_63x_20190620_Capture1-Capture1-B2[144]Montage-3
978,268,1289,C1_fibers,17,5500000127_63x_20190620_Capture1-Capture1-B2[144]Montage-3
979,301,1301,C1_fibers,17,5500000127_63x_20190620_Capture1-Capture1-B2[144]Montage-3
980,323,1311,C1_fibers,17,5500000127_63x_20190620_Capture1-Capture1-B2[144]Montage-3
981,350,1320,C1_fibers,17,5500000127_63x_20190620_Capture1-Capture1-B2[144]Montage-3
982,373,1330,C1_fibers,17,5500000127_63x_20190620_Capture1-Capture1-B2[144]Montage-3
983,398,1330,C1_fibers,17,5500000127_63x_20190620_Capture1-Capture1-B2[144]Montage-3
984,311,1353,C1_fibers,17,5500000127_63x_20190620_Capture1-Capture1-B2[144]Montage-3
985,335,1353,C1_fibers,17,5500000127_63x_20190620_Capture1-Capture1-B2[144]Montage-3
986,362,1351,C1_fibers,17,5500000127_63x_20190620_Capture1-Capture1-B2[144]Montage-3
987,387,1343,C1_fibers,17,5500000127_63x_20190620_Capture1-Capture1-B2[144]Montage-3
988,402,1345,C1_fibers,17,5500000127_63x_20190620_Capture1-Capture1-B2[144]Montage-3
989,1009,637,C1_fibers,17,5500000127_63x_20190620_Capture1-Capture1-B2[144]Montage-3
990,1004,659,C1_fibers,17,5500000127_63x_20190620_Capture1-Capture1-B2[144]Montage-3
991,1004,684,C1_fibers,17,5500000127_63x_20190620_Capture1-Capture1-B2[144]Montage-3
992,997,709,C1_fibers,17,5500000127_63x_20190620_Capture1-Capture1-B2[144]Montage-3
993,996,727,C1_fibers,17,5500000127_63x_20190620_Capture1-Capture1-B2[144]Montage-3
994,992,744,C1_fibers,17,5500000127_63x_20190620_Capture1-Capture1-B2[144]Montage-3
995,987,756,C1_fibers,17,5500000127_63x_20190620_Capture1-Capture1-B2[144]Montage-3
996,977,789,C1_fibers,17,5500000127_63x_20190620_Capture1-Capture1-B2[144]Montage-3
997,969,828,C1_fibers,17,5500000127_63x_20190620_Capture1-Capture1-B2[144]Montage-3
998,966,839,C1_fibers,17,5500000127_63x_20190620_Capture1-Capture1-B2[144]Montage-3
999,966,856,C1_fibers,17,5500000127_63x_20190620_Capture1-Capture1-B2[144]Montage-3
1000,972,889,C1_fibers,17,5500000127_63x_20190620_Capture1-Capture1-B2[144]Montage-3
1001,971,903,C1_fibers,17,5500000127_63x_20190620_Capture1-Capture1-B2[144]Montage-3
1002,1183,1012,C1_fibers,17,5500000127_63x_20190620_Capture1-Capture1-B2[144]Montage-3
1003,1182,1027,C1_fibers,17,5500000127_63x_20190620_Capture1-Capture1-B2[144]Montage-3
1004,1178,1053,C1_fibers,17,5500000127_63x_20190620_Capture1-Capture1-B2[144]Montage-3
1005,1175,1082,C1_fibers,17,5500000127_63x_20190620_Capture1-Capture1-B2[144]Montage-3
1006,1166,1125,C1_fibers,17,5500000127_63x_20190620_Capture1-Capture1-B2[144]Montage-3
1007,1163,1144,C1_fibers,17,5500000127_63x_20190620_Capture1-Capture1-B2[144]Montage-3
1008,1135,1228,C1_fibers,17,5500000127_63x_20190620_Capture1-Capture1-B2[144]Montage-3
1009,1131,1251,C1_fibers,17,5500000127_63x_20190620_Capture1-Capture1-B2[144]Montage-3
1010,1125,1276,C1_fibers,17,5500000127_63x_20190620_Capture1-Capture1-B2[144]Montage-3
1011,1115,1310,C1_fibers,17,5500000127_63x_20190620_Capture1-Capture1-B2[144]Montage-3
1012,1108,1336,C1_fibers,17,5500000127_63x_20190620_Capture1-Capture1-B2[144]Montage-3
1013,1101,1355,C1_fibers,17,5500000127_63x_20190620_Capture1-Capture1-B2[144]Montage-3
1014,1089,1385,C1_fibers,17,5500000127_63x_20190620_Capture1-Capture1-B2[144]Montage-3
1015,1083,1410,C1_fibers,17,5500000127_63x_20190620_Capture1-Capture1-B2[144]Montage-3
1016,726,1507,C1_fibers,17,5500000127_63x_20190620_Capture1-Capture1-B2[144]Montage-3
1017,735,1515,C1_fibers,17,5500000127_63x_20190620_Capture1-Capture1-B2[144]Montage-3
1018,750,1524,C1_fibers,17,5500000127_63x_20190620_Capture1-Capture1-B2[144]Montage-3
1019,773,1549,C1_fibers,17,5500000127_63x_20190620_Capture1-Capture1-B2[144]Montage-3
1020,788,1572,C1_fibers,17,5500000127_63x_20190620_Capture1-Capture1-B2[144]Montage-3
1021,522,1065,C1_fibers,17,5500000127_63x_20190620_Capture1-Capture1-B2[144]Montage-3
1022,531,1090,C1_fibers,17,5500000127_63x_20190620_Capture1-Capture1-B2[144]Montage-3
1023,532,1115,C1_fibers,17,5500000127_63x_20190620_Capture1-Capture1-B2[144]Montage-3
1024,536,1139,C1_fibers,17,5500000127_63x_20190620_Capture1-Capture1-B2[144]Montage-3
1025,546,1171,C1_fibers,17,5500000127_63x_20190620_Capture1-Capture1-B2[144]Montage-3
1026,551,1196,C1_fibers,17,5500000127_63x_20190620_Capture1-Capture1-B2[144]Montage-3
1027,1046,294,C1_fibers,17,5500000127_63x_20190620_Capture1-Capture1-B2[144]Montage-3
1028,1046,322,C1_fibers,17,5500000127_63x_20190620_Capture1-Capture1-B2[144]Montage-3
1029,1046,346,C1_fibers,17,5500000127_63x_20190620_Capture1-Capture1-B2[144]Montage-3
1030,1043,371,C1_fibers,17,5500000127_63x_20190620_Capture1-Capture1-B2[144]Montage-3
1031,1039,418,C1_fibers,17,5500000127_63x_20190620_Capture1-Capture1-B2[144]Montage-3
1032,1034,451,C1_fibers,17,5500000127_63x_20190620_Capture1-Capture1-B2[144]Montage-3
1033,1031,474,C1_fibers,17,5500000127_63x_20190620_Capture1-Capture1-B2[144]Montage-3
1034,1051,448,C1_fibers,17,5500000127_63x_20190620_Capture1-Capture1-B2[144]Montage-3
1035,1051,468,C1_fibers,17,5500000127_63x_20190620_Capture1-Capture1-B2[144]Montage-3
1036,1054,493,C1_fibers,17,5500000127_63x_20190620_Capture1-Capture1-B2[144]Montage-3
1037,1059,528,C1_fibers,17,5500000127_63x_20190620_Capture1-Capture1-B2[144]Montage-3
1038,1059,566,C1_fibers,17,5500000127_63x_20190620_Capture1-Capture1-B2[144]Montage-3
1039,1061,595,C1_fibers,17,5500000127_63x_20190620_Capture1-Capture1-B2[144]Montage-3
1040,1039,561,C1_fibers,17,5500000127_63x_20190620_Capture1-Capture1-B2[144]Montage-3
1041,1054,511,C1_fibers,17,5500000127_63x_20190620_Capture1-Capture1-B2[144]Montage-3
1042,1063,464,C1_fibers,17,5500000127_63x_20190620_Capture1-Capture1-B2[144]Montage-3
1043,1069,429,C1_fibers,17,5500000127_63x_20190620_Capture1-Capture1-B2[144]Montage-3
1044,1076,413,C1_fibers,17,5500000127_63x_20190620_Capture1-Capture1-B2[144]Montage-3
1045,592,1032,C1_fibers,17,5500000127_63x_20190620_Capture1-Capture1-B2[144]Montage-3
1046,594,1053,C1_fibers,17,5500000127_63x_20190620_Capture1-Capture1-B2[144]Montage-3
1047,608,1097,C1_fibers,17,5500000127_63x_20190620_Capture1-Capture1-B2[144]Montage-3
1048,606,1120,C1_fibers,17,5500000127_63x_20190620_Capture1-Capture1-B2[144]Montage-3
1049,606,1146,C1_fibers,17,5500000127_63x_20190620_Capture1-Capture1-B2[144]Montage-3
1050,611,1179,C1_fibers,17,5500000127_63x_20190620_Capture1-Capture1-B2[144]Montage-3
1051,849,856,C1_fibers,15,5500000127_63x_20190620_Capture1-Capture1-B2[144]Montage-10
1052,872,861,C1_fibers,15,5500000127_63x_20190620_Capture1-Capture1-B2[144]Montage-10
1053,894,878,C1_fibers,15,5500000127_63x_20190620_Capture1-Capture1-B2[144]Montage-10
1054,907,891,C1_fibers,15,5500000127_63x_20190620_Capture1-Capture1-B2[144]Montage-10
1055,925,906,C1_fibers,15,5500000127_63x_20190620_Capture1-Capture1-B2[144]Montage-10
1056,944,908,C1_fibers,15,5500000127_63x_20190620_Capture1-Capture1-B2[144]Montage-10
1057,1073,915,C1_fibers,15,5500000127_63x_20190620_Capture1-Capture1-B2[144]Montage-10
1058,1084,928,C1_fibers,15,5500000127_63x_20190620_Capture1-Capture1-B2[144]Montage-10
1059,1096,943,C1_fibers,15,5500000127_63x_20190620_Capture1-Capture1-B2[144]Montage-10
1060,1135,971,C1_fibers,15,5500000127_63x_20190620_Capture1-Capture1-B2[144]Montage-10
1061,827,1266,C1_fibers,15,5500000127_63x_20190620_Capture1-Capture1-B2[144]Montage-10
1062,842,1276,C1_fibers,15,5500000127_63x_20190620_Capture1-Capture1-B2[144]Montage-10
1063,854,1289,C1_fibers,15,5500000127_63x_20190620_Capture1-Capture1-B2[144]Montage-10
1064,879,1315,C1_fibers,15,5500000127_63x_20190620_Capture1-Capture1-B2[144]Montage-10
1065,889,1325,C1_fibers,15,5500000127_63x_20190620_Capture1-Capture1-B2[144]Montage-10
1066,910,1340,C1_fibers,15,5500000127_63x_20190620_Capture1-Capture1-B2[144]Montage-10
1067,931,1365,C1_fibers,15,5500000127_63x_20190620_Capture1-Capture1-B2[144]Montage-10
1068,949,1383,C1_fibers,15,5500000127_63x_20190620_Capture1-Capture1-B2[144]Montage-10
1069,964,1392,C1_fibers,15,5500000127_63x_20190620_Capture1-Capture1-B2[144]Montage-10
1070,874,1253,C1_fibers,15,5500000127_63x_20190620_Capture1-Capture1-B2[144]Montage-10
1071,900,1258,C1_fibers,15,5500000127_63x_20190620_Capture1-Capture1-B2[144]Montage-10
1072,931,1261,C1_fibers,15,5500000127_63x_20190620_Capture1-Capture1-B2[144]Montage-10
1073,957,1269,C1_fibers,15,5500000127_63x_20190620_Capture1-Capture1-B2[144]Montage-10
1074,582,925,C1_fibers,15,5500000127_63x_20190620_Capture1-Capture1-B2[144]Montage-10
1075,584,948,C1_fibers,15,5500000127_63x_20190620_Capture1-Capture1-B2[144]Montage-10
1076,589,970,C1_fibers,15,5500000127_63x_20190620_Capture1-Capture1-B2[144]Montage-10
1077,591,995,C1_fibers,15,5500000127_63x_20190620_Capture1-Capture1-B2[144]Montage-10
1078,599,1010,C1_fibers,15,5500000127_63x_20190620_Capture1-Capture1-B2[144]Montage-10
1079,691,68,C1_fibers,15,5500000127_63x_20190620_Capture1-Capture1-B2[144]Montage-10
1080,731,76,C1_fibers,15,5500000127_63x_20190620_Capture1-Capture1-B2[144]Montage-10
1081,773,98,C1_fibers,15,5500000127_63x_20190620_Capture1-Capture1-B2[144]Montage-10
1082,812,115,C1_fibers,15,5500000127_63x_20190620_Capture1-Capture1-B2[144]Montage-10
1083,833,128,C1_fibers,15,5500000127_63x_20190620_Capture1-Capture1-B2[144]Montage-10
1084,859,146,C1_fibers,15,5500000127_63x_20190620_Capture1-Capture1-B2[144]Montage-10
1085,296,90,C1_fibers,15,5500000127_63x_20190620_Capture1-Capture1-B2[144]Montage-10
1086,301,111,C1_fibers,15,5500000127_63x_20190620_Capture1-Capture1-B2[144]Montage-10
1087,331,148,C1_fibers,15,5500000127_63x_20190620_Capture1-Capture1-B2[144]Montage-10
1088,360,163,C1_fibers,15,5500000127_63x_20190620_Capture1-Capture1-B2[144]Montage-10
1089,377,197,C1_fibers,15,5500000127_63x_20190620_Capture1-Capture1-B2[144]Montage-10
1090,397,210,C1_fibers,15,5500000127_63x_20190620_Capture1-Capture1-B2[144]Montage-10
1091,408,230,C1_fibers,15,5500000127_63x_20190620_Capture1-Capture1-B2[144]Montage-10
1092,587,792,C1_fibers,16,5500000127_63x_20190620_Capture1-Capture1-B2[144]Montage-11
1093,619,787,C1_fibers,16,5500000127_63x_20190620_Capture1-Capture1-B2[144]Montage-11
1094,653,784,C1_fibers,16,5500000127_63x_20190620_Capture1-Capture1-B2[144]Montage-11
1095,678,781,C1_fibers,16,5500000127_63x_20190620_Capture1-Capture1-B2[144]Montage-11
1096,700,781,C1_fibers,16,5500000127_63x_20190620_Capture1-Capture1-B2[144]Montage-11
1097,730,779,C1_fibers,16,5500000127_63x_20190620_Capture1-Capture1-B2[144]Montage-11
1098,750,754,C1_fibers,16,5500000127_63x_20190620_Capture1-Capture1-B2[144]Montage-11
1099,768,741,C1_fibers,16,5500000127_63x_20190620_Capture1-Capture1-B2[144]Montage-11
1100,922,893,C1_fibers,16,5500000127_63x_20190620_Capture1-Capture1-B2[144]Montage-11
1101,959,898,C1_fibers,16,5500000127_63x_20190620_Capture1-Capture1-B2[144]Montage-11
1102,999,900,C1_fibers,16,5500000127_63x_20190620_Capture1-Capture1-B2[144]Montage-11
1103,1053,905,C1_fibers,16,5500000127_63x_20190620_Capture1-Capture1-B2[144]Montage-11
1104,1100,921,C1_fibers,16,5500000127_63x_20190620_Capture1-Capture1-B2[144]Montage-11
1105,1143,921,C1_fibers,16,5500000127_63x_20190620_Capture1-Capture1-B2[144]Montage-11
1106,1177,923,C1_fibers,16,5500000127_63x_20190620_Capture1-Capture1-B2[144]Montage-11
1107,1203,933,C1_fibers,16,5500000127_63x_20190620_Capture1-Capture1-B2[144]Montage-11
1108,1640,1622,C1_fibers,16,5500000127_63x_20190620_Capture1-Capture1-B2[144]Montage-11
1109,1653,1611,C1_fibers,16,5500000127_63x_20190620_Capture1-Capture1-B2[144]Montage-11
1110,1677,1604,C1_fibers,16,5500000127_63x_20190620_Capture1-Capture1-B2[144]Montage-11
1111,1700,1594,C1_fibers,16,5500000127_63x_20190620_Capture1-Capture1-B2[144]Montage-11
1112,1667,1698,C1_fibers,16,5500000127_63x_20190620_Capture1-Capture1-B2[144]Montage-11
1113,1684,1686,C1_fibers,16,5500000127_63x_20190620_Capture1-Capture1-B2[144]Montage-11
1114,1699,1679,C1_fibers,16,5500000127_63x_20190620_Capture1-Capture1-B2[144]Montage-11
1115,1715,1669,C1_fibers,16,5500000127_63x_20190620_Capture1-Capture1-B2[144]Montage-11
1116,1737,1666,C1_fibers,16,5500000127_63x_20190620_Capture1-Capture1-B2[144]Montage-11
1117,972,1026,C1_fibers,2,5500000102_63x_20190604_Capture1-Capture1-C2[144]Montage-13
1118,984,1036,C1_fibers,2,5500000102_63x_20190604_Capture1-Capture1-C2[144]Montage-13
1119,993,1041,C1_fibers,2,5500000102_63x_20190604_Capture1-Capture1-C2[144]Montage-13
1120,1005,1048,C1_fibers,2,5500000102_63x_20190604_Capture1-Capture1-C2[144]Montage-13
1121,1015,1064,C1_fibers,2,5500000102_63x_20190604_Capture1-Capture1-C2[144]Montage-13
1122,1025,1072,C1_fibers,2,5500000102_63x_20190604_Capture1-Capture1-C2[144]Montage-13
1123,1072,932,C1_fibers,2,5500000102_63x_20190604_Capture1-Capture1-C2[144]Montage-13
1124,1082,941,C1_fibers,2,5500000102_63x_20190604_Capture1-Capture1-C2[144]Montage-13
1125,1094,951,C1_fibers,2,5500000102_63x_20190604_Capture1-Capture1-C2[144]Montage-13
1126,1105,957,C1_fibers,2,5500000102_63x_20190604_Capture1-Capture1-C2[144]Montage-13
1127,1318,933,C1_fibers,2,5500000102_63x_20190604_Capture1-Capture1-C2[144]Montage-13
1128,1336,945,C1_fibers,2,5500000102_63x_20190604_Capture1-Capture1-C2[144]Montage-13
1129,1351,954,C1_fibers,2,5500000102_63x_20190604_Capture1-Capture1-C2[144]Montage-13
1130,1360,961,C1_fibers,2,5500000102_63x_20190604_Capture1-Capture1-C2[144]Montage-13
1131,1373,964,C1_fibers,2,5500000102_63x_20190604_Capture1-Capture1-C2[144]Montage-13
1132,1390,971,C1_fibers,2,5500000102_63x_20190604_Capture1-Capture1-C2[144]Montage-13
1133,1261,978,C1_fibers,2,5500000102_63x_20190604_Capture1-Capture1-C2[144]Montage-13
1134,1273,974,C1_fibers,2,5500000102_63x_20190604_Capture1-Capture1-C2[144]Montage-13
1135,1291,971,C1_fibers,2,5500000102_63x_20190604_Capture1-Capture1-C2[144]Montage-13
1136,1304,971,C1_fibers,2,5500000102_63x_20190604_Capture1-Capture1-C2[144]Montage-13
1137,1266,942,C1_fibers,2,5500000102_63x_20190604_Capture1-Capture1-C2[144]Montage-13
1138,1284,944,C1_fibers,2,5500000102_63x_20190604_Capture1-Capture1-C2[144]Montage-13
1139,1297,950,C1_fibers,2,5500000102_63x_20190604_Capture1-Capture1-C2[144]Montage-13
1140,1317,954,C1_fibers,2,5500000102_63x_20190604_Capture1-Capture1-C2[144]Montage-13
1141,1024,1245,C1_fibers,10,5500000118_63x_20190618_Capture1-Capture2-C2[144]Montage-17
1142,1044,1253,C1_fibers,10,5500000118_63x_20190618_Capture1-Capture2-C2[144]Montage-17
1143,1060,1265,C1_fibers,10,5500000118_63x_20190618_Capture1-Capture2-C2[144]Montage-17
1144,1067,1276,C1_fibers,10,5500000118_63x_20190618_Capture1-Capture2-C2[144]Montage-17
1145,1083,1289,C1_fibers,10,5500000118_63x_20190618_Capture1-Capture2-C2[144]Montage-17
1146,1100,1301,C1_fibers,10,5500000118_63x_20190618_Capture1-Capture2-C2[144]Montage-17
1147,1024,1258,C1_fibers,10,5500000118_63x_20190618_Capture1-Capture2-C2[144]Montage-17
1148,1032,1269,C1_fibers,10,5500000118_63x_20190618_Capture1-Capture2-C2[144]Montage-17
1149,1047,1277,C1_fibers,10,5500000118_63x_20190618_Capture1-Capture2-C2[144]Montage-17
1150,1062,1287,C1_fibers,10,5500000118_63x_20190618_Capture1-Capture2-C2[144]Montage-17
1151,1075,1303,C1_fibers,10,5500000118_63x_20190618_Capture1-Capture2-C2[144]Montage-17
1152,1068,1253,C1_fibers,10,5500000118_63x_20190618_Capture1-Capture2-C2[144]Montage-17
1153,1075,1261,C1_fibers,10,5500000118_63x_20190618_Capture1-Capture2-C2[144]Montage-17
1154,1089,1273,C1_fibers,10,5500000118_63x_20190618_Capture1-Capture2-C2[144]Montage-17
1155,1103,1285,C1_fibers,10,5500000118_63x_20190618_Capture1-Capture2-C2[144]Montage-17
1156,1120,1298,C1_fibers,10,5500000118_63x_20190618_Capture1-Capture2-C2[144]Montage-17
1157,1156,1289,C1_fibers,10,5500000118_63x_20190618_Capture1-Capture2-C2[144]Montage-17
1158,1170,1299,C1_fibers,10,5500000118_63x_20190618_Capture1-Capture2-C2[144]Montage-17
1159,1178,1304,C1_fibers,10,5500000118_63x_20190618_Capture1-Capture2-C2[144]Montage-17
1160,1194,1319,C1_fibers,10,5500000118_63x_20190618_Capture1-Capture2-C2[144]Montage-17
1161,1205,1326,C1_fibers,10,5500000118_63x_20190618_Capture1-Capture2-C2[144]Montage-17
1162,104,493,C1_fibers,14,5500000124_63x_20190620_Capture1-Capture1-B2[144]Montage-5
1163,104,524,C1_fibers,14,5500000124_63x_20190620_Capture1-Capture1-B2[144]Montage-5
1164,107,547,C1_fibers,14,5500000124_63x_20190620_Capture1-Capture1-B2[144]Montage-5
1165,113,564,C1_fibers,14,5500000124_63x_20190620_Capture1-Capture1-B2[144]Montage-5
1166,118,593,C1_fibers,14,5500000124_63x_20190620_Capture1-Capture1-B2[144]Montage-5
1167,136,625,C1_fibers,14,5500000124_63x_20190620_Capture1-Capture1-B2[144]Montage-5
1168,141,648,C1_fibers,14,5500000124_63x_20190620_Capture1-Capture1-B2[144]Montage-5
1169,736,245,C1_fibers,14,5500000124_63x_20190620_Capture1-Capture1-B2[144]Montage-5
1170,765,266,C1_fibers,14,5500000124_63x_20190620_Capture1-Capture1-B2[144]Montage-5
1171,799,291,C1_fibers,14,5500000124_63x_20190620_Capture1-Capture1-B2[144]Montage-5
1172,851,314,C1_fibers,14,5500000124_63x_20190620_Capture1-Capture1-B2[144]Montage-5
1173,888,332,C1_fibers,14,5500000124_63x_20190620_Capture1-Capture1-B2[144]Montage-5
1174,1150,1372,C1_fibers,14,5500000124_63x_20190620_Capture1-Capture1-B2[144]Montage-5
1175,1193,1363,C1_fibers,14,5500000124_63x_20190620_Capture1-Capture1-B2[144]Montage-5
1176,1225,1349,C1_fibers,14,5500000124_63x_20190620_Capture1-Capture1-B2[144]Montage-5
1177,1265,1346,C1_fibers,14,5500000124_63x_20190620_Capture1-Capture1-B2[144]Montage-5
1178,1308,1337,C1_fibers,14,5500000124_63x_20190620_Capture1-Capture1-B2[144]Montage-5
1179,1328,1337,C1_fibers,14,5500000124_63x_20190620_Capture1-Capture1-B2[144]Montage-5
1180,176,1366,C1_fibers,14,5500000124_63x_20190620_Capture1-Capture1-B2[144]Montage-5
1181,196,1346,C1_fibers,14,5500000124_63x_20190620_Capture1-Capture1-B2[144]Montage-5
1182,207,1329,C1_fibers,14,5500000124_63x_20190620_Capture1-Capture1-B2[144]Montage-5
1183,225,1317,C1_fibers,14,5500000124_63x_20190620_Capture1-Capture1-B2[144]Montage-5
1184,242,1306,C1_fibers,14,5500000124_63x_20190620_Capture1-Capture1-B2[144]Montage-5
1185,262,1277,C1_fibers,14,5500000124_63x_20190620_Capture1-Capture1-B2[144]Montage-5
1186,273,1248,C1_fibers,14,5500000124_63x_20190620_Capture1-Capture1-B2[144]Montage-5
1187,273,1217,C1_fibers,14,5500000124_63x_20190620_Capture1-Capture1-B2[144]Montage-5
1188,288,1194,C1_fibers,14,5500000124_63x_20190620_Capture1-Capture1-B2[144]Montage-5
1189,1044,1471,C1_fibers,14,5500000124_63x_20190620_Capture1-Capture1-B2[144]Montage-5
1190,1067,1471,C1_fibers,14,5500000124_63x_20190620_Capture1-Capture1-B2[144]Montage-5
1191,1103,1480,C1_fibers,14,5500000124_63x_20190620_Capture1-Capture1-B2[144]Montage-5
1192,1124,1483,C1_fibers,14,5500000124_63x_20190620_Capture1-Capture1-B2[144]Montage-5
1193,1149,1493,C1_fibers,14,5500000124_63x_20190620_Capture1-Capture1-B2[144]Montage-5
1194,1047,1505,C1_fibers,14,5500000124_63x_20190620_Capture1-Capture1-B2[144]Montage-5
1195,1062,1513,C1_fibers,14,5500000124_63x_20190620_Capture1-Capture1-B2[144]Montage-5
1196,1081,1515,C1_fibers,14,5500000124_63x_20190620_Capture1-Capture1-B2[144]Montage-5
1197,1111,1528,C1_fibers,14,5500000124_63x_20190620_Capture1-Capture1-B2[144]Montage-5
1198,1124,1533,C1_fibers,14,5500000124_63x_20190620_Capture1-Capture1-B2[144]Montage-5
1199,1149,1545,C1_fibers,14,5500000124_63x_20190620_Capture1-Capture1-B2[144]Montage-5
1200,1149,1454,C1_fibers,14,5500000124_63x_20190620_Capture1-Capture1-B2[144]Montage-5
1201,1171,1454,C1_fibers,14,5500000124_63x_20190620_Capture1-Capture1-B2[144]Montage-5
1202,1190,1456,C1_fibers,14,5500000124_63x_20190620_Capture1-Capture1-B2[144]Montage-5
1203,1220,1461,C1_fibers,14,5500000124_63x_20190620_Capture1-Capture1-B2[144]Montage-5
1204,1245,1475,C1_fibers,14,5500000124_63x_20190620_Capture1-Capture1-B2[144]Montage-5
1205,1416,583,C1_fibers,14,5500000124_63x_20190620_Capture1-Capture1-B2[144]Montage-5
1206,1435,578,C1_fibers,14,5500000124_63x_20190620_Capture1-Capture1-B2[144]Montage-5
1207,1458,571,C1_fibers,14,5500000124_63x_20190620_Capture1-Capture1-B2[144]Montage-5
1208,1485,568,C1_fibers,14,5500000124_63x_20190620_Capture1-Capture1-B2[144]Montage-5
1209,1510,560,C1_fibers,14,5500000124_63x_20190620_Capture1-Capture1-B2[144]Montage-5
1210,208,384,C1_fibers,14,5500000124_63x_20190620_Capture1-Capture1-B2[144]Montage-5
1211,227,410,C1_fibers,14,5500000124_63x_20190620_Capture1-Capture1-B2[144]Montage-5
1212,253,433,C1_fibers,14,5500000124_63x_20190620_Capture1-Capture1-B2[144]Montage-5
1213,277,461,C1_fibers,14,5500000124_63x_20190620_Capture1-Capture1-B2[144]Montage-5
1214,305,482,C1_fibers,14,5500000124_63x_20190620_Capture1-Capture1-B2[144]Montage-5
1215,993,1066,C1_fibers,13,5500000124_63x_20190620_Capture1-Capture1-B2[144]Montage-3
1216,1008,1061,C1_fibers,13,5500000124_63x_20190620_Capture1-Capture1-B2[144]Montage-3
1217,1027,1057,C1_fibers,13,5500000124_63x_20190620_Capture1-Capture1-B2[144]Montage-3
1218,1046,1052,C1_fibers,13,5500000124_63x_20190620_Capture1-Capture1-B2[144]Montage-3
1219,876,1592,C1_fibers,12,5500000124_63x_20190620_Capture1-Capture1-B2[144]Montage-10
1220,896,1570,C1_fibers,12,5500000124_63x_20190620_Capture1-Capture1-B2[144]Montage-10
1221,916,1552,C1_fibers,12,5500000124_63x_20190620_Capture1-Capture1-B2[144]Montage-10
1222,936,1524,C1_fibers,12,5500000124_63x_20190620_Capture1-Capture1-B2[144]Montage-10
1223,956,1499,C1_fibers,12,5500000124_63x_20190620_Capture1-Capture1-B2[144]Montage-10
1224,978,1469,C1_fibers,12,5500000124_63x_20190620_Capture1-Capture1-B2[144]Montage-10
1225,1113,1309,C1_fibers,12,5500000124_63x_20190620_Capture1-Capture1-B2[144]Montage-10
1226,1126,1295,C1_fibers,12,5500000124_63x_20190620_Capture1-Capture1-B2[144]Montage-10
1227,1138,1275,C1_fibers,12,5500000124_63x_20190620_Capture1-Capture1-B2[144]Montage-10
1228,1151,1262,C1_fibers,12,5500000124_63x_20190620_Capture1-Capture1-B2[144]Montage-10
1229,924,1709,C1_fibers,12,5500000124_63x_20190620_Capture1-Capture1-B2[144]Montage-10
1230,933,1695,C1_fibers,12,5500000124_63x_20190620_Capture1-Capture1-B2[144]Montage-10
1231,941,1670,C1_fibers,12,5500000124_63x_20190620_Capture1-Capture1-B2[144]Montage-10
1232,948,1655,C1_fibers,12,5500000124_63x_20190620_Capture1-Capture1-B2[144]Montage-10
1233,465,1163,C1_fibers,17,5500000127_63x_20190620_Capture1-Capture1-B2[144]Montage-3
1234,482,1170,C1_fibers,17,5500000127_63x_20190620_Capture1-Capture1-B2[144]Montage-3
1235,495,1184,C1_fibers,17,5500000127_63x_20190620_Capture1-Capture1-B2[144]Montage-3
1236,508,1199,C1_fibers,17,5500000127_63x_20190620_Capture1-Capture1-B2[144]Montage-3
1237,994,1105,C1_fibers,17,5500000127_63x_20190620_Capture1-Capture1-B2[144]Montage-3
1238,1001,1122,C1_fibers,17,5500000127_63x_20190620_Capture1-Capture1-B2[144]Montage-3
1239,1001,1133,C1_fibers,17,5500000127_63x_20190620_Capture1-Capture1-B2[144]Montage-3
1240,1006,1150,C1_fibers,17,5500000127_63x_20190620_Capture1-Capture1-B2[144]Montage-3
1241,1012,1172,C1_fibers,17,5500000127_63x_20190620_Capture1-Capture1-B2[144]Montage-3
1242,1013,1192,C1_fibers,17,5500000127_63x_20190620_Capture1-Capture1-B2[144]Montage-3
1243,1048,1197,C1_fibers,17,5500000127_63x_20190620_Capture1-Capture1-B2[144]Montage-3
1244,1058,1172,C1_fibers,17,5500000127_63x_20190620_Capture1-Capture1-B2[144]Montage-3
1245,1062,1154,C1_fibers,17,5500000127_63x_20190620_Capture1-Capture1-B2[144]Montage-3
1246,1039,39,C1_fibers,15,5500000127_63x_20190620_Capture1-Capture1-B2[144]Montage-10
1247,1063,42,C1_fibers,15,5500000127_63x_20190620_Capture1-Capture1-B2[144]Montage-10
1248,1083,50,C1_fibers,15,5500000127_63x_20190620_Capture1-Capture1-B2[144]Montage-10
1249,1104,61,C1_fibers,15,5500000127_63x_20190620_Capture1-Capture1-B2[144]Montage-10
1250,1124,66,C1_fibers,15,5500000127_63x_20190620_Capture1-Capture1-B2[144]Montage-10
1251,1144,77,C1_fibers,15,5500000127_63x_20190620_Capture1-Capture1-B2[144]Montage-10
1252,1170,82,C1_fibers,15,5500000127_63x_20190620_Capture1-Capture1-B2[144]Montage-10
1253,914,655,C1_fibers,15,5500000127_63x_20190620_Capture1-Capture1-B2[144]Montage-10
1254,930,666,C1_fibers,15,5500000127_63x_20190620_Capture1-Capture1-B2[144]Montage-10
1255,945,677,C1_fibers,15,5500000127_63x_20190620_Capture1-Capture1-B2[144]Montage-10
1256,956,692,C1_fibers,15,5500000127_63x_20190620_Capture1-Capture1-B2[144]Montage-10
1257,972,702,C1_fibers,15,5500000127_63x_20190620_Capture1-Capture1-B2[144]Montage-10
1258,987,710,C1_fibers,15,5500000127_63x_20190620_Capture1-Capture1-B2[144]Montage-10
1259,1375,1669,C1_fibers,15,5500000127_63x_20190620_Capture1-Capture1-B2[144]Montage-10
1260,1396,1674,C1_fibers,15,5500000127_63x_20190620_Capture1-Capture1-B2[144]Montage-10
1261,1418,1674,C1_fibers,15,5500000127_63x_20190620_Capture1-Capture1-B2[144]Montage-10
1262,1440,1671,C1_fibers,15,5500000127_63x_20190620_Capture1-Capture1-B2[144]Montage-10
1263,1458,1671,C1_fibers,15,5500000127_63x_20190620_Capture1-Capture1-B2[144]Montage-10
1264,1482,1673,C1_fibers,15,5500000127_63x_20190620_Capture1-Capture1-B2[144]Montage-10
1265,1115,1609,C1_fibers,15,5500000127_63x_20190620_Capture1-Capture1-B2[144]Montage-10
1266,1126,1622,C1_fibers,15,5500000127_63x_20190620_Capture1-Capture1-B2[144]Montage-10
1267,1137,1638,C1_fibers,15,5500000127_63x_20190620_Capture1-Capture1-B2[144]Montage-10
1268,1093,1090,C1_fibers,15,5500000127_63x_20190620_Capture1-Capture1-B2[144]Montage-10
1269,1112,1103,C1_fibers,15,5500000127_63x_20190620_Capture1-Capture1-B2[144]Montage-10
1270,1130,1118,C1_fibers,15,5500000127_63x_20190620_Capture1-Capture1-B2[144]Montage-10
1271,1155,1130,C1_fibers,15,5500000127_63x_20190620_Capture1-Capture1-B2[144]Montage-10
1272,1179,1143,C1_fibers,15,5500000127_63x_20190620_Capture1-Capture1-B2[144]Montage-10
1273,1264,574,C1_fibers,15,5500000127_63x_20190620_Capture1-Capture1-B2[144]Montage-10
1274,1297,577,C1_fibers,15,5500000127_63x_20190620_Capture1-Capture1-B2[144]Montage-10
1275,1326,585,C1_fibers,15,5500000127_63x_20190620_Capture1-Capture1-B2[144]Montage-10
1276,1360,590,C1_fibers,15,5500000127_63x_20190620_Capture1-Capture1-B2[144]Montage-10
1277,1382,590,C1_fibers,15,5500000127_63x_20190620_Capture1-Capture1-B2[144]Montage-10
1278,1398,594,C1_fibers,15,5500000127_63x_20190620_Capture1-Capture1-B2[144]Montage-10
1279,1375,594,C1_fibers,15,5500000127_63x_20190620_Capture1-Capture1-B2[144]Montage-10
1280,1389,603,C1_fibers,15,5500000127_63x_20190620_Capture1-Capture1-B2[144]Montage-10
1281,1380,282,C1_fibers,15,5500000127_63x_20190620_Capture1-Capture1-B2[144]Montage-10
1282,1398,293,C1_fibers,15,5500000127_63x_20190620_Capture1-Capture1-B2[144]Montage-10
1283,1414,300,C1_fibers,15,5500000127_63x_20190620_Capture1-Capture1-B2[144]Montage-10
1284,1431,320,C1_fibers,15,5500000127_63x_20190620_Capture1-Capture1-B2[144]Montage-10
1285,1454,331,C1_fibers,15,5500000127_63x_20190620_Capture1-Capture1-B2[144]Montage-10
1286,1467,343,C1_fibers,15,5500000127_63x_20190620_Capture1-Capture1-B2[144]Montage-10
1287,267,197,C1_fibers,15,5500000127_63x_20190620_Capture1-Capture1-B2[144]Montage-10
1288,283,213,C1_fibers,15,5500000127_63x_20190620_Capture1-Capture1-B2[144]Montage-10
1289,301,229,C1_fibers,15,5500000127_63x_20190620_Capture1-Capture1-B2[144]Montage-10
1290,310,255,C1_fibers,15,5500000127_63x_20190620_Capture1-Capture1-B2[144]Montage-10
1291,323,278,C1_fibers,15,5500000127_63x_20190620_Capture1-Capture1-B2[144]Montage-10
1292,332,298,C1_fibers,15,5500000127_63x_20190620_Capture1-Capture1-B2[144]Montage-10
1293,510,57,C1_fibers,15,5500000127_63x_20190620_Capture1-Capture1-B2[144]Montage-10
1294,530,66,C1_fibers,15,5500000127_63x_20190620_Capture1-Capture1-B2[144]Montage-10
1295,550,84,C1_fibers,15,5500000127_63x_20190620_Capture1-Capture1-B2[144]Montage-10
1296,577,100,C1_fibers,15,5500000127_63x_20190620_Capture1-Capture1-B2[144]Montage-10
1297,597,108,C1_fibers,15,5500000127_63x_20190620_Capture1-Capture1-B2[144]Montage-10
1298,613,117,C1_fibers,15,5500000127_63x_20190620_Capture1-Capture1-B2[144]Montage-10
1299,533,242,C1_fibers,15,5500000127_63x_20190620_Capture1-Capture1-B2[144]Montage-10
1300,546,253,C1_fibers,15,5500000127_63x_20190620_Capture1-Capture1-B2[144]Montage-10
1301,562,269,C1_fibers,15,5500000127_63x_20190620_Capture1-Capture1-B2[144]Montage-10
1302,577,287,C1_fibers,15,5500000127_63x_20190620_Capture1-Capture1-B2[144]Montage-10
1303,588,298,C1_fibers,15,5500000127_63x_20190620_Capture1-Capture1-B2[144]Montage-10
1304,595,302,C1_fibers,15,5500000127_63x_20190620_Capture1-Capture1-B2[144]Montage-10
1305,606,314,C1_fibers,15,5500000127_63x_20190620_Capture1-Capture1-B2[144]Montage-10
1306,613,329,C1_fibers,15,5500000127_63x_20190620_Capture1-Capture1-B2[144]Montage-10
1307,372,240,C1_fibers,15,5500000127_63x_20190620_Capture1-Capture1-B2[144]Montage-10
1308,392,253,C1_fibers,15,5500000127_63x_20190620_Capture1-Capture1-B2[144]Montage-10
1309,410,275,C1_fibers,15,5500000127_63x_20190620_Capture1-Capture1-B2[144]Montage-10
1310,424,289,C1_fibers,15,5500000127_63x_20190620_Capture1-Capture1-B2[144]Montage-10
1311,336,246,C1_fibers,15,5500000127_63x_20190620_Capture1-Capture1-B2[144]Montage-10
1312,354,260,C1_fibers,15,5500000127_63x_20190620_Capture1-Capture1-B2[144]Montage-10
1313,368,282,C1_fibers,15,5500000127_63x_20190620_Capture1-Capture1-B2[144]Montage-10
1314,388,304,C1_fibers,15,5500000127_63x_20190620_Capture1-Capture1-B2[144]Montage-10
1315,406,329,C1_fibers,15,5500000127_63x_20190620_Capture1-Capture1-B2[144]Montage-10
1316,421,347,C1_fibers,15,5500000127_63x_20190620_Capture1-Capture1-B2[144]Montage-10
1317,435,365,C1_fibers,15,5500000127_63x_20190620_Capture1-Capture1-B2[144]Montage-10
1318,354,411,C1_fibers,15,5500000127_63x_20190620_Capture1-Capture1-B2[144]Montage-10
1319,361,427,C1_fibers,15,5500000127_63x_20190620_Capture1-Capture1-B2[144]Montage-10
1320,372,445,C1_fibers,15,5500000127_63x_20190620_Capture1-Capture1-B2[144]Montage-10
1321,381,458,C1_fibers,15,5500000127_63x_20190620_Capture1-Capture1-B2[144]Montage-10
1322,394,476,C1_fibers,15,5500000127_63x_20190620_Capture1-Capture1-B2[144]Montage-10
1323,159,1044,C2_disorganized_puncta,4,5500000105_63x_20190528_Capture1-Capture1-C2[144]Montage-3
1324,163,1036,C2_disorganized_puncta,4,5500000105_63x_20190528_Capture1-Capture1-C2[144]Montage-3
1325,173,1048,C2_disorganized_puncta,4,5500000105_63x_20190528_Capture1-Capture1-C2[144]Montage-3
1326,166,1054,C2_disorganized_puncta,4,5500000105_63x_20190528_Capture1-Capture1-C2[144]Montage-3
1327,134,1062,C2_disorganized_puncta,4,5500000105_63x_20190528_Capture1-Capture1-C2[144]Montage-3
1328,154,1071,C2_disorganized_puncta,4,5500000105_63x_20190528_Capture1-Capture1-C2[144]Montage-3
1329,147,1050,C2_disorganized_puncta,4,5500000105_63x_20190528_Capture1-Capture1-C2[144]Montage-3
1330,201,1047,C2_disorganized_puncta,4,5500000105_63x_20190528_Capture1-Capture1-C2[144]Montage-3
1331,210,1031,C2_disorganized_puncta,4,5500000105_63x_20190528_Capture1-Capture1-C2[144]Montage-3
1332,861,883,C2_disorganized_puncta,4,5500000105_63x_20190528_Capture1-Capture1-C2[144]Montage-3
1333,853,871,C2_disorganized_puncta,4,5500000105_63x_20190528_Capture1-Capture1-C2[144]Montage-3
1334,874,883,C2_disorganized_puncta,4,5500000105_63x_20190528_Capture1-Capture1-C2[144]Montage-3
1335,899,891,C2_disorganized_puncta,4,5500000105_63x_20190528_Capture1-Capture1-C2[144]Montage-3
1336,915,898,C2_disorganized_puncta,4,5500000105_63x_20190528_Capture1-Capture1-C2[144]Montage-3
1337,940,874,C2_disorganized_puncta,4,5500000105_63x_20190528_Capture1-Capture1-C2[144]Montage-3
1338,936,846,C2_disorganized_puncta,4,5500000105_63x_20190528_Capture1-Capture1-C2[144]Montage-3
1339,897,851,C2_disorganized_puncta,4,5500000105_63x_20190528_Capture1-Capture1-C2[144]Montage-3
1340,887,836,C2_disorganized_puncta,4,5500000105_63x_20190528_Capture1-Capture1-C2[144]Montage-3
1341,887,817,C2_disorganized_puncta,4,5500000105_63x_20190528_Capture1-Capture1-C2[144]Montage-3
1342,1117,935,C2_disorganized_puncta,4,5500000105_63x_20190528_Capture1-Capture1-C2[144]Montage-3
1343,1131,926,C2_disorganized_puncta,4,5500000105_63x_20190528_Capture1-Capture1-C2[144]Montage-3
1344,1149,905,C2_disorganized_puncta,4,5500000105_63x_20190528_Capture1-Capture1-C2[144]Montage-3
1345,1158,924,C2_disorganized_puncta,4,5500000105_63x_20190528_Capture1-Capture1-C2[144]Montage-3
1346,1147,945,C2_disorganized_puncta,4,5500000105_63x_20190528_Capture1-Capture1-C2[144]Montage-3
1347,1123,955,C2_disorganized_puncta,4,5500000105_63x_20190528_Capture1-Capture1-C2[144]Montage-3
1348,1098,940,C2_disorganized_puncta,4,5500000105_63x_20190528_Capture1-Capture1-C2[144]Montage-3
1349,1115,902,C2_disorganized_puncta,4,5500000105_63x_20190528_Capture1-Capture1-C2[144]Montage-3
1350,1131,898,C2_disorganized_puncta,4,5500000105_63x_20190528_Capture1-Capture1-C2[144]Montage-3
1351,1125,913,C2_disorganized_puncta,4,5500000105_63x_20190528_Capture1-Capture1-C2[144]Montage-3
1352,1106,925,C2_disorganized_puncta,4,5500000105_63x_20190528_Capture1-Capture1-C2[144]Montage-3
1353,609,1025,C2_disorganized_puncta,4,5500000105_63x_20190528_Capture1-Capture1-C2[144]Montage-3
1354,585,1029,C2_disorganized_puncta,4,5500000105_63x_20190528_Capture1-Capture1-C2[144]Montage-3
1355,601,1037,C2_disorganized_puncta,4,5500000105_63x_20190528_Capture1-Capture1-C2[144]Montage-3
1356,615,1037,C2_disorganized_puncta,4,5500000105_63x_20190528_Capture1-Capture1-C2[144]Montage-3
1357,635,1035,C2_disorganized_puncta,4,5500000105_63x_20190528_Capture1-Capture1-C2[144]Montage-3
1358,652,1020,C2_disorganized_puncta,4,5500000105_63x_20190528_Capture1-Capture1-C2[144]Montage-3
1359,634,1013,C2_disorganized_puncta,4,5500000105_63x_20190528_Capture1-Capture1-C2[144]Montage-3
1360,937,1289,C2_disorganized_puncta,4,5500000105_63x_20190528_Capture1-Capture1-C2[144]Montage-3
1361,957,1293,C2_disorganized_puncta,4,5500000105_63x_20190528_Capture1-Capture1-C2[144]Montage-3
1362,988,1285,C2_disorganized_puncta,4,5500000105_63x_20190528_Capture1-Capture1-C2[144]Montage-3
1363,964,1309,C2_disorganized_puncta,4,5500000105_63x_20190528_Capture1-Capture1-C2[144]Montage-3
1364,944,1309,C2_disorganized_puncta,4,5500000105_63x_20190528_Capture1-Capture1-C2[144]Montage-3
1365,959,1319,C2_disorganized_puncta,4,5500000105_63x_20190528_Capture1-Capture1-C2[144]Montage-3
1366,983,1317,C2_disorganized_puncta,4,5500000105_63x_20190528_Capture1-Capture1-C2[144]Montage-3
1367,998,1297,C2_disorganized_puncta,4,5500000105_63x_20190528_Capture1-Capture1-C2[144]Montage-3
1368,1018,1278,C2_disorganized_puncta,4,5500000105_63x_20190528_Capture1-Capture1-C2[144]Montage-3
1369,1034,1261,C2_disorganized_puncta,4,5500000105_63x_20190528_Capture1-Capture1-C2[144]Montage-3
1370,1026,1254,C2_disorganized_puncta,4,5500000105_63x_20190528_Capture1-Capture1-C2[144]Montage-3
1371,1289,731,C2_disorganized_puncta,4,5500000105_63x_20190528_Capture1-Capture1-C2[144]Montage-3
1372,1271,755,C2_disorganized_puncta,4,5500000105_63x_20190528_Capture1-Capture1-C2[144]Montage-3
1373,1285,763,C2_disorganized_puncta,4,5500000105_63x_20190528_Capture1-Capture1-C2[144]Montage-3
1374,1325,723,C2_disorganized_puncta,4,5500000105_63x_20190528_Capture1-Capture1-C2[144]Montage-3
1375,1298,723,C2_disorganized_puncta,4,5500000105_63x_20190528_Capture1-Capture1-C2[144]Montage-3
1376,1260,664,C2_disorganized_puncta,4,5500000105_63x_20190528_Capture1-Capture1-C2[144]Montage-3
1377,1199,678,C2_disorganized_puncta,4,5500000105_63x_20190528_Capture1-Capture1-C2[144]Montage-3
1378,1191,686,C2_disorganized_puncta,4,5500000105_63x_20190528_Capture1-Capture1-C2[144]Montage-3
1379,1156,711,C2_disorganized_puncta,4,5500000105_63x_20190528_Capture1-Capture1-C2[144]Montage-3
1380,1167,723,C2_disorganized_puncta,4,5500000105_63x_20190528_Capture1-Capture1-C2[144]Montage-3
1381,1206,714,C2_disorganized_puncta,4,5500000105_63x_20190528_Capture1-Capture1-C2[144]Montage-3
1382,1186,709,C2_disorganized_puncta,4,5500000105_63x_20190528_Capture1-Capture1-C2[144]Montage-3
1383,1176,735,C2_disorganized_puncta,4,5500000105_63x_20190528_Capture1-Capture1-C2[144]Montage-3
1384,1242,717,C2_disorganized_puncta,4,5500000105_63x_20190528_Capture1-Capture1-C2[144]Montage-3
1385,1229,702,C2_disorganized_puncta,4,5500000105_63x_20190528_Capture1-Capture1-C2[144]Montage-3
1386,1216,694,C2_disorganized_puncta,4,5500000105_63x_20190528_Capture1-Capture1-C2[144]Montage-3
1387,952,824,C2_disorganized_puncta,4,5500000105_63x_20190528_Capture1-Capture1-C2[144]Montage-3
1388,930,828,C2_disorganized_puncta,4,5500000105_63x_20190528_Capture1-Capture1-C2[144]Montage-3
1389,1376,874,C2_disorganized_puncta,4,5500000105_63x_20190528_Capture1-Capture1-C2[144]Montage-3
1390,1397,886,C2_disorganized_puncta,4,5500000105_63x_20190528_Capture1-Capture1-C2[144]Montage-3
1391,1364,889,C2_disorganized_puncta,4,5500000105_63x_20190528_Capture1-Capture1-C2[144]Montage-3
1392,1386,902,C2_disorganized_puncta,4,5500000105_63x_20190528_Capture1-Capture1-C2[144]Montage-3
1393,1408,906,C2_disorganized_puncta,4,5500000105_63x_20190528_Capture1-Capture1-C2[144]Montage-3
1394,1621,1268,C2_disorganized_puncta,4,5500000105_63x_20190528_Capture1-Capture1-C2[144]Montage-3
1395,1633,1247,C2_disorganized_puncta,4,5500000105_63x_20190528_Capture1-Capture1-C2[144]Montage-3
1396,1624,1237,C2_disorganized_puncta,4,5500000105_63x_20190528_Capture1-Capture1-C2[144]Montage-3
1397,1677,1237,C2_disorganized_puncta,4,5500000105_63x_20190528_Capture1-Capture1-C2[144]Montage-3
1398,1654,1223,C2_disorganized_puncta,4,5500000105_63x_20190528_Capture1-Capture1-C2[144]Montage-3
1399,1664,1231,C2_disorganized_puncta,4,5500000105_63x_20190528_Capture1-Capture1-C2[144]Montage-3
1400,1651,1243,C2_disorganized_puncta,4,5500000105_63x_20190528_Capture1-Capture1-C2[144]Montage-3
1401,1672,1245,C2_disorganized_puncta,4,5500000105_63x_20190528_Capture1-Capture1-C2[144]Montage-3
1402,998,867,C2_disorganized_puncta,5,5500000105_63x_20190528_Capture1-Capture1-C2[144]Montage-4
1403,1012,840,C2_disorganized_puncta,5,5500000105_63x_20190528_Capture1-Capture1-C2[144]Montage-4
1404,998,842,C2_disorganized_puncta,5,5500000105_63x_20190528_Capture1-Capture1-C2[144]Montage-4
1405,1036,852,C2_disorganized_puncta,5,5500000105_63x_20190528_Capture1-Capture1-C2[144]Montage-4
1406,1004,882,C2_disorganized_puncta,5,5500000105_63x_20190528_Capture1-Capture1-C2[144]Montage-4
1407,988,886,C2_disorganized_puncta,5,5500000105_63x_20190528_Capture1-Capture1-C2[144]Montage-4
1408,1025,887,C2_disorganized_puncta,5,5500000105_63x_20190528_Capture1-Capture1-C2[144]Montage-4
1409,1018,862,C2_disorganized_puncta,5,5500000105_63x_20190528_Capture1-Capture1-C2[144]Montage-4
1410,1000,855,C2_disorganized_puncta,5,5500000105_63x_20190528_Capture1-Capture1-C2[144]Montage-4
1411,1160,778,C2_disorganized_puncta,5,5500000105_63x_20190528_Capture1-Capture1-C2[144]Montage-4
1412,1139,776,C2_disorganized_puncta,5,5500000105_63x_20190528_Capture1-Capture1-C2[144]Montage-4
1413,1139,795,C2_disorganized_puncta,5,5500000105_63x_20190528_Capture1-Capture1-C2[144]Montage-4
1414,1160,785,C2_disorganized_puncta,5,5500000105_63x_20190528_Capture1-Capture1-C2[144]Montage-4
1415,1187,758,C2_disorganized_puncta,5,5500000105_63x_20190528_Capture1-Capture1-C2[144]Montage-4
1416,1209,747,C2_disorganized_puncta,5,5500000105_63x_20190528_Capture1-Capture1-C2[144]Montage-4
1417,1218,770,C2_disorganized_puncta,5,5500000105_63x_20190528_Capture1-Capture1-C2[144]Montage-4
1418,1182,771,C2_disorganized_puncta,5,5500000105_63x_20190528_Capture1-Capture1-C2[144]Montage-4
1419,1546,537,C2_disorganized_puncta,5,5500000105_63x_20190528_Capture1-Capture1-C2[144]Montage-4
1420,1561,515,C2_disorganized_puncta,5,5500000105_63x_20190528_Capture1-Capture1-C2[144]Montage-4
1421,1566,546,C2_disorganized_puncta,5,5500000105_63x_20190528_Capture1-Capture1-C2[144]Montage-4
1422,1539,552,C2_disorganized_puncta,5,5500000105_63x_20190528_Capture1-Capture1-C2[144]Montage-4
1423,1507,552,C2_disorganized_puncta,5,5500000105_63x_20190528_Capture1-Capture1-C2[144]Montage-4
1424,1530,581,C2_disorganized_puncta,5,5500000105_63x_20190528_Capture1-Capture1-C2[144]Montage-4
1425,1570,565,C2_disorganized_puncta,5,5500000105_63x_20190528_Capture1-Capture1-C2[144]Montage-4
1426,1585,557,C2_disorganized_puncta,5,5500000105_63x_20190528_Capture1-Capture1-C2[144]Montage-4
1427,1584,533,C2_disorganized_puncta,5,5500000105_63x_20190528_Capture1-Capture1-C2[144]Montage-4
1428,1582,515,C2_disorganized_puncta,5,5500000105_63x_20190528_Capture1-Capture1-C2[144]Montage-4
1429,1551,495,C2_disorganized_puncta,5,5500000105_63x_20190528_Capture1-Capture1-C2[144]Montage-4
1430,1530,529,C2_disorganized_puncta,5,5500000105_63x_20190528_Capture1-Capture1-C2[144]Montage-4
1431,751,1091,C2_disorganized_puncta,5,5500000105_63x_20190528_Capture1-Capture1-C2[144]Montage-4
1432,730,1099,C2_disorganized_puncta,5,5500000105_63x_20190528_Capture1-Capture1-C2[144]Montage-4
1433,763,1117,C2_disorganized_puncta,5,5500000105_63x_20190528_Capture1-Capture1-C2[144]Montage-4
1434,783,1101,C2_disorganized_puncta,5,5500000105_63x_20190528_Capture1-Capture1-C2[144]Montage-4
1435,775,1081,C2_disorganized_puncta,5,5500000105_63x_20190528_Capture1-Capture1-C2[144]Montage-4
1436,751,1109,C2_disorganized_puncta,5,5500000105_63x_20190528_Capture1-Capture1-C2[144]Montage-4
1437,716,1116,C2_disorganized_puncta,5,5500000105_63x_20190528_Capture1-Capture1-C2[144]Montage-4
1438,755,1128,C2_disorganized_puncta,5,5500000105_63x_20190528_Capture1-Capture1-C2[144]Montage-4
1439,753,1151,C2_disorganized_puncta,5,5500000105_63x_20190528_Capture1-Capture1-C2[144]Montage-4
1440,710,1162,C2_disorganized_puncta,5,5500000105_63x_20190528_Capture1-Capture1-C2[144]Montage-4
1441,689,1151,C2_disorganized_puncta,5,5500000105_63x_20190528_Capture1-Capture1-C2[144]Montage-4
1442,677,1127,C2_disorganized_puncta,5,5500000105_63x_20190528_Capture1-Capture1-C2[144]Montage-4
1443,695,1107,C2_disorganized_puncta,5,5500000105_63x_20190528_Capture1-Capture1-C2[144]Montage-4
1444,691,1128,C2_disorganized_puncta,5,5500000105_63x_20190528_Capture1-Capture1-C2[144]Montage-4
1445,745,1175,C2_disorganized_puncta,5,5500000105_63x_20190528_Capture1-Capture1-C2[144]Montage-4
1446,767,1171,C2_disorganized_puncta,5,5500000105_63x_20190528_Capture1-Capture1-C2[144]Montage-4
1447,777,1157,C2_disorganized_puncta,5,5500000105_63x_20190528_Capture1-Capture1-C2[144]Montage-4
1448,802,1131,C2_disorganized_puncta,5,5500000105_63x_20190528_Capture1-Capture1-C2[144]Montage-4
1449,775,1120,C2_disorganized_puncta,5,5500000105_63x_20190528_Capture1-Capture1-C2[144]Montage-4
1450,780,1126,C2_disorganized_puncta,5,5500000105_63x_20190528_Capture1-Capture1-C2[144]Montage-4
1451,811,770,C2_disorganized_puncta,5,5500000105_63x_20190528_Capture1-Capture1-C2[144]Montage-4
1452,823,752,C2_disorganized_puncta,5,5500000105_63x_20190528_Capture1-Capture1-C2[144]Montage-4
1453,814,783,C2_disorganized_puncta,5,5500000105_63x_20190528_Capture1-Capture1-C2[144]Montage-4
1454,786,791,C2_disorganized_puncta,5,5500000105_63x_20190528_Capture1-Capture1-C2[144]Montage-4
1455,803,776,C2_disorganized_puncta,5,5500000105_63x_20190528_Capture1-Capture1-C2[144]Montage-4
1456,803,798,C2_disorganized_puncta,5,5500000105_63x_20190528_Capture1-Capture1-C2[144]Montage-4
1457,572,889,C2_disorganized_puncta,5,5500000105_63x_20190528_Capture1-Capture1-C2[144]Montage-4
1458,581,863,C2_disorganized_puncta,5,5500000105_63x_20190528_Capture1-Capture1-C2[144]Montage-4
1459,557,871,C2_disorganized_puncta,5,5500000105_63x_20190528_Capture1-Capture1-C2[144]Montage-4
1460,535,877,C2_disorganized_puncta,5,5500000105_63x_20190528_Capture1-Capture1-C2[144]Montage-4
1461,866,1300,C2_disorganized_puncta,5,5500000105_63x_20190528_Capture1-Capture1-C2[144]Montage-4
1462,891,1289,C2_disorganized_puncta,5,5500000105_63x_20190528_Capture1-Capture1-C2[144]Montage-4
1463,860,1270,C2_disorganized_puncta,5,5500000105_63x_20190528_Capture1-Capture1-C2[144]Montage-4
1464,852,1308,C2_disorganized_puncta,5,5500000105_63x_20190528_Capture1-Capture1-C2[144]Montage-4
1465,889,1308,C2_disorganized_puncta,5,5500000105_63x_20190528_Capture1-Capture1-C2[144]Montage-4
1466,882,1292,C2_disorganized_puncta,5,5500000105_63x_20190528_Capture1-Capture1-C2[144]Montage-4
1467,837,1284,C2_disorganized_puncta,5,5500000105_63x_20190528_Capture1-Capture1-C2[144]Montage-4
1468,884,1277,C2_disorganized_puncta,5,5500000105_63x_20190528_Capture1-Capture1-C2[144]Montage-4
1469,1174,1134,C2_disorganized_puncta,5,5500000105_63x_20190528_Capture1-Capture1-C2[144]Montage-4
1470,1198,1134,C2_disorganized_puncta,5,5500000105_63x_20190528_Capture1-Capture1-C2[144]Montage-4
1471,1178,1146,C2_disorganized_puncta,5,5500000105_63x_20190528_Capture1-Capture1-C2[144]Montage-4
1472,1190,1161,C2_disorganized_puncta,5,5500000105_63x_20190528_Capture1-Capture1-C2[144]Montage-4
1473,1201,1151,C2_disorganized_puncta,5,5500000105_63x_20190528_Capture1-Capture1-C2[144]Montage-4
1474,1600,119,C2_disorganized_puncta,5,5500000105_63x_20190528_Capture1-Capture1-C2[144]Montage-4
1475,1653,112,C2_disorganized_puncta,5,5500000105_63x_20190528_Capture1-Capture1-C2[144]Montage-4
1476,1641,98,C2_disorganized_puncta,5,5500000105_63x_20190528_Capture1-Capture1-C2[144]Montage-4
1477,1615,126,C2_disorganized_puncta,5,5500000105_63x_20190528_Capture1-Capture1-C2[144]Montage-4
1478,1590,150,C2_disorganized_puncta,5,5500000105_63x_20190528_Capture1-Capture1-C2[144]Montage-4
1479,1649,172,C2_disorganized_puncta,5,5500000105_63x_20190528_Capture1-Capture1-C2[144]Montage-4
1480,1668,155,C2_disorganized_puncta,5,5500000105_63x_20190528_Capture1-Capture1-C2[144]Montage-4
1481,1625,142,C2_disorganized_puncta,5,5500000105_63x_20190528_Capture1-Capture1-C2[144]Montage-4
1482,1594,179,C2_disorganized_puncta,5,5500000105_63x_20190528_Capture1-Capture1-C2[144]Montage-4
1483,1629,200,C2_disorganized_puncta,5,5500000105_63x_20190528_Capture1-Capture1-C2[144]Montage-4
1484,1629,174,C2_disorganized_puncta,5,5500000105_63x_20190528_Capture1-Capture1-C2[144]Montage-4
1485,1653,146,C2_disorganized_puncta,5,5500000105_63x_20190528_Capture1-Capture1-C2[144]Montage-4
1486,1660,136,C2_disorganized_puncta,5,5500000105_63x_20190528_Capture1-Capture1-C2[144]Montage-4
1487,1679,118,C2_disorganized_puncta,5,5500000105_63x_20190528_Capture1-Capture1-C2[144]Montage-4
1488,1679,177,C2_disorganized_puncta,5,5500000105_63x_20190528_Capture1-Capture1-C2[144]Montage-4
1489,1600,232,C2_disorganized_puncta,5,5500000105_63x_20190528_Capture1-Capture1-C2[144]Montage-4
1490,1594,212,C2_disorganized_puncta,5,5500000105_63x_20190528_Capture1-Capture1-C2[144]Montage-4
1491,1579,202,C2_disorganized_puncta,5,5500000105_63x_20190528_Capture1-Capture1-C2[144]Montage-4
1492,1598,201,C2_disorganized_puncta,5,5500000105_63x_20190528_Capture1-Capture1-C2[144]Montage-4
1493,1618,172,C2_disorganized_puncta,5,5500000105_63x_20190528_Capture1-Capture1-C2[144]Montage-4
1494,1618,154,C2_disorganized_puncta,5,5500000105_63x_20190528_Capture1-Capture1-C2[144]Montage-4
1495,1113,317,C2_disorganized_puncta,8,5500000116_63x_20190611_Capture1-Capture1-B5[144]Montage-1
1496,1154,313,C2_disorganized_puncta,8,5500000116_63x_20190611_Capture1-Capture1-B5[144]Montage-1
1497,1071,313,C2_disorganized_puncta,8,5500000116_63x_20190611_Capture1-Capture1-B5[144]Montage-1
1498,1091,345,C2_disorganized_puncta,8,5500000116_63x_20190611_Capture1-Capture1-B5[144]Montage-1
1499,1141,341,C2_disorganized_puncta,8,5500000116_63x_20190611_Capture1-Capture1-B5[144]Montage-1
1500,1144,399,C2_disorganized_puncta,8,5500000116_63x_20190611_Capture1-Capture1-B5[144]Montage-1
1501,1170,383,C2_disorganized_puncta,8,5500000116_63x_20190611_Capture1-Capture1-B5[144]Montage-1
1502,1170,370,C2_disorganized_puncta,8,5500000116_63x_20190611_Capture1-Capture1-B5[144]Montage-1
1503,1109,377,C2_disorganized_puncta,8,5500000116_63x_20190611_Capture1-Capture1-B5[144]Montage-1
1504,1119,341,C2_disorganized_puncta,8,5500000116_63x_20190611_Capture1-Capture1-B5[144]Montage-1
1505,1129,359,C2_disorganized_puncta,8,5500000116_63x_20190611_Capture1-Capture1-B5[144]Montage-1
1506,1178,341,C2_disorganized_puncta,8,5500000116_63x_20190611_Capture1-Capture1-B5[144]Montage-1
1507,1166,358,C2_disorganized_puncta,8,5500000116_63x_20190611_Capture1-Capture1-B5[144]Montage-1
1508,1145,375,C2_disorganized_puncta,8,5500000116_63x_20190611_Capture1-Capture1-B5[144]Montage-1
1509,1173,395,C2_disorganized_puncta,8,5500000116_63x_20190611_Capture1-Capture1-B5[144]Montage-1
1510,1099,396,C2_disorganized_puncta,8,5500000116_63x_20190611_Capture1-Capture1-B5[144]Montage-1
1511,1122,420,C2_disorganized_puncta,8,5500000116_63x_20190611_Capture1-Capture1-B5[144]Montage-1
1512,1073,406,C2_disorganized_puncta,8,5500000116_63x_20190611_Capture1-Capture1-B5[144]Montage-1
1513,1084,364,C2_disorganized_puncta,8,5500000116_63x_20190611_Capture1-Capture1-B5[144]Montage-1
1514,1062,349,C2_disorganized_puncta,8,5500000116_63x_20190611_Capture1-Capture1-B5[144]Montage-1
1515,1071,332,C2_disorganized_puncta,8,5500000116_63x_20190611_Capture1-Capture1-B5[144]Montage-1
1516,1084,326,C2_disorganized_puncta,8,5500000116_63x_20190611_Capture1-Capture1-B5[144]Montage-1
1517,1105,300,C2_disorganized_puncta,8,5500000116_63x_20190611_Capture1-Capture1-B5[144]Montage-1
1518,975,330,C2_disorganized_puncta,8,5500000116_63x_20190611_Capture1-Capture1-B5[144]Montage-1
1519,1007,311,C2_disorganized_puncta,8,5500000116_63x_20190611_Capture1-Capture1-B5[144]Montage-1
1520,1035,276,C2_disorganized_puncta,8,5500000116_63x_20190611_Capture1-Capture1-B5[144]Montage-1
1521,1007,276,C2_disorganized_puncta,8,5500000116_63x_20190611_Capture1-Capture1-B5[144]Montage-1
1522,1037,306,C2_disorganized_puncta,8,5500000116_63x_20190611_Capture1-Capture1-B5[144]Montage-1
1523,1020,324,C2_disorganized_puncta,8,5500000116_63x_20190611_Capture1-Capture1-B5[144]Montage-1
1524,1033,328,C2_disorganized_puncta,8,5500000116_63x_20190611_Capture1-Capture1-B5[144]Montage-1
1525,1032,375,C2_disorganized_puncta,8,5500000116_63x_20190611_Capture1-Capture1-B5[144]Montage-1
1526,903,595,C2_disorganized_puncta,8,5500000116_63x_20190611_Capture1-Capture1-B5[144]Montage-1
1527,840,593,C2_disorganized_puncta,8,5500000116_63x_20190611_Capture1-Capture1-B5[144]Montage-1
1528,850,650,C2_disorganized_puncta,8,5500000116_63x_20190611_Capture1-Capture1-B5[144]Montage-1
1529,905,653,C2_disorganized_puncta,8,5500000116_63x_20190611_Capture1-Capture1-B5[144]Montage-1
1530,871,609,C2_disorganized_puncta,8,5500000116_63x_20190611_Capture1-Capture1-B5[144]Montage-1
1531,842,621,C2_disorganized_puncta,8,5500000116_63x_20190611_Capture1-Capture1-B5[144]Montage-1
1532,882,653,C2_disorganized_puncta,8,5500000116_63x_20190611_Capture1-Capture1-B5[144]Montage-1
1533,889,595,C2_disorganized_puncta,8,5500000116_63x_20190611_Capture1-Capture1-B5[144]Montage-1
1534,894,635,C2_disorganized_puncta,8,5500000116_63x_20190611_Capture1-Capture1-B5[144]Montage-1
1535,924,648,C2_disorganized_puncta,8,5500000116_63x_20190611_Capture1-Capture1-B5[144]Montage-1
1536,924,686,C2_disorganized_puncta,8,5500000116_63x_20190611_Capture1-Capture1-B5[144]Montage-1
1537,949,680,C2_disorganized_puncta,8,5500000116_63x_20190611_Capture1-Capture1-B5[144]Montage-1
1538,957,632,C2_disorganized_puncta,8,5500000116_63x_20190611_Capture1-Capture1-B5[144]Montage-1
1539,976,628,C2_disorganized_puncta,8,5500000116_63x_20190611_Capture1-Capture1-B5[144]Montage-1
1540,956,578,C2_disorganized_puncta,8,5500000116_63x_20190611_Capture1-Capture1-B5[144]Montage-1
1541,921,574,C2_disorganized_puncta,8,5500000116_63x_20190611_Capture1-Capture1-B5[144]Montage-1
1542,871,564,C2_disorganized_puncta,8,5500000116_63x_20190611_Capture1-Capture1-B5[144]Montage-1
1543,829,559,C2_disorganized_puncta,8,5500000116_63x_20190611_Capture1-Capture1-B5[144]Montage-1
1544,804,569,C2_disorganized_puncta,8,5500000116_63x_20190611_Capture1-Capture1-B5[144]Montage-1
1545,783,614,C2_disorganized_puncta,8,5500000116_63x_20190611_Capture1-Capture1-B5[144]Montage-1
1546,814,593,C2_disorganized_puncta,8,5500000116_63x_20190611_Capture1-Capture1-B5[144]Montage-1
1547,800,640,C2_disorganized_puncta,8,5500000116_63x_20190611_Capture1-Capture1-B5[144]Montage-1
1548,802,625,C2_disorganized_puncta,8,5500000116_63x_20190611_Capture1-Capture1-B5[144]Montage-1
1549,766,596,C2_disorganized_puncta,8,5500000116_63x_20190611_Capture1-Capture1-B5[144]Montage-1
1550,767,560,C2_disorganized_puncta,8,5500000116_63x_20190611_Capture1-Capture1-B5[144]Montage-1
1551,781,575,C2_disorganized_puncta,8,5500000116_63x_20190611_Capture1-Capture1-B5[144]Montage-1
1552,825,648,C2_disorganized_puncta,8,5500000116_63x_20190611_Capture1-Capture1-B5[144]Montage-1
1553,849,691,C2_disorganized_puncta,8,5500000116_63x_20190611_Capture1-Capture1-B5[144]Montage-1
1554,715,394,C2_disorganized_puncta,8,5500000116_63x_20190611_Capture1-Capture1-B5[144]Montage-1
1555,736,391,C2_disorganized_puncta,8,5500000116_63x_20190611_Capture1-Capture1-B5[144]Montage-1
1556,764,399,C2_disorganized_puncta,8,5500000116_63x_20190611_Capture1-Capture1-B5[144]Montage-1
1557,728,417,C2_disorganized_puncta,8,5500000116_63x_20190611_Capture1-Capture1-B5[144]Montage-1
1558,700,411,C2_disorganized_puncta,8,5500000116_63x_20190611_Capture1-Capture1-B5[144]Montage-1
1559,672,434,C2_disorganized_puncta,8,5500000116_63x_20190611_Capture1-Capture1-B5[144]Montage-1
1560,734,443,C2_disorganized_puncta,8,5500000116_63x_20190611_Capture1-Capture1-B5[144]Montage-1
1561,702,434,C2_disorganized_puncta,8,5500000116_63x_20190611_Capture1-Capture1-B5[144]Montage-1
1562,713,420,C2_disorganized_puncta,8,5500000116_63x_20190611_Capture1-Capture1-B5[144]Montage-1
1563,746,428,C2_disorganized_puncta,8,5500000116_63x_20190611_Capture1-Capture1-B5[144]Montage-1
1564,764,419,C2_disorganized_puncta,8,5500000116_63x_20190611_Capture1-Capture1-B5[144]Montage-1
1565,1331,352,C2_disorganized_puncta,8,5500000116_63x_20190611_Capture1-Capture1-B5[144]Montage-1
1566,1372,336,C2_disorganized_puncta,8,5500000116_63x_20190611_Capture1-Capture1-B5[144]Montage-1
1567,1382,359,C2_disorganized_puncta,8,5500000116_63x_20190611_Capture1-Capture1-B5[144]Montage-1
1568,1348,351,C2_disorganized_puncta,8,5500000116_63x_20190611_Capture1-Capture1-B5[144]Montage-1
1569,1364,328,C2_disorganized_puncta,8,5500000116_63x_20190611_Capture1-Capture1-B5[144]Montage-1
1570,1404,305,C2_disorganized_puncta,8,5500000116_63x_20190611_Capture1-Capture1-B5[144]Montage-1
1571,1434,292,C2_disorganized_puncta,8,5500000116_63x_20190611_Capture1-Capture1-B5[144]Montage-1
1572,1455,308,C2_disorganized_puncta,8,5500000116_63x_20190611_Capture1-Capture1-B5[144]Montage-1
1573,1417,305,C2_disorganized_puncta,8,5500000116_63x_20190611_Capture1-Capture1-B5[144]Montage-1
1574,1427,290,C2_disorganized_puncta,8,5500000116_63x_20190611_Capture1-Capture1-B5[144]Montage-1
1575,1419,334,C2_disorganized_puncta,8,5500000116_63x_20190611_Capture1-Capture1-B5[144]Montage-1
1576,1434,379,C2_disorganized_puncta,8,5500000116_63x_20190611_Capture1-Capture1-B5[144]Montage-1
1577,1461,383,C2_disorganized_puncta,8,5500000116_63x_20190611_Capture1-Capture1-B5[144]Montage-1
1578,1451,401,C2_disorganized_puncta,8,5500000116_63x_20190611_Capture1-Capture1-B5[144]Montage-1
1579,1410,381,C2_disorganized_puncta,8,5500000116_63x_20190611_Capture1-Capture1-B5[144]Montage-1
1580,1417,366,C2_disorganized_puncta,8,5500000116_63x_20190611_Capture1-Capture1-B5[144]Montage-1
1581,1399,371,C2_disorganized_puncta,8,5500000116_63x_20190611_Capture1-Capture1-B5[144]Montage-1
1582,1420,338,C2_disorganized_puncta,8,5500000116_63x_20190611_Capture1-Capture1-B5[144]Montage-1
1583,1445,315,C2_disorganized_puncta,8,5500000116_63x_20190611_Capture1-Capture1-B5[144]Montage-1
1584,1427,306,C2_disorganized_puncta,8,5500000116_63x_20190611_Capture1-Capture1-B5[144]Montage-1
1585,297,241,C2_disorganized_puncta,8,5500000116_63x_20190611_Capture1-Capture1-B5[144]Montage-1
1586,358,274,C2_disorganized_puncta,8,5500000116_63x_20190611_Capture1-Capture1-B5[144]Montage-1
1587,365,225,C2_disorganized_puncta,8,5500000116_63x_20190611_Capture1-Capture1-B5[144]Montage-1
1588,360,162,C2_disorganized_puncta,8,5500000116_63x_20190611_Capture1-Capture1-B5[144]Montage-1
1589,397,143,C2_disorganized_puncta,8,5500000116_63x_20190611_Capture1-Capture1-B5[144]Montage-1
1590,412,202,C2_disorganized_puncta,8,5500000116_63x_20190611_Capture1-Capture1-B5[144]Montage-1
1591,359,200,C2_disorganized_puncta,8,5500000116_63x_20190611_Capture1-Capture1-B5[144]Montage-1
1592,412,236,C2_disorganized_puncta,8,5500000116_63x_20190611_Capture1-Capture1-B5[144]Montage-1
1593,405,274,C2_disorganized_puncta,8,5500000116_63x_20190611_Capture1-Capture1-B5[144]Montage-1
1594,371,302,C2_disorganized_puncta,8,5500000116_63x_20190611_Capture1-Capture1-B5[144]Montage-1
1595,407,338,C2_disorganized_puncta,8,5500000116_63x_20190611_Capture1-Capture1-B5[144]Montage-1
1596,443,308,C2_disorganized_puncta,8,5500000116_63x_20190611_Capture1-Capture1-B5[144]Montage-1
1597,462,341,C2_disorganized_puncta,8,5500000116_63x_20190611_Capture1-Capture1-B5[144]Montage-1
1598,419,399,C2_disorganized_puncta,8,5500000116_63x_20190611_Capture1-Capture1-B5[144]Montage-1
1599,397,351,C2_disorganized_puncta,8,5500000116_63x_20190611_Capture1-Capture1-B5[144]Montage-1
1600,431,351,C2_disorganized_puncta,8,5500000116_63x_20190611_Capture1-Capture1-B5[144]Montage-1
1601,405,385,C2_disorganized_puncta,8,5500000116_63x_20190611_Capture1-Capture1-B5[144]Montage-1
1602,365,349,C2_disorganized_puncta,8,5500000116_63x_20190611_Capture1-Capture1-B5[144]Montage-1
1603,386,323,C2_disorganized_puncta,8,5500000116_63x_20190611_Capture1-Capture1-B5[144]Montage-1
1604,316,309,C2_disorganized_puncta,8,5500000116_63x_20190611_Capture1-Capture1-B5[144]Montage-1
1605,326,269,C2_disorganized_puncta,8,5500000116_63x_20190611_Capture1-Capture1-B5[144]Montage-1
1606,339,305,C2_disorganized_puncta,8,5500000116_63x_20190611_Capture1-Capture1-B5[144]Montage-1
1607,356,312,C2_disorganized_puncta,8,5500000116_63x_20190611_Capture1-Capture1-B5[144]Montage-1
1608,341,344,C2_disorganized_puncta,8,5500000116_63x_20190611_Capture1-Capture1-B5[144]Montage-1
1609,324,195,C2_disorganized_puncta,8,5500000116_63x_20190611_Capture1-Capture1-B5[144]Montage-1
1610,358,118,C2_disorganized_puncta,8,5500000116_63x_20190611_Capture1-Capture1-B5[144]Montage-1
1611,399,102,C2_disorganized_puncta,8,5500000116_63x_20190611_Capture1-Capture1-B5[144]Montage-1
1612,424,121,C2_disorganized_puncta,8,5500000116_63x_20190611_Capture1-Capture1-B5[144]Montage-1
1613,450,155,C2_disorganized_puncta,8,5500000116_63x_20190611_Capture1-Capture1-B5[144]Montage-1
1614,490,185,C2_disorganized_puncta,8,5500000116_63x_20190611_Capture1-Capture1-B5[144]Montage-1
1615,482,230,C2_disorganized_puncta,8,5500000116_63x_20190611_Capture1-Capture1-B5[144]Montage-1
1616,508,247,C2_disorganized_puncta,8,5500000116_63x_20190611_Capture1-Capture1-B5[144]Montage-1
1617,467,269,C2_disorganized_puncta,8,5500000116_63x_20190611_Capture1-Capture1-B5[144]Montage-1
1618,490,306,C2_disorganized_puncta,8,5500000116_63x_20190611_Capture1-Capture1-B5[144]Montage-1
1619,486,337,C2_disorganized_puncta,8,5500000116_63x_20190611_Capture1-Capture1-B5[144]Montage-1
1620,477,367,C2_disorganized_puncta,8,5500000116_63x_20190611_Capture1-Capture1-B5[144]Montage-1
1621,467,316,C2_disorganized_puncta,8,5500000116_63x_20190611_Capture1-Capture1-B5[144]Montage-1
1622,444,273,C2_disorganized_puncta,8,5500000116_63x_20190611_Capture1-Capture1-B5[144]Montage-1
1623,463,233,C2_disorganized_puncta,8,5500000116_63x_20190611_Capture1-Capture1-B5[144]Montage-1
1624,383,245,C2_disorganized_puncta,8,5500000116_63x_20190611_Capture1-Capture1-B5[144]Montage-1
1625,388,219,C2_disorganized_puncta,8,5500000116_63x_20190611_Capture1-Capture1-B5[144]Montage-1
1626,371,177,C2_disorganized_puncta,8,5500000116_63x_20190611_Capture1-Capture1-B5[144]Montage-1
1627,391,170,C2_disorganized_puncta,8,5500000116_63x_20190611_Capture1-Capture1-B5[144]Montage-1
1628,430,162,C2_disorganized_puncta,8,5500000116_63x_20190611_Capture1-Capture1-B5[144]Montage-1
1629,394,197,C2_disorganized_puncta,8,5500000116_63x_20190611_Capture1-Capture1-B5[144]Montage-1
1630,650,211,C2_disorganized_puncta,8,5500000116_63x_20190611_Capture1-Capture1-B5[144]Montage-1
1631,624,195,C2_disorganized_puncta,8,5500000116_63x_20190611_Capture1-Capture1-B5[144]Montage-1
1632,601,215,C2_disorganized_puncta,8,5500000116_63x_20190611_Capture1-Capture1-B5[144]Montage-1
1633,674,259,C2_disorganized_puncta,8,5500000116_63x_20190611_Capture1-Capture1-B5[144]Montage-1
1634,721,195,C2_disorganized_puncta,8,5500000116_63x_20190611_Capture1-Capture1-B5[144]Montage-1
1635,721,170,C2_disorganized_puncta,8,5500000116_63x_20190611_Capture1-Capture1-B5[144]Montage-1
1636,682,217,C2_disorganized_puncta,8,5500000116_63x_20190611_Capture1-Capture1-B5[144]Montage-1
1637,689,133,C2_disorganized_puncta,8,5500000116_63x_20190611_Capture1-Capture1-B5[144]Montage-1
1638,656,102,C2_disorganized_puncta,8,5500000116_63x_20190611_Capture1-Capture1-B5[144]Montage-1
1639,711,68,C2_disorganized_puncta,8,5500000116_63x_20190611_Capture1-Capture1-B5[144]Montage-1
1640,671,54,C2_disorganized_puncta,8,5500000116_63x_20190611_Capture1-Capture1-B5[144]Montage-1
1641,644,39,C2_disorganized_puncta,8,5500000116_63x_20190611_Capture1-Capture1-B5[144]Montage-1
1642,612,75,C2_disorganized_puncta,8,5500000116_63x_20190611_Capture1-Capture1-B5[144]Montage-1
1643,642,79,C2_disorganized_puncta,8,5500000116_63x_20190611_Capture1-Capture1-B5[144]Montage-1
1644,613,101,C2_disorganized_puncta,8,5500000116_63x_20190611_Capture1-Capture1-B5[144]Montage-1
1645,599,166,C2_disorganized_puncta,8,5500000116_63x_20190611_Capture1-Capture1-B5[144]Montage-1
1646,640,164,C2_disorganized_puncta,8,5500000116_63x_20190611_Capture1-Capture1-B5[144]Montage-1
1647,585,306,C2_disorganized_puncta,8,5500000116_63x_20190611_Capture1-Capture1-B5[144]Montage-1
1648,661,315,C2_disorganized_puncta,8,5500000116_63x_20190611_Capture1-Capture1-B5[144]Montage-1
1649,700,313,C2_disorganized_puncta,8,5500000116_63x_20190611_Capture1-Capture1-B5[144]Montage-1
1650,715,257,C2_disorganized_puncta,8,5500000116_63x_20190611_Capture1-Capture1-B5[144]Montage-1
1651,674,237,C2_disorganized_puncta,8,5500000116_63x_20190611_Capture1-Capture1-B5[144]Montage-1
1652,625,232,C2_disorganized_puncta,8,5500000116_63x_20190611_Capture1-Capture1-B5[144]Montage-1
1653,634,1058,C2_disorganized_puncta,8,5500000116_63x_20190611_Capture1-Capture1-B5[144]Montage-1
1654,708,1041,C2_disorganized_puncta,8,5500000116_63x_20190611_Capture1-Capture1-B5[144]Montage-1
1655,621,1079,C2_disorganized_puncta,8,5500000116_63x_20190611_Capture1-Capture1-B5[144]Montage-1
1656,723,1152,C2_disorganized_puncta,8,5500000116_63x_20190611_Capture1-Capture1-B5[144]Montage-1
1657,628,1124,C2_disorganized_puncta,8,5500000116_63x_20190611_Capture1-Capture1-B5[144]Montage-1
1658,706,1099,C2_disorganized_puncta,8,5500000116_63x_20190611_Capture1-Capture1-B5[144]Montage-1
1659,787,1109,C2_disorganized_puncta,8,5500000116_63x_20190611_Capture1-Capture1-B5[144]Montage-1
1660,799,1060,C2_disorganized_puncta,8,5500000116_63x_20190611_Capture1-Capture1-B5[144]Montage-1
1661,692,1075,C2_disorganized_puncta,8,5500000116_63x_20190611_Capture1-Capture1-B5[144]Montage-1
1662,668,1013,C2_disorganized_puncta,8,5500000116_63x_20190611_Capture1-Capture1-B5[144]Montage-1
1663,621,1016,C2_disorganized_puncta,8,5500000116_63x_20190611_Capture1-Capture1-B5[144]Montage-1
1664,670,1045,C2_disorganized_puncta,8,5500000116_63x_20190611_Capture1-Capture1-B5[144]Montage-1
1665,660,1099,C2_disorganized_puncta,8,5500000116_63x_20190611_Capture1-Capture1-B5[144]Montage-1
1666,642,1116,C2_disorganized_puncta,8,5500000116_63x_20190611_Capture1-Capture1-B5[144]Montage-1
1667,682,1169,C2_disorganized_puncta,8,5500000116_63x_20190611_Capture1-Capture1-B5[144]Montage-1
1668,740,1170,C2_disorganized_puncta,8,5500000116_63x_20190611_Capture1-Capture1-B5[144]Montage-1
1669,802,1148,C2_disorganized_puncta,8,5500000116_63x_20190611_Capture1-Capture1-B5[144]Montage-1
1670,751,1126,C2_disorganized_puncta,8,5500000116_63x_20190611_Capture1-Capture1-B5[144]Montage-1
1671,764,1060,C2_disorganized_puncta,8,5500000116_63x_20190611_Capture1-Capture1-B5[144]Montage-1
1672,742,1086,C2_disorganized_puncta,8,5500000116_63x_20190611_Capture1-Capture1-B5[144]Montage-1
1673,713,1056,C2_disorganized_puncta,8,5500000116_63x_20190611_Capture1-Capture1-B5[144]Montage-1
1674,742,1043,C2_disorganized_puncta,8,5500000116_63x_20190611_Capture1-Capture1-B5[144]Montage-1
1675,725,1105,C2_disorganized_puncta,8,5500000116_63x_20190611_Capture1-Capture1-B5[144]Montage-1
1676,649,1139,C2_disorganized_puncta,8,5500000116_63x_20190611_Capture1-Capture1-B5[144]Montage-1
1677,687,1124,C2_disorganized_puncta,8,5500000116_63x_20190611_Capture1-Capture1-B5[144]Montage-1
1678,652,1159,C2_disorganized_puncta,8,5500000116_63x_20190611_Capture1-Capture1-B5[144]Montage-1
1679,495,793,C2_disorganized_puncta,9,5500000116_63x_20190611_Capture1-Capture1-B5[144]Montage-6
1680,534,791,C2_disorganized_puncta,9,5500000116_63x_20190611_Capture1-Capture1-B5[144]Montage-6
1681,531,757,C2_disorganized_puncta,9,5500000116_63x_20190611_Capture1-Capture1-B5[144]Montage-6
1682,537,727,C2_disorganized_puncta,9,5500000116_63x_20190611_Capture1-Capture1-B5[144]Montage-6
1683,534,717,C2_disorganized_puncta,9,5500000116_63x_20190611_Capture1-Capture1-B5[144]Montage-6
1684,514,733,C2_disorganized_puncta,9,5500000116_63x_20190611_Capture1-Capture1-B5[144]Montage-6
1685,537,755,C2_disorganized_puncta,9,5500000116_63x_20190611_Capture1-Capture1-B5[144]Montage-6
1686,556,732,C2_disorganized_puncta,9,5500000116_63x_20190611_Capture1-Capture1-B5[144]Montage-6
1687,567,729,C2_disorganized_puncta,9,5500000116_63x_20190611_Capture1-Capture1-B5[144]Montage-6
1688,537,793,C2_disorganized_puncta,9,5500000116_63x_20190611_Capture1-Capture1-B5[144]Montage-6
1689,542,823,C2_disorganized_puncta,9,5500000116_63x_20190611_Capture1-Capture1-B5[144]Montage-6
1690,523,806,C2_disorganized_puncta,9,5500000116_63x_20190611_Capture1-Capture1-B5[144]Montage-6
1691,508,827,C2_disorganized_puncta,9,5500000116_63x_20190611_Capture1-Capture1-B5[144]Montage-6
1692,185,510,C2_disorganized_puncta,9,5500000116_63x_20190611_Capture1-Capture1-B5[144]Montage-6
1693,208,499,C2_disorganized_puncta,9,5500000116_63x_20190611_Capture1-Capture1-B5[144]Montage-6
1694,236,526,C2_disorganized_puncta,9,5500000116_63x_20190611_Capture1-Capture1-B5[144]Montage-6
1695,190,542,C2_disorganized_puncta,9,5500000116_63x_20190611_Capture1-Capture1-B5[144]Montage-6
1696,208,554,C2_disorganized_puncta,9,5500000116_63x_20190611_Capture1-Capture1-B5[144]Montage-6
1697,258,552,C2_disorganized_puncta,9,5500000116_63x_20190611_Capture1-Capture1-B5[144]Montage-6
1698,217,575,C2_disorganized_puncta,9,5500000116_63x_20190611_Capture1-Capture1-B5[144]Montage-6
1699,150,569,C2_disorganized_puncta,9,5500000116_63x_20190611_Capture1-Capture1-B5[144]Montage-6
1700,155,554,C2_disorganized_puncta,9,5500000116_63x_20190611_Capture1-Capture1-B5[144]Montage-6
1701,170,517,C2_disorganized_puncta,9,5500000116_63x_20190611_Capture1-Capture1-B5[144]Montage-6
1702,177,584,C2_disorganized_puncta,9,5500000116_63x_20190611_Capture1-Capture1-B5[144]Montage-6
1703,207,578,C2_disorganized_puncta,9,5500000116_63x_20190611_Capture1-Capture1-B5[144]Montage-6
1704,240,543,C2_disorganized_puncta,9,5500000116_63x_20190611_Capture1-Capture1-B5[144]Montage-6
1705,257,498,C2_disorganized_puncta,9,5500000116_63x_20190611_Capture1-Capture1-B5[144]Montage-6
1706,247,482,C2_disorganized_puncta,9,5500000116_63x_20190611_Capture1-Capture1-B5[144]Montage-6
1707,241,460,C2_disorganized_puncta,9,5500000116_63x_20190611_Capture1-Capture1-B5[144]Montage-6
1708,226,490,C2_disorganized_puncta,9,5500000116_63x_20190611_Capture1-Capture1-B5[144]Montage-6
1709,121,490,C2_disorganized_puncta,9,5500000116_63x_20190611_Capture1-Capture1-B5[144]Montage-6
1710,142,469,C2_disorganized_puncta,9,5500000116_63x_20190611_Capture1-Capture1-B5[144]Montage-6
1711,164,446,C2_disorganized_puncta,9,5500000116_63x_20190611_Capture1-Capture1-B5[144]Montage-6
1712,177,450,C2_disorganized_puncta,9,5500000116_63x_20190611_Capture1-Capture1-B5[144]Montage-6
1713,149,484,C2_disorganized_puncta,9,5500000116_63x_20190611_Capture1-Capture1-B5[144]Montage-6
1714,193,474,C2_disorganized_puncta,9,5500000116_63x_20190611_Capture1-Capture1-B5[144]Montage-6
1715,150,506,C2_disorganized_puncta,9,5500000116_63x_20190611_Capture1-Capture1-B5[144]Montage-6
1716,113,550,C2_disorganized_puncta,9,5500000116_63x_20190611_Capture1-Capture1-B5[144]Montage-6
1717,147,520,C2_disorganized_puncta,9,5500000116_63x_20190611_Capture1-Capture1-B5[144]Montage-6
1718,114,507,C2_disorganized_puncta,9,5500000116_63x_20190611_Capture1-Capture1-B5[144]Montage-6
1719,129,539,C2_disorganized_puncta,9,5500000116_63x_20190611_Capture1-Capture1-B5[144]Montage-6
1720,166,537,C2_disorganized_puncta,9,5500000116_63x_20190611_Capture1-Capture1-B5[144]Montage-6
1721,129,561,C2_disorganized_puncta,9,5500000116_63x_20190611_Capture1-Capture1-B5[144]Montage-6
1722,153,601,C2_disorganized_puncta,9,5500000116_63x_20190611_Capture1-Capture1-B5[144]Montage-6
1723,281,539,C2_disorganized_puncta,9,5500000116_63x_20190611_Capture1-Capture1-B5[144]Montage-6
1724,292,511,C2_disorganized_puncta,9,5500000116_63x_20190611_Capture1-Capture1-B5[144]Montage-6
1725,258,516,C2_disorganized_puncta,9,5500000116_63x_20190611_Capture1-Capture1-B5[144]Montage-6
1726,1382,639,C2_disorganized_puncta,9,5500000116_63x_20190611_Capture1-Capture1-B5[144]Montage-6
1727,1367,613,C2_disorganized_puncta,9,5500000116_63x_20190611_Capture1-Capture1-B5[144]Montage-6
1728,1345,642,C2_disorganized_puncta,9,5500000116_63x_20190611_Capture1-Capture1-B5[144]Montage-6
1729,1356,661,C2_disorganized_puncta,9,5500000116_63x_20190611_Capture1-Capture1-B5[144]Montage-6
1730,1372,682,C2_disorganized_puncta,9,5500000116_63x_20190611_Capture1-Capture1-B5[144]Montage-6
1731,1402,682,C2_disorganized_puncta,9,5500000116_63x_20190611_Capture1-Capture1-B5[144]Montage-6
1732,1400,664,C2_disorganized_puncta,9,5500000116_63x_20190611_Capture1-Capture1-B5[144]Montage-6
1733,1378,664,C2_disorganized_puncta,9,5500000116_63x_20190611_Capture1-Capture1-B5[144]Montage-6
1734,1428,656,C2_disorganized_puncta,9,5500000116_63x_20190611_Capture1-Capture1-B5[144]Montage-6
1735,1226,846,C2_disorganized_puncta,9,5500000116_63x_20190611_Capture1-Capture1-B5[144]Montage-6
1736,1233,815,C2_disorganized_puncta,9,5500000116_63x_20190611_Capture1-Capture1-B5[144]Montage-6
1737,1263,806,C2_disorganized_puncta,9,5500000116_63x_20190611_Capture1-Capture1-B5[144]Montage-6
1738,1250,843,C2_disorganized_puncta,9,5500000116_63x_20190611_Capture1-Capture1-B5[144]Montage-6
1739,1226,891,C2_disorganized_puncta,9,5500000116_63x_20190611_Capture1-Capture1-B5[144]Montage-6
1740,1257,898,C2_disorganized_puncta,9,5500000116_63x_20190611_Capture1-Capture1-B5[144]Montage-6
1741,1252,874,C2_disorganized_puncta,9,5500000116_63x_20190611_Capture1-Capture1-B5[144]Montage-6
1742,1231,870,C2_disorganized_puncta,9,5500000116_63x_20190611_Capture1-Capture1-B5[144]Montage-6
1743,1273,870,C2_disorganized_puncta,9,5500000116_63x_20190611_Capture1-Capture1-B5[144]Montage-6
1744,1242,861,C2_disorganized_puncta,9,5500000116_63x_20190611_Capture1-Capture1-B5[144]Montage-6
1745,1271,857,C2_disorganized_puncta,9,5500000116_63x_20190611_Capture1-Capture1-B5[144]Montage-6
1746,1161,849,C2_disorganized_puncta,9,5500000116_63x_20190611_Capture1-Capture1-B5[144]Montage-6
1747,1176,830,C2_disorganized_puncta,9,5500000116_63x_20190611_Capture1-Capture1-B5[144]Montage-6
1748,1198,825,C2_disorganized_puncta,9,5500000116_63x_20190611_Capture1-Capture1-B5[144]Montage-6
1749,1209,810,C2_disorganized_puncta,9,5500000116_63x_20190611_Capture1-Capture1-B5[144]Montage-6
1750,1218,836,C2_disorganized_puncta,9,5500000116_63x_20190611_Capture1-Capture1-B5[144]Montage-6
1751,1186,875,C2_disorganized_puncta,9,5500000116_63x_20190611_Capture1-Capture1-B5[144]Montage-6
1752,1130,864,C2_disorganized_puncta,9,5500000116_63x_20190611_Capture1-Capture1-B5[144]Montage-6
1753,1127,889,C2_disorganized_puncta,9,5500000116_63x_20190611_Capture1-Capture1-B5[144]Montage-6
1754,1155,894,C2_disorganized_puncta,9,5500000116_63x_20190611_Capture1-Capture1-B5[144]Montage-6
1755,1180,879,C2_disorganized_puncta,9,5500000116_63x_20190611_Capture1-Capture1-B5[144]Montage-6
1756,1194,917,C2_disorganized_puncta,9,5500000116_63x_20190611_Capture1-Capture1-B5[144]Montage-6
1757,1218,922,C2_disorganized_puncta,9,5500000116_63x_20190611_Capture1-Capture1-B5[144]Montage-6
1758,1045,912,C2_disorganized_puncta,9,5500000116_63x_20190611_Capture1-Capture1-B5[144]Montage-6
1759,1054,896,C2_disorganized_puncta,9,5500000116_63x_20190611_Capture1-Capture1-B5[144]Montage-6
1760,1090,885,C2_disorganized_puncta,9,5500000116_63x_20190611_Capture1-Capture1-B5[144]Montage-6
1761,1052,902,C2_disorganized_puncta,9,5500000116_63x_20190611_Capture1-Capture1-B5[144]Montage-6
1762,1079,912,C2_disorganized_puncta,9,5500000116_63x_20190611_Capture1-Capture1-B5[144]Montage-6
1763,1103,909,C2_disorganized_puncta,9,5500000116_63x_20190611_Capture1-Capture1-B5[144]Montage-6
1764,1009,962,C2_disorganized_puncta,9,5500000116_63x_20190611_Capture1-Capture1-B5[144]Montage-6
1765,958,944,C2_disorganized_puncta,9,5500000116_63x_20190611_Capture1-Capture1-B5[144]Montage-6
1766,1004,900,C2_disorganized_puncta,9,5500000116_63x_20190611_Capture1-Capture1-B5[144]Montage-6
1767,1054,861,C2_disorganized_puncta,9,5500000116_63x_20190611_Capture1-Capture1-B5[144]Montage-6
1768,1039,872,C2_disorganized_puncta,9,5500000116_63x_20190611_Capture1-Capture1-B5[144]Montage-6
1769,1024,915,C2_disorganized_puncta,9,5500000116_63x_20190611_Capture1-Capture1-B5[144]Montage-6
1770,997,917,C2_disorganized_puncta,9,5500000116_63x_20190611_Capture1-Capture1-B5[144]Montage-6
1771,987,949,C2_disorganized_puncta,9,5500000116_63x_20190611_Capture1-Capture1-B5[144]Montage-6
1772,976,962,C2_disorganized_puncta,9,5500000116_63x_20190611_Capture1-Capture1-B5[144]Montage-6
1773,862,772,C2_disorganized_puncta,9,5500000116_63x_20190611_Capture1-Capture1-B5[144]Montage-6
1774,834,750,C2_disorganized_puncta,9,5500000116_63x_20190611_Capture1-Capture1-B5[144]Montage-6
1775,854,791,C2_disorganized_puncta,9,5500000116_63x_20190611_Capture1-Capture1-B5[144]Montage-6
1776,932,791,C2_disorganized_puncta,9,5500000116_63x_20190611_Capture1-Capture1-B5[144]Montage-6
1777,881,814,C2_disorganized_puncta,9,5500000116_63x_20190611_Capture1-Capture1-B5[144]Montage-6
1778,840,830,C2_disorganized_puncta,9,5500000116_63x_20190611_Capture1-Capture1-B5[144]Montage-6
1779,907,843,C2_disorganized_puncta,9,5500000116_63x_20190611_Capture1-Capture1-B5[144]Montage-6
1780,913,827,C2_disorganized_puncta,9,5500000116_63x_20190611_Capture1-Capture1-B5[144]Montage-6
1781,907,802,C2_disorganized_puncta,9,5500000116_63x_20190611_Capture1-Capture1-B5[144]Montage-6
1782,866,799,C2_disorganized_puncta,9,5500000116_63x_20190611_Capture1-Capture1-B5[144]Montage-6
1783,529,771,C2_disorganized_puncta,2,5500000102_63x_20190604_Capture1-Capture1-C2[144]Montage-13
1784,534,754,C2_disorganized_puncta,2,5500000102_63x_20190604_Capture1-Capture1-C2[144]Montage-13
1785,548,772,C2_disorganized_puncta,2,5500000102_63x_20190604_Capture1-Capture1-C2[144]Montage-13
1786,555,801,C2_disorganized_puncta,2,5500000102_63x_20190604_Capture1-Capture1-C2[144]Montage-13
1787,574,780,C2_disorganized_puncta,2,5500000102_63x_20190604_Capture1-Capture1-C2[144]Montage-13
1788,792,621,C2_disorganized_puncta,2,5500000102_63x_20190604_Capture1-Capture1-C2[144]Montage-13
1789,727,636,C2_disorganized_puncta,2,5500000102_63x_20190604_Capture1-Capture1-C2[144]Montage-13
1790,782,631,C2_disorganized_puncta,2,5500000102_63x_20190604_Capture1-Capture1-C2[144]Montage-13
1791,770,643,C2_disorganized_puncta,2,5500000102_63x_20190604_Capture1-Capture1-C2[144]Montage-13
1792,731,661,C2_disorganized_puncta,2,5500000102_63x_20190604_Capture1-Capture1-C2[144]Montage-13
1793,702,676,C2_disorganized_puncta,2,5500000102_63x_20190604_Capture1-Capture1-C2[144]Montage-13
1794,745,691,C2_disorganized_puncta,2,5500000102_63x_20190604_Capture1-Capture1-C2[144]Montage-13
1795,793,691,C2_disorganized_puncta,2,5500000102_63x_20190604_Capture1-Capture1-C2[144]Montage-13
1796,845,669,C2_disorganized_puncta,2,5500000102_63x_20190604_Capture1-Capture1-C2[144]Montage-13
1797,875,667,C2_disorganized_puncta,2,5500000102_63x_20190604_Capture1-Capture1-C2[144]Montage-13
1798,896,628,C2_disorganized_puncta,2,5500000102_63x_20190604_Capture1-Capture1-C2[144]Montage-13
1799,889,588,C2_disorganized_puncta,2,5500000102_63x_20190604_Capture1-Capture1-C2[144]Montage-13
1800,838,597,C2_disorganized_puncta,2,5500000102_63x_20190604_Capture1-Capture1-C2[144]Montage-13
1801,883,609,C2_disorganized_puncta,2,5500000102_63x_20190604_Capture1-Capture1-C2[144]Montage-13
1802,839,613,C2_disorganized_puncta,2,5500000102_63x_20190604_Capture1-Capture1-C2[144]Montage-13
1803,807,609,C2_disorganized_puncta,2,5500000102_63x_20190604_Capture1-Capture1-C2[144]Montage-13
1804,838,625,C2_disorganized_puncta,2,5500000102_63x_20190604_Capture1-Capture1-C2[144]Montage-13
1805,826,648,C2_disorganized_puncta,2,5500000102_63x_20190604_Capture1-Capture1-C2[144]Montage-13
1806,806,676,C2_disorganized_puncta,2,5500000102_63x_20190604_Capture1-Capture1-C2[144]Montage-13
1807,829,684,C2_disorganized_puncta,2,5500000102_63x_20190604_Capture1-Capture1-C2[144]Montage-13
1808,749,672,C2_disorganized_puncta,2,5500000102_63x_20190604_Capture1-Capture1-C2[144]Montage-13
1809,755,697,C2_disorganized_puncta,2,5500000102_63x_20190604_Capture1-Capture1-C2[144]Montage-13
1810,459,795,C2_disorganized_puncta,2,5500000102_63x_20190604_Capture1-Capture1-C2[144]Montage-13
1811,478,817,C2_disorganized_puncta,2,5500000102_63x_20190604_Capture1-Capture1-C2[144]Montage-13
1812,527,812,C2_disorganized_puncta,2,5500000102_63x_20190604_Capture1-Capture1-C2[144]Montage-13
1813,490,765,C2_disorganized_puncta,2,5500000102_63x_20190604_Capture1-Capture1-C2[144]Montage-13
1814,508,750,C2_disorganized_puncta,2,5500000102_63x_20190604_Capture1-Capture1-C2[144]Montage-13
1815,439,832,C2_disorganized_puncta,2,5500000102_63x_20190604_Capture1-Capture1-C2[144]Montage-13
1816,455,810,C2_disorganized_puncta,2,5500000102_63x_20190604_Capture1-Capture1-C2[144]Montage-13
1817,499,843,C2_disorganized_puncta,2,5500000102_63x_20190604_Capture1-Capture1-C2[144]Montage-13
1818,482,851,C2_disorganized_puncta,2,5500000102_63x_20190604_Capture1-Capture1-C2[144]Montage-13
1819,480,849,C2_disorganized_puncta,2,5500000102_63x_20190604_Capture1-Capture1-C2[144]Montage-13
1820,469,872,C2_disorganized_puncta,2,5500000102_63x_20190604_Capture1-Capture1-C2[144]Montage-13
1821,439,901,C2_disorganized_puncta,2,5500000102_63x_20190604_Capture1-Capture1-C2[144]Montage-13
1822,416,904,C2_disorganized_puncta,2,5500000102_63x_20190604_Capture1-Capture1-C2[144]Montage-13
1823,437,858,C2_disorganized_puncta,2,5500000102_63x_20190604_Capture1-Capture1-C2[144]Montage-13
1824,415,844,C2_disorganized_puncta,2,5500000102_63x_20190604_Capture1-Capture1-C2[144]Montage-13
1825,430,810,C2_disorganized_puncta,2,5500000102_63x_20190604_Capture1-Capture1-C2[144]Montage-13
1826,411,810,C2_disorganized_puncta,2,5500000102_63x_20190604_Capture1-Capture1-C2[144]Montage-13
1827,416,775,C2_disorganized_puncta,2,5500000102_63x_20190604_Capture1-Capture1-C2[144]Montage-13
1828,431,791,C2_disorganized_puncta,2,5500000102_63x_20190604_Capture1-Capture1-C2[144]Montage-13
1829,450,759,C2_disorganized_puncta,2,5500000102_63x_20190604_Capture1-Capture1-C2[144]Montage-13
1830,471,759,C2_disorganized_puncta,2,5500000102_63x_20190604_Capture1-Capture1-C2[144]Montage-13
1831,467,747,C2_disorganized_puncta,2,5500000102_63x_20190604_Capture1-Capture1-C2[144]Montage-13
1832,1009,818,C2_disorganized_puncta,2,5500000102_63x_20190604_Capture1-Capture1-C2[144]Montage-13
1833,992,814,C2_disorganized_puncta,2,5500000102_63x_20190604_Capture1-Capture1-C2[144]Montage-13
1834,979,838,C2_disorganized_puncta,2,5500000102_63x_20190604_Capture1-Capture1-C2[144]Montage-13
1835,954,850,C2_disorganized_puncta,2,5500000102_63x_20190604_Capture1-Capture1-C2[144]Montage-13
1836,982,870,C2_disorganized_puncta,2,5500000102_63x_20190604_Capture1-Capture1-C2[144]Montage-13
1837,957,879,C2_disorganized_puncta,2,5500000102_63x_20190604_Capture1-Capture1-C2[144]Montage-13
1838,998,857,C2_disorganized_puncta,2,5500000102_63x_20190604_Capture1-Capture1-C2[144]Montage-13
1839,1022,846,C2_disorganized_puncta,2,5500000102_63x_20190604_Capture1-Capture1-C2[144]Montage-13
1840,1011,838,C2_disorganized_puncta,2,5500000102_63x_20190604_Capture1-Capture1-C2[144]Montage-13
1841,1040,825,C2_disorganized_puncta,2,5500000102_63x_20190604_Capture1-Capture1-C2[144]Montage-13
1842,1028,801,C2_disorganized_puncta,2,5500000102_63x_20190604_Capture1-Capture1-C2[144]Montage-13
1843,1044,800,C2_disorganized_puncta,2,5500000102_63x_20190604_Capture1-Capture1-C2[144]Montage-13
1844,1349,1269,C2_disorganized_puncta,2,5500000102_63x_20190604_Capture1-Capture1-C2[144]Montage-13
1845,1316,1239,C2_disorganized_puncta,2,5500000102_63x_20190604_Capture1-Capture1-C2[144]Montage-13
1846,1288,1233,C2_disorganized_puncta,2,5500000102_63x_20190604_Capture1-Capture1-C2[144]Montage-13
1847,1306,1265,C2_disorganized_puncta,2,5500000102_63x_20190604_Capture1-Capture1-C2[144]Montage-13
1848,1329,1261,C2_disorganized_puncta,2,5500000102_63x_20190604_Capture1-Capture1-C2[144]Montage-13
1849,1295,1275,C2_disorganized_puncta,2,5500000102_63x_20190604_Capture1-Capture1-C2[144]Montage-13
1850,1336,1292,C2_disorganized_puncta,2,5500000102_63x_20190604_Capture1-Capture1-C2[144]Montage-13
1851,1340,1320,C2_disorganized_puncta,2,5500000102_63x_20190604_Capture1-Capture1-C2[144]Montage-13
1852,1366,1332,C2_disorganized_puncta,2,5500000102_63x_20190604_Capture1-Capture1-C2[144]Montage-13
1853,1359,1293,C2_disorganized_puncta,2,5500000102_63x_20190604_Capture1-Capture1-C2[144]Montage-13
1854,1487,1265,C2_disorganized_puncta,2,5500000102_63x_20190604_Capture1-Capture1-C2[144]Montage-13
1855,1496,1228,C2_disorganized_puncta,2,5500000102_63x_20190604_Capture1-Capture1-C2[144]Montage-13
1856,1461,1228,C2_disorganized_puncta,2,5500000102_63x_20190604_Capture1-Capture1-C2[144]Montage-13
1857,1439,1254,C2_disorganized_puncta,2,5500000102_63x_20190604_Capture1-Capture1-C2[144]Montage-13
1858,1464,1293,C2_disorganized_puncta,2,5500000102_63x_20190604_Capture1-Capture1-C2[144]Montage-13
1859,1453,1307,C2_disorganized_puncta,2,5500000102_63x_20190604_Capture1-Capture1-C2[144]Montage-13
1860,1432,1312,C2_disorganized_puncta,2,5500000102_63x_20190604_Capture1-Capture1-C2[144]Montage-13
1861,1508,1325,C2_disorganized_puncta,2,5500000102_63x_20190604_Capture1-Capture1-C2[144]Montage-13
1862,1536,1306,C2_disorganized_puncta,2,5500000102_63x_20190604_Capture1-Capture1-C2[144]Montage-13
1863,1543,1282,C2_disorganized_puncta,2,5500000102_63x_20190604_Capture1-Capture1-C2[144]Montage-13
1864,1513,1280,C2_disorganized_puncta,2,5500000102_63x_20190604_Capture1-Capture1-C2[144]Montage-13
1865,1493,1309,C2_disorganized_puncta,2,5500000102_63x_20190604_Capture1-Capture1-C2[144]Montage-13
1866,1482,1329,C2_disorganized_puncta,2,5500000102_63x_20190604_Capture1-Capture1-C2[144]Montage-13
1867,1455,1318,C2_disorganized_puncta,2,5500000102_63x_20190604_Capture1-Capture1-C2[144]Montage-13
1868,1442,1353,C2_disorganized_puncta,2,5500000102_63x_20190604_Capture1-Capture1-C2[144]Montage-13
1869,1446,1141,C2_disorganized_puncta,2,5500000102_63x_20190604_Capture1-Capture1-C2[144]Montage-13
1870,1417,1154,C2_disorganized_puncta,2,5500000102_63x_20190604_Capture1-Capture1-C2[144]Montage-13
1871,1410,1162,C2_disorganized_puncta,2,5500000102_63x_20190604_Capture1-Capture1-C2[144]Montage-13
1872,1440,1182,C2_disorganized_puncta,2,5500000102_63x_20190604_Capture1-Capture1-C2[144]Montage-13
1873,1475,1181,C2_disorganized_puncta,2,5500000102_63x_20190604_Capture1-Capture1-C2[144]Montage-13
1874,1500,1149,C2_disorganized_puncta,2,5500000102_63x_20190604_Capture1-Capture1-C2[144]Montage-13
1875,1455,1143,C2_disorganized_puncta,2,5500000102_63x_20190604_Capture1-Capture1-C2[144]Montage-13
1876,1419,1160,C2_disorganized_puncta,2,5500000102_63x_20190604_Capture1-Capture1-C2[144]Montage-13
1877,1436,1162,C2_disorganized_puncta,2,5500000102_63x_20190604_Capture1-Capture1-C2[144]Montage-13
1878,1474,1154,C2_disorganized_puncta,2,5500000102_63x_20190604_Capture1-Capture1-C2[144]Montage-13
1879,1287,1432,C2_disorganized_puncta,2,5500000102_63x_20190604_Capture1-Capture1-C2[144]Montage-13
1880,1256,1412,C2_disorganized_puncta,2,5500000102_63x_20190604_Capture1-Capture1-C2[144]Montage-13
1881,1218,1431,C2_disorganized_puncta,2,5500000102_63x_20190604_Capture1-Capture1-C2[144]Montage-13
1882,1288,1432,C2_disorganized_puncta,2,5500000102_63x_20190604_Capture1-Capture1-C2[144]Montage-13
1883,1281,1385,C2_disorganized_puncta,2,5500000102_63x_20190604_Capture1-Capture1-C2[144]Montage-13
1884,1242,1385,C2_disorganized_puncta,2,5500000102_63x_20190604_Capture1-Capture1-C2[144]Montage-13
1885,1230,1435,C2_disorganized_puncta,2,5500000102_63x_20190604_Capture1-Capture1-C2[144]Montage-13
1886,1037,1559,C2_disorganized_puncta,2,5500000102_63x_20190604_Capture1-Capture1-C2[144]Montage-13
1887,1097,1554,C2_disorganized_puncta,2,5500000102_63x_20190604_Capture1-Capture1-C2[144]Montage-13
1888,1060,1581,C2_disorganized_puncta,2,5500000102_63x_20190604_Capture1-Capture1-C2[144]Montage-13
1889,1052,1600,C2_disorganized_puncta,2,5500000102_63x_20190604_Capture1-Capture1-C2[144]Montage-13
1890,1066,1629,C2_disorganized_puncta,2,5500000102_63x_20190604_Capture1-Capture1-C2[144]Montage-13
1891,1111,1636,C2_disorganized_puncta,2,5500000102_63x_20190604_Capture1-Capture1-C2[144]Montage-13
1892,1137,1645,C2_disorganized_puncta,2,5500000102_63x_20190604_Capture1-Capture1-C2[144]Montage-13
1893,1115,1651,C2_disorganized_puncta,2,5500000102_63x_20190604_Capture1-Capture1-C2[144]Montage-13
1894,1048,1572,C2_disorganized_puncta,2,5500000102_63x_20190604_Capture1-Capture1-C2[144]Montage-13
1895,1086,1583,C2_disorganized_puncta,2,5500000102_63x_20190604_Capture1-Capture1-C2[144]Montage-13
1896,1016,1526,C2_disorganized_puncta,2,5500000102_63x_20190604_Capture1-Capture1-C2[144]Montage-13
1897,1019,1517,C2_disorganized_puncta,2,5500000102_63x_20190604_Capture1-Capture1-C2[144]Montage-13
1898,1077,1525,C2_disorganized_puncta,2,5500000102_63x_20190604_Capture1-Capture1-C2[144]Montage-13
1899,819,1617,C2_disorganized_puncta,2,5500000102_63x_20190604_Capture1-Capture1-C2[144]Montage-13
1900,811,1601,C2_disorganized_puncta,2,5500000102_63x_20190604_Capture1-Capture1-C2[144]Montage-13
1901,846,1615,C2_disorganized_puncta,2,5500000102_63x_20190604_Capture1-Capture1-C2[144]Montage-13
1902,870,1629,C2_disorganized_puncta,2,5500000102_63x_20190604_Capture1-Capture1-C2[144]Montage-13
1903,868,1655,C2_disorganized_puncta,2,5500000102_63x_20190604_Capture1-Capture1-C2[144]Montage-13
1904,814,1623,C2_disorganized_puncta,2,5500000102_63x_20190604_Capture1-Capture1-C2[144]Montage-13
1905,829,1664,C2_disorganized_puncta,2,5500000102_63x_20190604_Capture1-Capture1-C2[144]Montage-13
1906,838,1700,C2_disorganized_puncta,2,5500000102_63x_20190604_Capture1-Capture1-C2[144]Montage-13
1907,877,1700,C2_disorganized_puncta,2,5500000102_63x_20190604_Capture1-Capture1-C2[144]Montage-13
1908,933,1690,C2_disorganized_puncta,2,5500000102_63x_20190604_Capture1-Capture1-C2[144]Montage-13
1909,933,1658,C2_disorganized_puncta,2,5500000102_63x_20190604_Capture1-Capture1-C2[144]Montage-13
1910,913,1647,C2_disorganized_puncta,2,5500000102_63x_20190604_Capture1-Capture1-C2[144]Montage-13
1911,932,1643,C2_disorganized_puncta,2,5500000102_63x_20190604_Capture1-Capture1-C2[144]Montage-13
1912,911,1677,C2_disorganized_puncta,2,5500000102_63x_20190604_Capture1-Capture1-C2[144]Montage-13
1913,851,1645,C2_disorganized_puncta,2,5500000102_63x_20190604_Capture1-Capture1-C2[144]Montage-13
1914,590,450,C2_disorganized_puncta,2,5500000102_63x_20190604_Capture1-Capture1-C2[144]Montage-13
1915,608,426,C2_disorganized_puncta,2,5500000102_63x_20190604_Capture1-Capture1-C2[144]Montage-13
1916,634,435,C2_disorganized_puncta,2,5500000102_63x_20190604_Capture1-Capture1-C2[144]Montage-13
1917,569,431,C2_disorganized_puncta,2,5500000102_63x_20190604_Capture1-Capture1-C2[144]Montage-13
1918,617,446,C2_disorganized_puncta,2,5500000102_63x_20190604_Capture1-Capture1-C2[144]Montage-13
1919,631,462,C2_disorganized_puncta,2,5500000102_63x_20190604_Capture1-Capture1-C2[144]Montage-13
1920,675,486,C2_disorganized_puncta,2,5500000102_63x_20190604_Capture1-Capture1-C2[144]Montage-13
1921,660,534,C2_disorganized_puncta,2,5500000102_63x_20190604_Capture1-Capture1-C2[144]Montage-13
1922,687,530,C2_disorganized_puncta,2,5500000102_63x_20190604_Capture1-Capture1-C2[144]Montage-13
1923,719,532,C2_disorganized_puncta,2,5500000102_63x_20190604_Capture1-Capture1-C2[144]Montage-13
1924,614,539,C2_disorganized_puncta,2,5500000102_63x_20190604_Capture1-Capture1-C2[144]Montage-13
1925,561,448,C2_disorganized_puncta,2,5500000102_63x_20190604_Capture1-Capture1-C2[144]Montage-13
1926,522,447,C2_disorganized_puncta,2,5500000102_63x_20190604_Capture1-Capture1-C2[144]Montage-13
1927,567,448,C2_disorganized_puncta,2,5500000102_63x_20190604_Capture1-Capture1-C2[144]Montage-13
1928,602,431,C2_disorganized_puncta,2,5500000102_63x_20190604_Capture1-Capture1-C2[144]Montage-13
1929,1275,1463,C2_disorganized_puncta,5,5500000105_63x_20190528_Capture1-Capture1-C2[144]Montage-4
1930,1289,1447,C2_disorganized_puncta,5,5500000105_63x_20190528_Capture1-Capture1-C2[144]Montage-4
1931,1319,1444,C2_disorganized_puncta,5,5500000105_63x_20190528_Capture1-Capture1-C2[144]Montage-4
1932,1331,1410,C2_disorganized_puncta,5,5500000105_63x_20190528_Capture1-Capture1-C2[144]Montage-4
1933,1348,1394,C2_disorganized_puncta,5,5500000105_63x_20190528_Capture1-Capture1-C2[144]Montage-4
1934,1332,1418,C2_disorganized_puncta,5,5500000105_63x_20190528_Capture1-Capture1-C2[144]Montage-4
1935,1306,1423,C2_disorganized_puncta,5,5500000105_63x_20190528_Capture1-Capture1-C2[144]Montage-4
1936,1311,1439,C2_disorganized_puncta,5,5500000105_63x_20190528_Capture1-Capture1-C2[144]Montage-4
1937,1289,1467,C2_disorganized_puncta,5,5500000105_63x_20190528_Capture1-Capture1-C2[144]Montage-4
1938,1305,1454,C2_disorganized_puncta,5,5500000105_63x_20190528_Capture1-Capture1-C2[144]Montage-4
1939,1476,1297,C2_disorganized_puncta,5,5500000105_63x_20190528_Capture1-Capture1-C2[144]Montage-4
1940,1459,1291,C2_disorganized_puncta,5,5500000105_63x_20190528_Capture1-Capture1-C2[144]Montage-4
1941,1451,1313,C2_disorganized_puncta,5,5500000105_63x_20190528_Capture1-Capture1-C2[144]Montage-4
1942,1439,1325,C2_disorganized_puncta,5,5500000105_63x_20190528_Capture1-Capture1-C2[144]Montage-4
1943,1475,1309,C2_disorganized_puncta,5,5500000105_63x_20190528_Capture1-Capture1-C2[144]Montage-4
1944,1458,1329,C2_disorganized_puncta,5,5500000105_63x_20190528_Capture1-Capture1-C2[144]Montage-4
1945,1493,1312,C2_disorganized_puncta,5,5500000105_63x_20190528_Capture1-Capture1-C2[144]Montage-4
1946,1503,1291,C2_disorganized_puncta,5,5500000105_63x_20190528_Capture1-Capture1-C2[144]Montage-4
1947,1529,1285,C2_disorganized_puncta,5,5500000105_63x_20190528_Capture1-Capture1-C2[144]Montage-4
1948,1514,1302,C2_disorganized_puncta,5,5500000105_63x_20190528_Capture1-Capture1-C2[144]Montage-4
1949,1376,1063,C2_disorganized_puncta,8,5500000116_63x_20190611_Capture1-Capture1-B5[144]Montage-1
1950,1395,1042,C2_disorganized_puncta,8,5500000116_63x_20190611_Capture1-Capture1-B5[144]Montage-1
1951,1354,1032,C2_disorganized_puncta,8,5500000116_63x_20190611_Capture1-Capture1-B5[144]Montage-1
1952,1319,1030,C2_disorganized_puncta,8,5500000116_63x_20190611_Capture1-Capture1-B5[144]Montage-1
1953,1330,1056,C2_disorganized_puncta,8,5500000116_63x_20190611_Capture1-Capture1-B5[144]Montage-1
1954,1352,1065,C2_disorganized_puncta,8,5500000116_63x_20190611_Capture1-Capture1-B5[144]Montage-1
1955,1362,1047,C2_disorganized_puncta,8,5500000116_63x_20190611_Capture1-Capture1-B5[144]Montage-1
1956,1380,1023,C2_disorganized_puncta,8,5500000116_63x_20190611_Capture1-Capture1-B5[144]Montage-1
1957,1349,988,C2_disorganized_puncta,8,5500000116_63x_20190611_Capture1-Capture1-B5[144]Montage-1
1958,1453,1016,C2_disorganized_puncta,8,5500000116_63x_20190611_Capture1-Capture1-B5[144]Montage-1
1959,1435,1037,C2_disorganized_puncta,8,5500000116_63x_20190611_Capture1-Capture1-B5[144]Montage-1
1960,1464,1027,C2_disorganized_puncta,8,5500000116_63x_20190611_Capture1-Capture1-B5[144]Montage-1
1961,1483,1003,C2_disorganized_puncta,8,5500000116_63x_20190611_Capture1-Capture1-B5[144]Montage-1
1962,1445,977,C2_disorganized_puncta,8,5500000116_63x_20190611_Capture1-Capture1-B5[144]Montage-1
1963,1435,1005,C2_disorganized_puncta,8,5500000116_63x_20190611_Capture1-Capture1-B5[144]Montage-1
1964,1452,1001,C2_disorganized_puncta,8,5500000116_63x_20190611_Capture1-Capture1-B5[144]Montage-1
1965,1443,1015,C2_disorganized_puncta,8,5500000116_63x_20190611_Capture1-Capture1-B5[144]Montage-1
1966,1530,1192,C2_disorganized_puncta,8,5500000116_63x_20190611_Capture1-Capture1-B5[144]Montage-1
1967,1500,1169,C2_disorganized_puncta,8,5500000116_63x_20190611_Capture1-Capture1-B5[144]Montage-1
1968,1481,1139,C2_disorganized_puncta,8,5500000116_63x_20190611_Capture1-Capture1-B5[144]Montage-1
1969,1512,1120,C2_disorganized_puncta,8,5500000116_63x_20190611_Capture1-Capture1-B5[144]Montage-1
1970,1493,1102,C2_disorganized_puncta,8,5500000116_63x_20190611_Capture1-Capture1-B5[144]Montage-1
1971,1479,1115,C2_disorganized_puncta,8,5500000116_63x_20190611_Capture1-Capture1-B5[144]Montage-1
1972,1455,1135,C2_disorganized_puncta,8,5500000116_63x_20190611_Capture1-Capture1-B5[144]Montage-1
1973,1503,1154,C2_disorganized_puncta,8,5500000116_63x_20190611_Capture1-Capture1-B5[144]Montage-1
1974,1531,1144,C2_disorganized_puncta,8,5500000116_63x_20190611_Capture1-Capture1-B5[144]Montage-1
1975,1550,1135,C2_disorganized_puncta,8,5500000116_63x_20190611_Capture1-Capture1-B5[144]Montage-1
1976,1611,1102,C2_disorganized_puncta,8,5500000116_63x_20190611_Capture1-Capture1-B5[144]Montage-1
1977,1642,1118,C2_disorganized_puncta,8,5500000116_63x_20190611_Capture1-Capture1-B5[144]Montage-1
1978,1608,1121,C2_disorganized_puncta,8,5500000116_63x_20190611_Capture1-Capture1-B5[144]Montage-1
1979,1590,1133,C2_disorganized_puncta,8,5500000116_63x_20190611_Capture1-Capture1-B5[144]Montage-1
1980,1280,1137,C2_disorganized_puncta,8,5500000116_63x_20190611_Capture1-Capture1-B5[144]Montage-1
1981,1203,1166,C2_disorganized_puncta,8,5500000116_63x_20190611_Capture1-Capture1-B5[144]Montage-1
1982,1233,1199,C2_disorganized_puncta,8,5500000116_63x_20190611_Capture1-Capture1-B5[144]Montage-1
1983,1282,1186,C2_disorganized_puncta,8,5500000116_63x_20190611_Capture1-Capture1-B5[144]Montage-1
1984,1218,1147,C2_disorganized_puncta,8,5500000116_63x_20190611_Capture1-Capture1-B5[144]Montage-1
1985,1251,1156,C2_disorganized_puncta,8,5500000116_63x_20190611_Capture1-Capture1-B5[144]Montage-1
1986,1240,1180,C2_disorganized_puncta,8,5500000116_63x_20190611_Capture1-Capture1-B5[144]Montage-1
1987,1268,1200,C2_disorganized_puncta,8,5500000116_63x_20190611_Capture1-Capture1-B5[144]Montage-1
1988,1305,1200,C2_disorganized_puncta,8,5500000116_63x_20190611_Capture1-Capture1-B5[144]Montage-1
1989,1304,1174,C2_disorganized_puncta,8,5500000116_63x_20190611_Capture1-Capture1-B5[144]Montage-1
1990,1266,1163,C2_disorganized_puncta,8,5500000116_63x_20190611_Capture1-Capture1-B5[144]Montage-1
1991,1263,1114,C2_disorganized_puncta,8,5500000116_63x_20190611_Capture1-Capture1-B5[144]Montage-1
1992,1244,1135,C2_disorganized_puncta,8,5500000116_63x_20190611_Capture1-Capture1-B5[144]Montage-1
1993,1223,1180,C2_disorganized_puncta,8,5500000116_63x_20190611_Capture1-Capture1-B5[144]Montage-1
1994,1228,1163,C2_disorganized_puncta,8,5500000116_63x_20190611_Capture1-Capture1-B5[144]Montage-1
1995,711,257,C2_disorganized_puncta,9,5500000116_63x_20190611_Capture1-Capture1-B5[144]Montage-6
1996,734,241,C2_disorganized_puncta,9,5500000116_63x_20190611_Capture1-Capture1-B5[144]Montage-6
1997,684,273,C2_disorganized_puncta,9,5500000116_63x_20190611_Capture1-Capture1-B5[144]Montage-6
1998,684,311,C2_disorganized_puncta,9,5500000116_63x_20190611_Capture1-Capture1-B5[144]Montage-6
1999,710,292,C2_disorganized_puncta,9,5500000116_63x_20190611_Capture1-Capture1-B5[144]Montage-6
2000,725,278,C2_disorganized_puncta,9,5500000116_63x_20190611_Capture1-Capture1-B5[144]Montage-6
2001,715,316,C2_disorganized_puncta,9,5500000116_63x_20190611_Capture1-Capture1-B5[144]Montage-6
2002,663,340,C2_disorganized_puncta,9,5500000116_63x_20190611_Capture1-Capture1-B5[144]Montage-6
2003,601,397,C2_disorganized_puncta,9,5500000116_63x_20190611_Capture1-Capture1-B5[144]Montage-6
2004,646,385,C2_disorganized_puncta,9,5500000116_63x_20190611_Capture1-Capture1-B5[144]Montage-6
2005,627,388,C2_disorganized_puncta,9,5500000116_63x_20190611_Capture1-Capture1-B5[144]Montage-6
2006,602,419,C2_disorganized_puncta,9,5500000116_63x_20190611_Capture1-Capture1-B5[144]Montage-6
2007,559,441,C2_disorganized_puncta,9,5500000116_63x_20190611_Capture1-Capture1-B5[144]Montage-6
2008,567,471,C2_disorganized_puncta,9,5500000116_63x_20190611_Capture1-Capture1-B5[144]Montage-6
2009,579,453,C2_disorganized_puncta,9,5500000116_63x_20190611_Capture1-Capture1-B5[144]Montage-6
2010,605,452,C2_disorganized_puncta,9,5500000116_63x_20190611_Capture1-Capture1-B5[144]Montage-6
2011,308,60,C3_organized_puncta,4,5500000105_63x_20190528_Capture1-Capture1-C2[144]Montage-3
2012,320,71,C3_organized_puncta,4,5500000105_63x_20190528_Capture1-Capture1-C2[144]Montage-3
2013,348,87,C3_organized_puncta,4,5500000105_63x_20190528_Capture1-Capture1-C2[144]Montage-3
2014,359,96,C3_organized_puncta,4,5500000105_63x_20190528_Capture1-Capture1-C2[144]Montage-3
2015,375,104,C3_organized_puncta,4,5500000105_63x_20190528_Capture1-Capture1-C2[144]Montage-3
2016,142,380,C3_organized_puncta,4,5500000105_63x_20190528_Capture1-Capture1-C2[144]Montage-3
2017,142,396,C3_organized_puncta,4,5500000105_63x_20190528_Capture1-Capture1-C2[144]Montage-3
2018,146,416,C3_organized_puncta,4,5500000105_63x_20190528_Capture1-Capture1-C2[144]Montage-3
2019,144,435,C3_organized_puncta,4,5500000105_63x_20190528_Capture1-Capture1-C2[144]Montage-3
2020,146,455,C3_organized_puncta,4,5500000105_63x_20190528_Capture1-Capture1-C2[144]Montage-3
2021,144,471,C3_organized_puncta,4,5500000105_63x_20190528_Capture1-Capture1-C2[144]Montage-3
2022,1371,537,C3_organized_puncta,5,5500000105_63x_20190528_Capture1-Capture1-C2[144]Montage-4
2023,1360,543,C3_organized_puncta,5,5500000105_63x_20190528_Capture1-Capture1-C2[144]Montage-4
2024,1354,561,C3_organized_puncta,5,5500000105_63x_20190528_Capture1-Capture1-C2[144]Montage-4
2025,1341,577,C3_organized_puncta,5,5500000105_63x_20190528_Capture1-Capture1-C2[144]Montage-4
2026,1332,594,C3_organized_puncta,5,5500000105_63x_20190528_Capture1-Capture1-C2[144]Montage-4
2027,1326,615,C3_organized_puncta,5,5500000105_63x_20190528_Capture1-Capture1-C2[144]Montage-4
2028,1315,640,C3_organized_puncta,5,5500000105_63x_20190528_Capture1-Capture1-C2[144]Montage-4
2029,1301,663,C3_organized_puncta,5,5500000105_63x_20190528_Capture1-Capture1-C2[144]Montage-4
2030,1519,849,C3_organized_puncta,5,5500000105_63x_20190528_Capture1-Capture1-C2[144]Montage-4
2031,1519,875,C3_organized_puncta,5,5500000105_63x_20190528_Capture1-Capture1-C2[144]Montage-4
2032,1521,897,C3_organized_puncta,5,5500000105_63x_20190528_Capture1-Capture1-C2[144]Montage-4
2033,1524,924,C3_organized_puncta,5,5500000105_63x_20190528_Capture1-Capture1-C2[144]Montage-4
2034,189,316,C3_organized_puncta,2,5500000102_63x_20190604_Capture1-Capture1-C2[144]Montage-13
2035,203,320,C3_organized_puncta,2,5500000102_63x_20190604_Capture1-Capture1-C2[144]Montage-13
2036,216,316,C3_organized_puncta,2,5500000102_63x_20190604_Capture1-Capture1-C2[144]Montage-13
2037,227,313,C3_organized_puncta,2,5500000102_63x_20190604_Capture1-Capture1-C2[144]Montage-13
2038,255,323,C3_organized_puncta,2,5500000102_63x_20190604_Capture1-Capture1-C2[144]Montage-13
2039,211,371,C3_organized_puncta,2,5500000102_63x_20190604_Capture1-Capture1-C2[144]Montage-13
2040,229,379,C3_organized_puncta,2,5500000102_63x_20190604_Capture1-Capture1-C2[144]Montage-13
2041,241,385,C3_organized_puncta,2,5500000102_63x_20190604_Capture1-Capture1-C2[144]Montage-13
2042,252,398,C3_organized_puncta,2,5500000102_63x_20190604_Capture1-Capture1-C2[144]Montage-13
2043,268,405,C3_organized_puncta,2,5500000102_63x_20190604_Capture1-Capture1-C2[144]Montage-13
2044,292,411,C3_organized_puncta,2,5500000102_63x_20190604_Capture1-Capture1-C2[144]Montage-13
2045,311,415,C3_organized_puncta,2,5500000102_63x_20190604_Capture1-Capture1-C2[144]Montage-13
2046,122,385,C3_organized_puncta,2,5500000102_63x_20190604_Capture1-Capture1-C2[144]Montage-13
2047,138,395,C3_organized_puncta,2,5500000102_63x_20190604_Capture1-Capture1-C2[144]Montage-13
2048,152,405,C3_organized_puncta,2,5500000102_63x_20190604_Capture1-Capture1-C2[144]Montage-13
2049,164,413,C3_organized_puncta,2,5500000102_63x_20190604_Capture1-Capture1-C2[144]Montage-13
2050,114,669,C3_organized_puncta,2,5500000102_63x_20190604_Capture1-Capture1-C2[144]Montage-13
2051,131,660,C3_organized_puncta,2,5500000102_63x_20190604_Capture1-Capture1-C2[144]Montage-13
2052,138,655,C3_organized_puncta,2,5500000102_63x_20190604_Capture1-Capture1-C2[144]Montage-13
2053,154,644,C3_organized_puncta,2,5500000102_63x_20190604_Capture1-Capture1-C2[144]Montage-13
2054,169,638,C3_organized_puncta,2,5500000102_63x_20190604_Capture1-Capture1-C2[144]Montage-13
2055,155,694,C3_organized_puncta,2,5500000102_63x_20190604_Capture1-Capture1-C2[144]Montage-13
2056,172,689,C3_organized_puncta,2,5500000102_63x_20190604_Capture1-Capture1-C2[144]Montage-13
2057,189,682,C3_organized_puncta,2,5500000102_63x_20190604_Capture1-Capture1-C2[144]Montage-13
2058,211,669,C3_organized_puncta,2,5500000102_63x_20190604_Capture1-Capture1-C2[144]Montage-13
2059,229,661,C3_organized_puncta,2,5500000102_63x_20190604_Capture1-Capture1-C2[144]Montage-13
2060,245,660,C3_organized_puncta,2,5500000102_63x_20190604_Capture1-Capture1-C2[144]Montage-13
2061,265,648,C3_organized_puncta,2,5500000102_63x_20190604_Capture1-Capture1-C2[144]Montage-13
2062,479,538,C3_organized_puncta,2,5500000102_63x_20190604_Capture1-Capture1-C2[144]Montage-13
2063,495,541,C3_organized_puncta,2,5500000102_63x_20190604_Capture1-Capture1-C2[144]Montage-13
2064,514,541,C3_organized_puncta,2,5500000102_63x_20190604_Capture1-Capture1-C2[144]Montage-13
2065,102,799,C3_organized_puncta,2,5500000102_63x_20190604_Capture1-Capture1-C2[144]Montage-13
2066,136,790,C3_organized_puncta,2,5500000102_63x_20190604_Capture1-Capture1-C2[144]Montage-13
2067,161,785,C3_organized_puncta,2,5500000102_63x_20190604_Capture1-Capture1-C2[144]Montage-13
2068,177,779,C3_organized_puncta,2,5500000102_63x_20190604_Capture1-Capture1-C2[144]Montage-13
2069,197,775,C3_organized_puncta,2,5500000102_63x_20190604_Capture1-Capture1-C2[144]Montage-13
2070,219,766,C3_organized_puncta,2,5500000102_63x_20190604_Capture1-Capture1-C2[144]Montage-13
2071,209,743,C3_organized_puncta,2,5500000102_63x_20190604_Capture1-Capture1-C2[144]Montage-13
2072,224,739,C3_organized_puncta,2,5500000102_63x_20190604_Capture1-Capture1-C2[144]Montage-13
2073,234,735,C3_organized_puncta,2,5500000102_63x_20190604_Capture1-Capture1-C2[144]Montage-13
2074,249,719,C3_organized_puncta,2,5500000102_63x_20190604_Capture1-Capture1-C2[144]Montage-13
2075,263,705,C3_organized_puncta,2,5500000102_63x_20190604_Capture1-Capture1-C2[144]Montage-13
2076,281,691,C3_organized_puncta,2,5500000102_63x_20190604_Capture1-Capture1-C2[144]Montage-13
2077,203,209,C3_organized_puncta,2,5500000102_63x_20190604_Capture1-Capture1-C2[144]Montage-13
2078,221,217,C3_organized_puncta,2,5500000102_63x_20190604_Capture1-Capture1-C2[144]Montage-13
2079,242,230,C3_organized_puncta,2,5500000102_63x_20190604_Capture1-Capture1-C2[144]Montage-13
2080,253,237,C3_organized_puncta,2,5500000102_63x_20190604_Capture1-Capture1-C2[144]Montage-13
2081,268,240,C3_organized_puncta,2,5500000102_63x_20190604_Capture1-Capture1-C2[144]Montage-13
2082,281,251,C3_organized_puncta,2,5500000102_63x_20190604_Capture1-Capture1-C2[144]Montage-13
2083,301,269,C3_organized_puncta,2,5500000102_63x_20190604_Capture1-Capture1-C2[144]Montage-13
2084,327,282,C3_organized_puncta,2,5500000102_63x_20190604_Capture1-Capture1-C2[144]Montage-13
2085,345,287,C3_organized_puncta,2,5500000102_63x_20190604_Capture1-Capture1-C2[144]Montage-13
2086,359,295,C3_organized_puncta,2,5500000102_63x_20190604_Capture1-Capture1-C2[144]Montage-13
2087,773,834,C3_organized_puncta,3,5500000102_63x_20190604_Capture1-Capture1-C2[144]Montage-24
2088,781,818,C3_organized_puncta,3,5500000102_63x_20190604_Capture1-Capture1-C2[144]Montage-24
2089,791,811,C3_organized_puncta,3,5500000102_63x_20190604_Capture1-Capture1-C2[144]Montage-24
2090,802,794,C3_organized_puncta,3,5500000102_63x_20190604_Capture1-Capture1-C2[144]Montage-24
2091,822,787,C3_organized_puncta,3,5500000102_63x_20190604_Capture1-Capture1-C2[144]Montage-24
2092,830,772,C3_organized_puncta,3,5500000102_63x_20190604_Capture1-Capture1-C2[144]Montage-24
2093,843,763,C3_organized_puncta,3,5500000102_63x_20190604_Capture1-Capture1-C2[144]Montage-24
2094,587,1373,C3_organized_puncta,3,5500000102_63x_20190604_Capture1-Capture1-C2[144]Montage-24
2095,598,1360,C3_organized_puncta,3,5500000102_63x_20190604_Capture1-Capture1-C2[144]Montage-24
2096,608,1353,C3_organized_puncta,3,5500000102_63x_20190604_Capture1-Capture1-C2[144]Montage-24
2097,623,1344,C3_organized_puncta,3,5500000102_63x_20190604_Capture1-Capture1-C2[144]Montage-24
2098,634,1340,C3_organized_puncta,3,5500000102_63x_20190604_Capture1-Capture1-C2[144]Montage-24
2099,656,1324,C3_organized_puncta,3,5500000102_63x_20190604_Capture1-Capture1-C2[144]Montage-24
2100,665,1321,C3_organized_puncta,3,5500000102_63x_20190604_Capture1-Capture1-C2[144]Montage-24
2101,681,1311,C3_organized_puncta,3,5500000102_63x_20190604_Capture1-Capture1-C2[144]Montage-24
2102,727,471,C3_organized_puncta,3,5500000102_63x_20190604_Capture1-Capture1-C2[144]Montage-24
2103,748,466,C3_organized_puncta,3,5500000102_63x_20190604_Capture1-Capture1-C2[144]Montage-24
2104,759,452,C3_organized_puncta,3,5500000102_63x_20190604_Capture1-Capture1-C2[144]Montage-24
2105,779,444,C3_organized_puncta,3,5500000102_63x_20190604_Capture1-Capture1-C2[144]Montage-24
2106,799,441,C3_organized_puncta,3,5500000102_63x_20190604_Capture1-Capture1-C2[144]Montage-24
2107,339,810,C3_organized_puncta,11,5500000118_63x_20190618_Capture1-Capture2-C2[144]Montage-6
2108,352,824,C3_organized_puncta,11,5500000118_63x_20190618_Capture1-Capture2-C2[144]Montage-6
2109,364,846,C3_organized_puncta,11,5500000118_63x_20190618_Capture1-Capture2-C2[144]Montage-6
2110,373,863,C3_organized_puncta,11,5500000118_63x_20190618_Capture1-Capture2-C2[144]Montage-6
2111,387,882,C3_organized_puncta,11,5500000118_63x_20190618_Capture1-Capture2-C2[144]Montage-6
2112,389,891,C3_organized_puncta,11,5500000118_63x_20190618_Capture1-Capture2-C2[144]Montage-6
2113,420,810,C3_organized_puncta,11,5500000118_63x_20190618_Capture1-Capture2-C2[144]Montage-6
2114,419,831,C3_organized_puncta,11,5500000118_63x_20190618_Capture1-Capture2-C2[144]Montage-6
2115,422,849,C3_organized_puncta,11,5500000118_63x_20190618_Capture1-Capture2-C2[144]Montage-6
2116,425,870,C3_organized_puncta,11,5500000118_63x_20190618_Capture1-Capture2-C2[144]Montage-6
2117,425,886,C3_organized_puncta,11,5500000118_63x_20190618_Capture1-Capture2-C2[144]Montage-6
2118,1499,939,C3_organized_puncta,11,5500000118_63x_20190618_Capture1-Capture2-C2[144]Montage-6
2119,1513,950,C3_organized_puncta,11,5500000118_63x_20190618_Capture1-Capture2-C2[144]Montage-6
2120,1524,960,C3_organized_puncta,11,5500000118_63x_20190618_Capture1-Capture2-C2[144]Montage-6
2121,1532,983,C3_organized_puncta,11,5500000118_63x_20190618_Capture1-Capture2-C2[144]Montage-6
2122,1544,1005,C3_organized_puncta,11,5500000118_63x_20190618_Capture1-Capture2-C2[144]Montage-6
2123,1557,1025,C3_organized_puncta,11,5500000118_63x_20190618_Capture1-Capture2-C2[144]Montage-6
2124,1562,1044,C3_organized_puncta,11,5500000118_63x_20190618_Capture1-Capture2-C2[144]Montage-6
2125,1573,1083,C3_organized_puncta,11,5500000118_63x_20190618_Capture1-Capture2-C2[144]Montage-6
2126,1594,1119,C3_organized_puncta,11,5500000118_63x_20190618_Capture1-Capture2-C2[144]Montage-6
2127,1602,1131,C3_organized_puncta,11,5500000118_63x_20190618_Capture1-Capture2-C2[144]Montage-6
2128,1622,1150,C3_organized_puncta,11,5500000118_63x_20190618_Capture1-Capture2-C2[144]Montage-6
2129,1640,1164,C3_organized_puncta,11,5500000118_63x_20190618_Capture1-Capture2-C2[144]Montage-6
2130,1652,1180,C3_organized_puncta,11,5500000118_63x_20190618_Capture1-Capture2-C2[144]Montage-6
2131,1661,1190,C3_organized_puncta,11,5500000118_63x_20190618_Capture1-Capture2-C2[144]Montage-6
2132,1547,816,C3_organized_puncta,10,5500000118_63x_20190618_Capture1-Capture2-C2[144]Montage-17
2133,1571,824,C3_organized_puncta,10,5500000118_63x_20190618_Capture1-Capture2-C2[144]Montage-17
2134,1588,834,C3_organized_puncta,10,5500000118_63x_20190618_Capture1-Capture2-C2[144]Montage-17
2135,1614,847,C3_organized_puncta,10,5500000118_63x_20190618_Capture1-Capture2-C2[144]Montage-17
2136,1638,854,C3_organized_puncta,10,5500000118_63x_20190618_Capture1-Capture2-C2[144]Montage-17
2137,1660,858,C3_organized_puncta,10,5500000118_63x_20190618_Capture1-Capture2-C2[144]Montage-17
2138,1679,869,C3_organized_puncta,10,5500000118_63x_20190618_Capture1-Capture2-C2[144]Montage-17
2139,1699,885,C3_organized_puncta,10,5500000118_63x_20190618_Capture1-Capture2-C2[144]Montage-17
2140,132,1350,C3_organized_puncta,1,5500000101_63x_20190610_Capture1-Capture1-B4[144]Montage-6
2141,140,1366,C3_organized_puncta,1,5500000101_63x_20190610_Capture1-Capture1-B4[144]Montage-6
2142,154,1376,C3_organized_puncta,1,5500000101_63x_20190610_Capture1-Capture1-B4[144]Montage-6
2143,165,1383,C3_organized_puncta,1,5500000101_63x_20190610_Capture1-Capture1-B4[144]Montage-6
2144,178,1399,C3_organized_puncta,1,5500000101_63x_20190610_Capture1-Capture1-B4[144]Montage-6
2145,308,225,C3_organized_puncta,7,5500000115_63x_20190625_Capture1-Capture1-C2[144]Montage-8
2146,323,233,C3_organized_puncta,7,5500000115_63x_20190625_Capture1-Capture1-C2[144]Montage-8
2147,336,239,C3_organized_puncta,7,5500000115_63x_20190625_Capture1-Capture1-C2[144]Montage-8
2148,352,252,C3_organized_puncta,7,5500000115_63x_20190625_Capture1-Capture1-C2[144]Montage-8
2149,378,262,C3_organized_puncta,7,5500000115_63x_20190625_Capture1-Capture1-C2[144]Montage-8
2150,493,324,C3_organized_puncta,7,5500000115_63x_20190625_Capture1-Capture1-C2[144]Montage-8
2151,520,332,C3_organized_puncta,7,5500000115_63x_20190625_Capture1-Capture1-C2[144]Montage-8
2152,545,336,C3_organized_puncta,7,5500000115_63x_20190625_Capture1-Capture1-C2[144]Montage-8
2153,573,341,C3_organized_puncta,7,5500000115_63x_20190625_Capture1-Capture1-C2[144]Montage-8
2154,518,452,C3_organized_puncta,7,5500000115_63x_20190625_Capture1-Capture1-C2[144]Montage-8
2155,533,450,C3_organized_puncta,7,5500000115_63x_20190625_Capture1-Capture1-C2[144]Montage-8
2156,557,447,C3_organized_puncta,7,5500000115_63x_20190625_Capture1-Capture1-C2[144]Montage-8
2157,574,445,C3_organized_puncta,7,5500000115_63x_20190625_Capture1-Capture1-C2[144]Montage-8
2158,596,443,C3_organized_puncta,7,5500000115_63x_20190625_Capture1-Capture1-C2[144]Montage-8
2159,488,8,C3_organized_puncta,7,5500000115_63x_20190625_Capture1-Capture1-C2[144]Montage-8
2160,508,23,C3_organized_puncta,7,5500000115_63x_20190625_Capture1-Capture1-C2[144]Montage-8
2161,524,40,C3_organized_puncta,7,5500000115_63x_20190625_Capture1-Capture1-C2[144]Montage-8
2162,529,53,C3_organized_puncta,7,5500000115_63x_20190625_Capture1-Capture1-C2[144]Montage-8
2163,543,65,C3_organized_puncta,7,5500000115_63x_20190625_Capture1-Capture1-C2[144]Montage-8
2164,564,77,C3_organized_puncta,7,5500000115_63x_20190625_Capture1-Capture1-C2[144]Montage-8
2165,373,1305,C3_organized_puncta,7,5500000115_63x_20190625_Capture1-Capture1-C2[144]Montage-8
2166,377,1317,C3_organized_puncta,7,5500000115_63x_20190625_Capture1-Capture1-C2[144]Montage-8
2167,379,1331,C3_organized_puncta,7,5500000115_63x_20190625_Capture1-Capture1-C2[144]Montage-8
2168,385,1343,C3_organized_puncta,7,5500000115_63x_20190625_Capture1-Capture1-C2[144]Montage-8
2169,395,1362,C3_organized_puncta,7,5500000115_63x_20190625_Capture1-Capture1-C2[144]Montage-8
2170,401,1379,C3_organized_puncta,7,5500000115_63x_20190625_Capture1-Capture1-C2[144]Montage-8
2171,235,1586,C3_organized_puncta,7,5500000115_63x_20190625_Capture1-Capture1-C2[144]Montage-8
2172,245,1603,C3_organized_puncta,7,5500000115_63x_20190625_Capture1-Capture1-C2[144]Montage-8
2173,245,1613,C3_organized_puncta,7,5500000115_63x_20190625_Capture1-Capture1-C2[144]Montage-8
2174,253,1634,C3_organized_puncta,7,5500000115_63x_20190625_Capture1-Capture1-C2[144]Montage-8
2175,263,1646,C3_organized_puncta,7,5500000115_63x_20190625_Capture1-Capture1-C2[144]Montage-8
2176,272,1661,C3_organized_puncta,7,5500000115_63x_20190625_Capture1-Capture1-C2[144]Montage-8
2177,404,1321,C3_organized_puncta,7,5500000115_63x_20190625_Capture1-Capture1-C2[144]Montage-8
2178,412,1334,C3_organized_puncta,7,5500000115_63x_20190625_Capture1-Capture1-C2[144]Montage-8
2179,427,1346,C3_organized_puncta,7,5500000115_63x_20190625_Capture1-Capture1-C2[144]Montage-8
2180,434,1361,C3_organized_puncta,7,5500000115_63x_20190625_Capture1-Capture1-C2[144]Montage-8
2181,449,1374,C3_organized_puncta,7,5500000115_63x_20190625_Capture1-Capture1-C2[144]Montage-8
2182,457,1385,C3_organized_puncta,7,5500000115_63x_20190625_Capture1-Capture1-C2[144]Montage-8
2183,470,1399,C3_organized_puncta,7,5500000115_63x_20190625_Capture1-Capture1-C2[144]Montage-8
2184,481,1411,C3_organized_puncta,7,5500000115_63x_20190625_Capture1-Capture1-C2[144]Montage-8
2185,485,1419,C3_organized_puncta,7,5500000115_63x_20190625_Capture1-Capture1-C2[144]Montage-8
2186,289,1595,C3_organized_puncta,7,5500000115_63x_20190625_Capture1-Capture1-C2[144]Montage-8
2187,304,1613,C3_organized_puncta,7,5500000115_63x_20190625_Capture1-Capture1-C2[144]Montage-8
2188,316,1625,C3_organized_puncta,7,5500000115_63x_20190625_Capture1-Capture1-C2[144]Montage-8
2189,328,1646,C3_organized_puncta,7,5500000115_63x_20190625_Capture1-Capture1-C2[144]Montage-8
2190,327,145,C3_organized_puncta,6,5500000115_63x_20190625_Capture1-Capture1-C2[144]Montage-12
2191,332,164,C3_organized_puncta,6,5500000115_63x_20190625_Capture1-Capture1-C2[144]Montage-12
2192,342,180,C3_organized_puncta,6,5500000115_63x_20190625_Capture1-Capture1-C2[144]Montage-12
2193,346,213,C3_organized_puncta,6,5500000115_63x_20190625_Capture1-Capture1-C2[144]Montage-12
2194,354,227,C3_organized_puncta,6,5500000115_63x_20190625_Capture1-Capture1-C2[144]Montage-12
2195,363,252,C3_organized_puncta,6,5500000115_63x_20190625_Capture1-Capture1-C2[144]Montage-12
2196,375,264,C3_organized_puncta,6,5500000115_63x_20190625_Capture1-Capture1-C2[144]Montage-12
2197,251,399,C3_organized_puncta,6,5500000115_63x_20190625_Capture1-Capture1-C2[144]Montage-12
2198,261,411,C3_organized_puncta,6,5500000115_63x_20190625_Capture1-Capture1-C2[144]Montage-12
2199,268,423,C3_organized_puncta,6,5500000115_63x_20190625_Capture1-Capture1-C2[144]Montage-12
2200,280,439,C3_organized_puncta,6,5500000115_63x_20190625_Capture1-Capture1-C2[144]Montage-12
2201,288,450,C3_organized_puncta,6,5500000115_63x_20190625_Capture1-Capture1-C2[144]Montage-12
2202,297,464,C3_organized_puncta,6,5500000115_63x_20190625_Capture1-Capture1-C2[144]Montage-12
2203,1424,429,C3_organized_puncta,6,5500000115_63x_20190625_Capture1-Capture1-C2[144]Montage-12
2204,1436,439,C3_organized_puncta,6,5500000115_63x_20190625_Capture1-Capture1-C2[144]Montage-12
2205,1464,480,C3_organized_puncta,6,5500000115_63x_20190625_Capture1-Capture1-C2[144]Montage-12
2206,1473,495,C3_organized_puncta,6,5500000115_63x_20190625_Capture1-Capture1-C2[144]Montage-12
2207,1479,505,C3_organized_puncta,6,5500000115_63x_20190625_Capture1-Capture1-C2[144]Montage-12
2208,1487,515,C3_organized_puncta,6,5500000115_63x_20190625_Capture1-Capture1-C2[144]Montage-12
2209,1499,523,C3_organized_puncta,6,5500000115_63x_20190625_Capture1-Capture1-C2[144]Montage-12
2210,1509,530,C3_organized_puncta,6,5500000115_63x_20190625_Capture1-Capture1-C2[144]Montage-12
2211,634,398,C3_organized_puncta,6,5500000115_63x_20190625_Capture1-Capture1-C2[144]Montage-12
2212,648,407,C3_organized_puncta,6,5500000115_63x_20190625_Capture1-Capture1-C2[144]Montage-12
2213,657,415,C3_organized_puncta,6,5500000115_63x_20190625_Capture1-Capture1-C2[144]Montage-12
2214,664,422,C3_organized_puncta,6,5500000115_63x_20190625_Capture1-Capture1-C2[144]Montage-12
2215,673,433,C3_organized_puncta,6,5500000115_63x_20190625_Capture1-Capture1-C2[144]Montage-12
2216,688,447,C3_organized_puncta,6,5500000115_63x_20190625_Capture1-Capture1-C2[144]Montage-12
2217,706,474,C3_organized_puncta,6,5500000115_63x_20190625_Capture1-Capture1-C2[144]Montage-12
2218,712,460,C3_organized_puncta,6,5500000115_63x_20190625_Capture1-Capture1-C2[144]Montage-12
2219,737,470,C3_organized_puncta,6,5500000115_63x_20190625_Capture1-Capture1-C2[144]Montage-12
2220,755,480,C3_organized_puncta,6,5500000115_63x_20190625_Capture1-Capture1-C2[144]Montage-12
2221,775,487,C3_organized_puncta,6,5500000115_63x_20190625_Capture1-Capture1-C2[144]Montage-12
2222,874,533,C3_organized_puncta,6,5500000115_63x_20190625_Capture1-Capture1-C2[144]Montage-12
2223,884,545,C3_organized_puncta,6,5500000115_63x_20190625_Capture1-Capture1-C2[144]Montage-12
2224,893,556,C3_organized_puncta,6,5500000115_63x_20190625_Capture1-Capture1-C2[144]Montage-12
2225,905,583,C3_organized_puncta,6,5500000115_63x_20190625_Capture1-Capture1-C2[144]Montage-12
2226,909,598,C3_organized_puncta,6,5500000115_63x_20190625_Capture1-Capture1-C2[144]Montage-12
2227,11,478,C3_organized_puncta,6,5500000115_63x_20190625_Capture1-Capture1-C2[144]Montage-12
2228,25,486,C3_organized_puncta,6,5500000115_63x_20190625_Capture1-Capture1-C2[144]Montage-12
2229,39,495,C3_organized_puncta,6,5500000115_63x_20190625_Capture1-Capture1-C2[144]Montage-12
2230,56,507,C3_organized_puncta,6,5500000115_63x_20190625_Capture1-Capture1-C2[144]Montage-12
2231,70,517,C3_organized_puncta,6,5500000115_63x_20190625_Capture1-Capture1-C2[144]Montage-12
2232,76,526,C3_organized_puncta,6,5500000115_63x_20190625_Capture1-Capture1-C2[144]Montage-12
2233,90,533,C3_organized_puncta,6,5500000115_63x_20190625_Capture1-Capture1-C2[144]Montage-12
2234,333,643,C3_organized_puncta,6,5500000115_63x_20190625_Capture1-Capture1-C2[144]Montage-12
2235,347,653,C3_organized_puncta,6,5500000115_63x_20190625_Capture1-Capture1-C2[144]Montage-12
2236,362,668,C3_organized_puncta,6,5500000115_63x_20190625_Capture1-Capture1-C2[144]Montage-12
2237,435,577,C3_organized_puncta,6,5500000115_63x_20190625_Capture1-Capture1-C2[144]Montage-12
2238,442,595,C3_organized_puncta,6,5500000115_63x_20190625_Capture1-Capture1-C2[144]Montage-12
2239,442,614,C3_organized_puncta,6,5500000115_63x_20190625_Capture1-Capture1-C2[144]Montage-12
2240,442,622,C3_organized_puncta,6,5500000115_63x_20190625_Capture1-Capture1-C2[144]Montage-12
2241,444,638,C3_organized_puncta,6,5500000115_63x_20190625_Capture1-Capture1-C2[144]Montage-12
2242,543,445,C3_organized_puncta,4,5500000105_63x_20190528_Capture1-Capture1-C2[144]Montage-3
2243,527,452,C3_organized_puncta,4,5500000105_63x_20190528_Capture1-Capture1-C2[144]Montage-3
2244,515,462,C3_organized_puncta,4,5500000105_63x_20190528_Capture1-Capture1-C2[144]Montage-3
2245,367,403,C3_organized_puncta,4,5500000105_63x_20190528_Capture1-Capture1-C2[144]Montage-3
2246,387,419,C3_organized_puncta,4,5500000105_63x_20190528_Capture1-Capture1-C2[144]Montage-3
2247,397,427,C3_organized_puncta,4,5500000105_63x_20190528_Capture1-Capture1-C2[144]Montage-3
2248,405,441,C3_organized_puncta,4,5500000105_63x_20190528_Capture1-Capture1-C2[144]Montage-3
2249,408,457,C3_organized_puncta,4,5500000105_63x_20190528_Capture1-Capture1-C2[144]Montage-3
2250,413,474,C3_organized_puncta,4,5500000105_63x_20190528_Capture1-Capture1-C2[144]Montage-3
2251,412,492,C3_organized_puncta,4,5500000105_63x_20190528_Capture1-Capture1-C2[144]Montage-3
2252,220,628,C3_organized_puncta,4,5500000105_63x_20190528_Capture1-Capture1-C2[144]Montage-3
2253,232,620,C3_organized_puncta,4,5500000105_63x_20190528_Capture1-Capture1-C2[144]Montage-3
2254,253,612,C3_organized_puncta,4,5500000105_63x_20190528_Capture1-Capture1-C2[144]Montage-3
2255,267,609,C3_organized_puncta,4,5500000105_63x_20190528_Capture1-Capture1-C2[144]Montage-3
2256,276,589,C3_organized_puncta,4,5500000105_63x_20190528_Capture1-Capture1-C2[144]Montage-3
2257,289,571,C3_organized_puncta,4,5500000105_63x_20190528_Capture1-Capture1-C2[144]Montage-3
2258,280,610,C3_organized_puncta,4,5500000105_63x_20190528_Capture1-Capture1-C2[144]Montage-3
2259,298,607,C3_organized_puncta,4,5500000105_63x_20190528_Capture1-Capture1-C2[144]Montage-3
2260,852,1301,C3_organized_puncta,4,5500000105_63x_20190528_Capture1-Capture1-C2[144]Montage-3
2261,874,1305,C3_organized_puncta,4,5500000105_63x_20190528_Capture1-Capture1-C2[144]Montage-3
2262,888,1315,C3_organized_puncta,4,5500000105_63x_20190528_Capture1-Capture1-C2[144]Montage-3
2263,899,1321,C3_organized_puncta,4,5500000105_63x_20190528_Capture1-Capture1-C2[144]Montage-3
2264,1103,1523,C3_organized_puncta,4,5500000105_63x_20190528_Capture1-Capture1-C2[144]Montage-3
2265,1123,1529,C3_organized_puncta,4,5500000105_63x_20190528_Capture1-Capture1-C2[144]Montage-3
2266,1141,1533,C3_organized_puncta,4,5500000105_63x_20190528_Capture1-Capture1-C2[144]Montage-3
2267,1160,1535,C3_organized_puncta,4,5500000105_63x_20190528_Capture1-Capture1-C2[144]Montage-3
2268,1174,1537,C3_organized_puncta,4,5500000105_63x_20190528_Capture1-Capture1-C2[144]Montage-3
2269,1193,1541,C3_organized_puncta,4,5500000105_63x_20190528_Capture1-Capture1-C2[144]Montage-3
2270,1121,1469,C3_organized_puncta,4,5500000105_63x_20190528_Capture1-Capture1-C2[144]Montage-3
2271,1145,1477,C3_organized_puncta,4,5500000105_63x_20190528_Capture1-Capture1-C2[144]Montage-3
2272,1162,1492,C3_organized_puncta,4,5500000105_63x_20190528_Capture1-Capture1-C2[144]Montage-3
2273,1178,1500,C3_organized_puncta,4,5500000105_63x_20190528_Capture1-Capture1-C2[144]Montage-3
2274,565,1534,C3_organized_puncta,4,5500000105_63x_20190528_Capture1-Capture1-C2[144]Montage-3
2275,582,1527,C3_organized_puncta,4,5500000105_63x_20190528_Capture1-Capture1-C2[144]Montage-3
2276,599,1523,C3_organized_puncta,4,5500000105_63x_20190528_Capture1-Capture1-C2[144]Montage-3
2277,623,1516,C3_organized_puncta,4,5500000105_63x_20190528_Capture1-Capture1-C2[144]Montage-3
2278,642,1503,C3_organized_puncta,4,5500000105_63x_20190528_Capture1-Capture1-C2[144]Montage-3
2279,660,1495,C3_organized_puncta,4,5500000105_63x_20190528_Capture1-Capture1-C2[144]Montage-3
2280,688,1410,C3_organized_puncta,4,5500000105_63x_20190528_Capture1-Capture1-C2[144]Montage-3
2281,707,1410,C3_organized_puncta,4,5500000105_63x_20190528_Capture1-Capture1-C2[144]Montage-3
2282,723,1410,C3_organized_puncta,4,5500000105_63x_20190528_Capture1-Capture1-C2[144]Montage-3
2283,751,1411,C3_organized_puncta,4,5500000105_63x_20190528_Capture1-Capture1-C2[144]Montage-3
2284,772,1422,C3_organized_puncta,4,5500000105_63x_20190528_Capture1-Capture1-C2[144]Montage-3
2285,795,1420,C3_organized_puncta,4,5500000105_63x_20190528_Capture1-Capture1-C2[144]Montage-3
2286,810,1419,C3_organized_puncta,4,5500000105_63x_20190528_Capture1-Capture1-C2[144]Montage-3
2287,735,1431,C3_organized_puncta,4,5500000105_63x_20190528_Capture1-Capture1-C2[144]Montage-3
2288,759,1436,C3_organized_puncta,4,5500000105_63x_20190528_Capture1-Capture1-C2[144]Montage-3
2289,773,1438,C3_organized_puncta,4,5500000105_63x_20190528_Capture1-Capture1-C2[144]Montage-3
2290,794,1436,C3_organized_puncta,4,5500000105_63x_20190528_Capture1-Capture1-C2[144]Montage-3
2291,1431,710,C3_organized_puncta,5,5500000105_63x_20190528_Capture1-Capture1-C2[144]Montage-4
2292,1421,723,C3_organized_puncta,5,5500000105_63x_20190528_Capture1-Capture1-C2[144]Montage-4
2293,1419,735,C3_organized_puncta,5,5500000105_63x_20190528_Capture1-Capture1-C2[144]Montage-4
2294,1412,743,C3_organized_puncta,5,5500000105_63x_20190528_Capture1-Capture1-C2[144]Montage-4
2295,1402,763,C3_organized_puncta,5,5500000105_63x_20190528_Capture1-Capture1-C2[144]Montage-4
2296,1396,779,C3_organized_puncta,5,5500000105_63x_20190528_Capture1-Capture1-C2[144]Montage-4
2297,1388,791,C3_organized_puncta,5,5500000105_63x_20190528_Capture1-Capture1-C2[144]Montage-4
2298,1380,815,C3_organized_puncta,5,5500000105_63x_20190528_Capture1-Capture1-C2[144]Montage-4
2299,1240,860,C3_organized_puncta,5,5500000105_63x_20190528_Capture1-Capture1-C2[144]Montage-4
2300,1242,844,C3_organized_puncta,5,5500000105_63x_20190528_Capture1-Capture1-C2[144]Montage-4
2301,1247,828,C3_organized_puncta,5,5500000105_63x_20190528_Capture1-Capture1-C2[144]Montage-4
2302,1255,813,C3_organized_puncta,5,5500000105_63x_20190528_Capture1-Capture1-C2[144]Montage-4
2303,1259,799,C3_organized_puncta,5,5500000105_63x_20190528_Capture1-Capture1-C2[144]Montage-4
2304,1265,786,C3_organized_puncta,5,5500000105_63x_20190528_Capture1-Capture1-C2[144]Montage-4
2305,1273,770,C3_organized_puncta,5,5500000105_63x_20190528_Capture1-Capture1-C2[144]Montage-4
2306,1339,856,C3_organized_puncta,5,5500000105_63x_20190528_Capture1-Capture1-C2[144]Montage-4
2307,1337,885,C3_organized_puncta,5,5500000105_63x_20190528_Capture1-Capture1-C2[144]Montage-4
2308,1329,887,C3_organized_puncta,5,5500000105_63x_20190528_Capture1-Capture1-C2[144]Montage-4
2309,1320,908,C3_organized_puncta,5,5500000105_63x_20190528_Capture1-Capture1-C2[144]Montage-4
2310,1309,933,C3_organized_puncta,5,5500000105_63x_20190528_Capture1-Capture1-C2[144]Montage-4
2311,1298,941,C3_organized_puncta,5,5500000105_63x_20190528_Capture1-Capture1-C2[144]Montage-4
2312,1287,971,C3_organized_puncta,5,5500000105_63x_20190528_Capture1-Capture1-C2[144]Montage-4
2313,1273,997,C3_organized_puncta,5,5500000105_63x_20190528_Capture1-Capture1-C2[144]Montage-4
2314,1479,886,C3_organized_puncta,5,5500000105_63x_20190528_Capture1-Capture1-C2[144]Montage-4
2315,1479,916,C3_organized_puncta,5,5500000105_63x_20190528_Capture1-Capture1-C2[144]Montage-4
2316,1481,936,C3_organized_puncta,5,5500000105_63x_20190528_Capture1-Capture1-C2[144]Montage-4
2317,1481,949,C3_organized_puncta,5,5500000105_63x_20190528_Capture1-Capture1-C2[144]Montage-4
2318,1479,973,C3_organized_puncta,5,5500000105_63x_20190528_Capture1-Capture1-C2[144]Montage-4
2319,1485,992,C3_organized_puncta,5,5500000105_63x_20190528_Capture1-Capture1-C2[144]Montage-4
2320,1491,1031,C3_organized_puncta,5,5500000105_63x_20190528_Capture1-Capture1-C2[144]Montage-4
2321,1483,1046,C3_organized_puncta,5,5500000105_63x_20190528_Capture1-Capture1-C2[144]Montage-4
2322,1479,1068,C3_organized_puncta,5,5500000105_63x_20190528_Capture1-Capture1-C2[144]Montage-4
2323,1467,1101,C3_organized_puncta,5,5500000105_63x_20190528_Capture1-Capture1-C2[144]Montage-4
2324,1459,1124,C3_organized_puncta,5,5500000105_63x_20190528_Capture1-Capture1-C2[144]Montage-4
2325,1455,1143,C3_organized_puncta,5,5500000105_63x_20190528_Capture1-Capture1-C2[144]Montage-4
2326,926,795,C3_organized_puncta,5,5500000105_63x_20190528_Capture1-Capture1-C2[144]Montage-4
2327,929,779,C3_organized_puncta,5,5500000105_63x_20190528_Capture1-Capture1-C2[144]Montage-4
2328,933,758,C3_organized_puncta,5,5500000105_63x_20190528_Capture1-Capture1-C2[144]Montage-4
2329,937,741,C3_organized_puncta,5,5500000105_63x_20190528_Capture1-Capture1-C2[144]Montage-4
2330,944,723,C3_organized_puncta,5,5500000105_63x_20190528_Capture1-Capture1-C2[144]Montage-4
2331,946,710,C3_organized_puncta,5,5500000105_63x_20190528_Capture1-Capture1-C2[144]Montage-4
2332,954,686,C3_organized_puncta,5,5500000105_63x_20190528_Capture1-Capture1-C2[144]Montage-4
2333,963,676,C3_organized_puncta,5,5500000105_63x_20190528_Capture1-Capture1-C2[144]Montage-4
2334,969,660,C3_organized_puncta,5,5500000105_63x_20190528_Capture1-Capture1-C2[144]Montage-4
2335,980,638,C3_organized_puncta,5,5500000105_63x_20190528_Capture1-Capture1-C2[144]Montage-4
2336,985,628,C3_organized_puncta,5,5500000105_63x_20190528_Capture1-Capture1-C2[144]Montage-4
2337,1044,723,C3_organized_puncta,5,5500000105_63x_20190528_Capture1-Capture1-C2[144]Montage-4
2338,1037,733,C3_organized_puncta,5,5500000105_63x_20190528_Capture1-Capture1-C2[144]Montage-4
2339,1029,752,C3_organized_puncta,5,5500000105_63x_20190528_Capture1-Capture1-C2[144]Montage-4
2340,1016,768,C3_organized_puncta,5,5500000105_63x_20190528_Capture1-Capture1-C2[144]Montage-4
2341,880,953,C3_organized_puncta,5,5500000105_63x_20190528_Capture1-Capture1-C2[144]Montage-4
2342,897,940,C3_organized_puncta,5,5500000105_63x_20190528_Capture1-Capture1-C2[144]Montage-4
2343,913,925,C3_organized_puncta,5,5500000105_63x_20190528_Capture1-Capture1-C2[144]Montage-4
2344,925,913,C3_organized_puncta,5,5500000105_63x_20190528_Capture1-Capture1-C2[144]Montage-4
2345,944,889,C3_organized_puncta,5,5500000105_63x_20190528_Capture1-Capture1-C2[144]Montage-4
2346,949,906,C3_organized_puncta,5,5500000105_63x_20190528_Capture1-Capture1-C2[144]Montage-4
2347,929,929,C3_organized_puncta,5,5500000105_63x_20190528_Capture1-Capture1-C2[144]Montage-4
2348,913,949,C3_organized_puncta,5,5500000105_63x_20190528_Capture1-Capture1-C2[144]Montage-4
2349,307,548,C3_organized_puncta,8,5500000116_63x_20190611_Capture1-Capture1-B5[144]Montage-1
2350,311,565,C3_organized_puncta,8,5500000116_63x_20190611_Capture1-Capture1-B5[144]Montage-1
2351,312,590,C3_organized_puncta,8,5500000116_63x_20190611_Capture1-Capture1-B5[144]Montage-1
2352,320,610,C3_organized_puncta,8,5500000116_63x_20190611_Capture1-Capture1-B5[144]Montage-1
2353,316,638,C3_organized_puncta,8,5500000116_63x_20190611_Capture1-Capture1-B5[144]Montage-1
2354,318,652,C3_organized_puncta,8,5500000116_63x_20190611_Capture1-Capture1-B5[144]Montage-1
2355,318,667,C3_organized_puncta,8,5500000116_63x_20190611_Capture1-Capture1-B5[144]Montage-1
2356,318,682,C3_organized_puncta,8,5500000116_63x_20190611_Capture1-Capture1-B5[144]Montage-1
2357,320,708,C3_organized_puncta,8,5500000116_63x_20190611_Capture1-Capture1-B5[144]Montage-1
2358,710,811,C3_organized_puncta,9,5500000116_63x_20190611_Capture1-Capture1-B5[144]Montage-6
2359,711,843,C3_organized_puncta,9,5500000116_63x_20190611_Capture1-Capture1-B5[144]Montage-6
2360,711,862,C3_organized_puncta,9,5500000116_63x_20190611_Capture1-Capture1-B5[144]Montage-6
2361,713,893,C3_organized_puncta,9,5500000116_63x_20190611_Capture1-Capture1-B5[144]Montage-6
2362,883,1047,C3_organized_puncta,9,5500000116_63x_20190611_Capture1-Capture1-B5[144]Montage-6
2363,889,1075,C3_organized_puncta,9,5500000116_63x_20190611_Capture1-Capture1-B5[144]Montage-6
2364,896,1090,C3_organized_puncta,9,5500000116_63x_20190611_Capture1-Capture1-B5[144]Montage-6
2365,901,1105,C3_organized_puncta,9,5500000116_63x_20190611_Capture1-Capture1-B5[144]Montage-6
2366,908,1122,C3_organized_puncta,9,5500000116_63x_20190611_Capture1-Capture1-B5[144]Montage-6
2367,911,1131,C3_organized_puncta,9,5500000116_63x_20190611_Capture1-Capture1-B5[144]Montage-6
2368,896,693,C3_organized_puncta,9,5500000116_63x_20190611_Capture1-Capture1-B5[144]Montage-6
2369,913,704,C3_organized_puncta,9,5500000116_63x_20190611_Capture1-Capture1-B5[144]Montage-6
2370,933,718,C3_organized_puncta,9,5500000116_63x_20190611_Capture1-Capture1-B5[144]Montage-6
2371,949,731,C3_organized_puncta,9,5500000116_63x_20190611_Capture1-Capture1-B5[144]Montage-6
2372,962,736,C3_organized_puncta,9,5500000116_63x_20190611_Capture1-Capture1-B5[144]Montage-6
2373,982,751,C3_organized_puncta,9,5500000116_63x_20190611_Capture1-Capture1-B5[144]Montage-6
2374,996,757,C3_organized_puncta,9,5500000116_63x_20190611_Capture1-Capture1-B5[144]Montage-6
2375,834,424,C3_organized_puncta,9,5500000116_63x_20190611_Capture1-Capture1-B5[144]Montage-6
2376,868,415,C3_organized_puncta,9,5500000116_63x_20190611_Capture1-Capture1-B5[144]Montage-6
2377,897,405,C3_organized_puncta,9,5500000116_63x_20190611_Capture1-Capture1-B5[144]Montage-6
2378,919,403,C3_organized_puncta,9,5500000116_63x_20190611_Capture1-Capture1-B5[144]Montage-6
2379,953,398,C3_organized_puncta,9,5500000116_63x_20190611_Capture1-Capture1-B5[144]Montage-6
2380,984,395,C3_organized_puncta,9,5500000116_63x_20190611_Capture1-Capture1-B5[144]Montage-6
2381,1009,390,C3_organized_puncta,9,5500000116_63x_20190611_Capture1-Capture1-B5[144]Montage-6
2382,1044,385,C3_organized_puncta,9,5500000116_63x_20190611_Capture1-Capture1-B5[144]Montage-6
2383,830,445,C3_organized_puncta,9,5500000116_63x_20190611_Capture1-Capture1-B5[144]Montage-6
2384,851,438,C3_organized_puncta,9,5500000116_63x_20190611_Capture1-Capture1-B5[144]Montage-6
2385,868,432,C3_organized_puncta,9,5500000116_63x_20190611_Capture1-Capture1-B5[144]Montage-6
2386,897,424,C3_organized_puncta,9,5500000116_63x_20190611_Capture1-Capture1-B5[144]Montage-6
2387,918,415,C3_organized_puncta,9,5500000116_63x_20190611_Capture1-Capture1-B5[144]Montage-6
2388,950,409,C3_organized_puncta,9,5500000116_63x_20190611_Capture1-Capture1-B5[144]Montage-6
2389,969,406,C3_organized_puncta,9,5500000116_63x_20190611_Capture1-Capture1-B5[144]Montage-6
2390,996,402,C3_organized_puncta,9,5500000116_63x_20190611_Capture1-Capture1-B5[144]Montage-6
2391,1013,405,C3_organized_puncta,9,5500000116_63x_20190611_Capture1-Capture1-B5[144]Montage-6
2392,1040,406,C3_organized_puncta,9,5500000116_63x_20190611_Capture1-Capture1-B5[144]Montage-6
2393,687,585,C3_organized_puncta,9,5500000116_63x_20190611_Capture1-Capture1-B5[144]Montage-6
2394,696,607,C3_organized_puncta,9,5500000116_63x_20190611_Capture1-Capture1-B5[144]Montage-6
2395,702,628,C3_organized_puncta,9,5500000116_63x_20190611_Capture1-Capture1-B5[144]Montage-6
2396,706,646,C3_organized_puncta,9,5500000116_63x_20190611_Capture1-Capture1-B5[144]Montage-6
2397,713,669,C3_organized_puncta,9,5500000116_63x_20190611_Capture1-Capture1-B5[144]Montage-6
2398,717,693,C3_organized_puncta,9,5500000116_63x_20190611_Capture1-Capture1-B5[144]Montage-6
2399,723,712,C3_organized_puncta,9,5500000116_63x_20190611_Capture1-Capture1-B5[144]Montage-6
2400,545,1032,C3_organized_puncta,2,5500000102_63x_20190604_Capture1-Capture1-C2[144]Montage-13
2401,559,1024,C3_organized_puncta,2,5500000102_63x_20190604_Capture1-Capture1-C2[144]Montage-13
2402,585,1013,C3_organized_puncta,2,5500000102_63x_20190604_Capture1-Capture1-C2[144]Montage-13
2403,599,1013,C3_organized_puncta,2,5500000102_63x_20190604_Capture1-Capture1-C2[144]Montage-13
2404,617,1013,C3_organized_puncta,2,5500000102_63x_20190604_Capture1-Capture1-C2[144]Montage-13
2405,625,1013,C3_organized_puncta,2,5500000102_63x_20190604_Capture1-Capture1-C2[144]Montage-13
2406,713,1000,C3_organized_puncta,2,5500000102_63x_20190604_Capture1-Capture1-C2[144]Montage-13
2407,732,1015,C3_organized_puncta,2,5500000102_63x_20190604_Capture1-Capture1-C2[144]Montage-13
2408,750,1030,C3_organized_puncta,2,5500000102_63x_20190604_Capture1-Capture1-C2[144]Montage-13
2409,764,1036,C3_organized_puncta,2,5500000102_63x_20190604_Capture1-Capture1-C2[144]Montage-13
2410,774,1043,C3_organized_puncta,2,5500000102_63x_20190604_Capture1-Capture1-C2[144]Montage-13
2411,624,1098,C3_organized_puncta,2,5500000102_63x_20190604_Capture1-Capture1-C2[144]Montage-13
2412,650,1107,C3_organized_puncta,2,5500000102_63x_20190604_Capture1-Capture1-C2[144]Montage-13
2413,667,1111,C3_organized_puncta,2,5500000102_63x_20190604_Capture1-Capture1-C2[144]Montage-13
2414,691,1115,C3_organized_puncta,2,5500000102_63x_20190604_Capture1-Capture1-C2[144]Montage-13
2415,713,1124,C3_organized_puncta,2,5500000102_63x_20190604_Capture1-Capture1-C2[144]Montage-13
2416,732,1131,C3_organized_puncta,2,5500000102_63x_20190604_Capture1-Capture1-C2[144]Montage-13
2417,747,1147,C3_organized_puncta,2,5500000102_63x_20190604_Capture1-Capture1-C2[144]Montage-13
2418,759,1154,C3_organized_puncta,2,5500000102_63x_20190604_Capture1-Capture1-C2[144]Montage-13
2419,241,1502,C3_organized_puncta,4,5500000105_63x_20190528_Capture1-Capture1-C2[144]Montage-3
2420,261,1487,C3_organized_puncta,4,5500000105_63x_20190528_Capture1-Capture1-C2[144]Montage-3
2421,279,1475,C3_organized_puncta,4,5500000105_63x_20190528_Capture1-Capture1-C2[144]Montage-3
2422,300,1458,C3_organized_puncta,4,5500000105_63x_20190528_Capture1-Capture1-C2[144]Montage-3
2423,310,1451,C3_organized_puncta,4,5500000105_63x_20190528_Capture1-Capture1-C2[144]Montage-3
2424,360,1415,C3_organized_puncta,4,5500000105_63x_20190528_Capture1-Capture1-C2[144]Montage-3
2425,378,1404,C3_organized_puncta,4,5500000105_63x_20190528_Capture1-Capture1-C2[144]Montage-3
2426,399,1393,C3_organized_puncta,4,5500000105_63x_20190528_Capture1-Capture1-C2[144]Montage-3
2427,411,1388,C3_organized_puncta,4,5500000105_63x_20190528_Capture1-Capture1-C2[144]Montage-3
2428,435,1369,C3_organized_puncta,4,5500000105_63x_20190528_Capture1-Capture1-C2[144]Montage-3
2429,462,1343,C3_organized_puncta,4,5500000105_63x_20190528_Capture1-Capture1-C2[144]Montage-3
2430,1598,859,C3_organized_puncta,11,5500000118_63x_20190618_Capture1-Capture2-C2[144]Montage-6
2431,1612,874,C3_organized_puncta,11,5500000118_63x_20190618_Capture1-Capture2-C2[144]Montage-6
2432,1626,896,C3_organized_puncta,11,5500000118_63x_20190618_Capture1-Capture2-C2[144]Montage-6
2433,1633,913,C3_organized_puncta,11,5500000118_63x_20190618_Capture1-Capture2-C2[144]Montage-6
2434,1657,1063,C3_organized_puncta,11,5500000118_63x_20190618_Capture1-Capture2-C2[144]Montage-6
2435,1673,1103,C3_organized_puncta,11,5500000118_63x_20190618_Capture1-Capture2-C2[144]Montage-6
2436,1680,1120,C3_organized_puncta,11,5500000118_63x_20190618_Capture1-Capture2-C2[144]Montage-6
2437,1667,1081,C3_organized_puncta,11,5500000118_63x_20190618_Capture1-Capture2-C2[144]Montage-6
2438,285,81,C3_organized_puncta,13,5500000124_63x_20190620_Capture1-Capture1-B2[144]Montage-3
2439,282,98,C3_organized_puncta,13,5500000124_63x_20190620_Capture1-Capture1-B2[144]Montage-3
2440,280,115,C3_organized_puncta,13,5500000124_63x_20190620_Capture1-Capture1-B2[144]Montage-3
2441,301,77,C3_organized_puncta,13,5500000124_63x_20190620_Capture1-Capture1-B2[144]Montage-3
2442,301,99,C3_organized_puncta,13,5500000124_63x_20190620_Capture1-Capture1-B2[144]Montage-3
2443,302,112,C3_organized_puncta,13,5500000124_63x_20190620_Capture1-Capture1-B2[144]Montage-3
2444,300,130,C3_organized_puncta,13,5500000124_63x_20190620_Capture1-Capture1-B2[144]Montage-3
2445,300,143,C3_organized_puncta,13,5500000124_63x_20190620_Capture1-Capture1-B2[144]Montage-3
2446,299,155,C3_organized_puncta,13,5500000124_63x_20190620_Capture1-Capture1-B2[144]Montage-3
2447,294,171,C3_organized_puncta,13,5500000124_63x_20190620_Capture1-Capture1-B2[144]Montage-3
2448,290,197,C3_organized_puncta,13,5500000124_63x_20190620_Capture1-Capture1-B2[144]Montage-3
2449,290,209,C3_organized_puncta,13,5500000124_63x_20190620_Capture1-Capture1-B2[144]Montage-3
2450,324,149,C3_organized_puncta,13,5500000124_63x_20190620_Capture1-Capture1-B2[144]Montage-3
2451,325,167,C3_organized_puncta,13,5500000124_63x_20190620_Capture1-Capture1-B2[144]Montage-3
2452,330,185,C3_organized_puncta,13,5500000124_63x_20190620_Capture1-Capture1-B2[144]Montage-3
2453,339,206,C3_organized_puncta,13,5500000124_63x_20190620_Capture1-Capture1-B2[144]Montage-3
2454,340,221,C3_organized_puncta,13,5500000124_63x_20190620_Capture1-Capture1-B2[144]Montage-3
2455,341,230,C3_organized_puncta,13,5500000124_63x_20190620_Capture1-Capture1-B2[144]Montage-3
2456,618,129,C3_organized_puncta,13,5500000124_63x_20190620_Capture1-Capture1-B2[144]Montage-3
2457,629,148,C3_organized_puncta,13,5500000124_63x_20190620_Capture1-Capture1-B2[144]Montage-3
2458,636,163,C3_organized_puncta,13,5500000124_63x_20190620_Capture1-Capture1-B2[144]Montage-3
2459,645,183,C3_organized_puncta,13,5500000124_63x_20190620_Capture1-Capture1-B2[144]Montage-3
2460,224,474,C3_organized_puncta,13,5500000124_63x_20190620_Capture1-Capture1-B2[144]Montage-3
2461,240,487,C3_organized_puncta,13,5500000124_63x_20190620_Capture1-Capture1-B2[144]Montage-3
2462,253,500,C3_organized_puncta,13,5500000124_63x_20190620_Capture1-Capture1-B2[144]Montage-3
2463,260,510,C3_organized_puncta,13,5500000124_63x_20190620_Capture1-Capture1-B2[144]Montage-3
2464,272,531,C3_organized_puncta,13,5500000124_63x_20190620_Capture1-Capture1-B2[144]Montage-3
2465,384,609,C3_organized_puncta,13,5500000124_63x_20190620_Capture1-Capture1-B2[144]Montage-3
2466,383,630,C3_organized_puncta,13,5500000124_63x_20190620_Capture1-Capture1-B2[144]Montage-3
2467,377,642,C3_organized_puncta,13,5500000124_63x_20190620_Capture1-Capture1-B2[144]Montage-3
2468,1169,1235,C3_organized_puncta,13,5500000124_63x_20190620_Capture1-Capture1-B2[144]Montage-3
2469,1176,1255,C3_organized_puncta,13,5500000124_63x_20190620_Capture1-Capture1-B2[144]Montage-3
2470,1177,1273,C3_organized_puncta,13,5500000124_63x_20190620_Capture1-Capture1-B2[144]Montage-3
2471,1180,1288,C3_organized_puncta,13,5500000124_63x_20190620_Capture1-Capture1-B2[144]Montage-3
2472,1179,1306,C3_organized_puncta,13,5500000124_63x_20190620_Capture1-Capture1-B2[144]Montage-3
2473,1180,1321,C3_organized_puncta,13,5500000124_63x_20190620_Capture1-Capture1-B2[144]Montage-3
2474,1183,1342,C3_organized_puncta,13,5500000124_63x_20190620_Capture1-Capture1-B2[144]Montage-3
2475,1096,1233,C3_organized_puncta,13,5500000124_63x_20190620_Capture1-Capture1-B2[144]Montage-3
2476,1091,1255,C3_organized_puncta,13,5500000124_63x_20190620_Capture1-Capture1-B2[144]Montage-3
2477,1088,1272,C3_organized_puncta,13,5500000124_63x_20190620_Capture1-Capture1-B2[144]Montage-3
2478,1080,1290,C3_organized_puncta,13,5500000124_63x_20190620_Capture1-Capture1-B2[144]Montage-3
2479,1073,1306,C3_organized_puncta,13,5500000124_63x_20190620_Capture1-Capture1-B2[144]Montage-3
2480,1079,1235,C3_organized_puncta,13,5500000124_63x_20190620_Capture1-Capture1-B2[144]Montage-3
2481,1084,1216,C3_organized_puncta,13,5500000124_63x_20190620_Capture1-Capture1-B2[144]Montage-3
2482,1072,1253,C3_organized_puncta,13,5500000124_63x_20190620_Capture1-Capture1-B2[144]Montage-3
2483,1065,1275,C3_organized_puncta,13,5500000124_63x_20190620_Capture1-Capture1-B2[144]Montage-3
2484,1061,1291,C3_organized_puncta,13,5500000124_63x_20190620_Capture1-Capture1-B2[144]Montage-3
2485,1053,1308,C3_organized_puncta,13,5500000124_63x_20190620_Capture1-Capture1-B2[144]Montage-3
2486,1052,1329,C3_organized_puncta,13,5500000124_63x_20190620_Capture1-Capture1-B2[144]Montage-3
2487,1423,1570,C3_organized_puncta,13,5500000124_63x_20190620_Capture1-Capture1-B2[144]Montage-3
2488,1428,1587,C3_organized_puncta,13,5500000124_63x_20190620_Capture1-Capture1-B2[144]Montage-3
2489,1433,1606,C3_organized_puncta,13,5500000124_63x_20190620_Capture1-Capture1-B2[144]Montage-3
2490,1492,1194,C3_organized_puncta,13,5500000124_63x_20190620_Capture1-Capture1-B2[144]Montage-3
2491,1502,1213,C3_organized_puncta,13,5500000124_63x_20190620_Capture1-Capture1-B2[144]Montage-3
2492,1515,1222,C3_organized_puncta,13,5500000124_63x_20190620_Capture1-Capture1-B2[144]Montage-3
2493,1523,1234,C3_organized_puncta,13,5500000124_63x_20190620_Capture1-Capture1-B2[144]Montage-3
2494,1538,1244,C3_organized_puncta,13,5500000124_63x_20190620_Capture1-Capture1-B2[144]Montage-3
2495,1268,1139,C3_organized_puncta,13,5500000124_63x_20190620_Capture1-Capture1-B2[144]Montage-3
2496,1277,1166,C3_organized_puncta,13,5500000124_63x_20190620_Capture1-Capture1-B2[144]Montage-3
2497,1287,1188,C3_organized_puncta,13,5500000124_63x_20190620_Capture1-Capture1-B2[144]Montage-3
2498,1384,547,C3_organized_puncta,13,5500000124_63x_20190620_Capture1-Capture1-B2[144]Montage-3
2499,1373,566,C3_organized_puncta,13,5500000124_63x_20190620_Capture1-Capture1-B2[144]Montage-3
2500,1366,581,C3_organized_puncta,13,5500000124_63x_20190620_Capture1-Capture1-B2[144]Montage-3
2501,1358,595,C3_organized_puncta,13,5500000124_63x_20190620_Capture1-Capture1-B2[144]Montage-3
2502,1345,610,C3_organized_puncta,13,5500000124_63x_20190620_Capture1-Capture1-B2[144]Montage-3
2503,1338,622,C3_organized_puncta,13,5500000124_63x_20190620_Capture1-Capture1-B2[144]Montage-3
2504,1330,638,C3_organized_puncta,13,5500000124_63x_20190620_Capture1-Capture1-B2[144]Montage-3
2505,1320,650,C3_organized_puncta,13,5500000124_63x_20190620_Capture1-Capture1-B2[144]Montage-3
2506,1311,663,C3_organized_puncta,13,5500000124_63x_20190620_Capture1-Capture1-B2[144]Montage-3
2507,1297,681,C3_organized_puncta,13,5500000124_63x_20190620_Capture1-Capture1-B2[144]Montage-3
2508,1285,691,C3_organized_puncta,13,5500000124_63x_20190620_Capture1-Capture1-B2[144]Montage-3
2509,1454,250,C3_organized_puncta,13,5500000124_63x_20190620_Capture1-Capture1-B2[144]Montage-3
2510,1455,269,C3_organized_puncta,13,5500000124_63x_20190620_Capture1-Capture1-B2[144]Montage-3
2511,1455,277,C3_organized_puncta,13,5500000124_63x_20190620_Capture1-Capture1-B2[144]Montage-3
2512,1456,301,C3_organized_puncta,13,5500000124_63x_20190620_Capture1-Capture1-B2[144]Montage-3
2513,1459,321,C3_organized_puncta,13,5500000124_63x_20190620_Capture1-Capture1-B2[144]Montage-3
2514,1461,336,C3_organized_puncta,13,5500000124_63x_20190620_Capture1-Capture1-B2[144]Montage-3
2515,1458,349,C3_organized_puncta,13,5500000124_63x_20190620_Capture1-Capture1-B2[144]Montage-3
2516,1486,416,C3_organized_puncta,13,5500000124_63x_20190620_Capture1-Capture1-B2[144]Montage-3
2517,1496,432,C3_organized_puncta,13,5500000124_63x_20190620_Capture1-Capture1-B2[144]Montage-3
2518,1509,437,C3_organized_puncta,13,5500000124_63x_20190620_Capture1-Capture1-B2[144]Montage-3
2519,1521,445,C3_organized_puncta,13,5500000124_63x_20190620_Capture1-Capture1-B2[144]Montage-3
2520,1212,833,C3_organized_puncta,13,5500000124_63x_20190620_Capture1-Capture1-B2[144]Montage-3
2521,1227,837,C3_organized_puncta,13,5500000124_63x_20190620_Capture1-Capture1-B2[144]Montage-3
2522,1245,846,C3_organized_puncta,13,5500000124_63x_20190620_Capture1-Capture1-B2[144]Montage-3
2523,1261,849,C3_organized_puncta,13,5500000124_63x_20190620_Capture1-Capture1-B2[144]Montage-3
2524,1275,859,C3_organized_puncta,13,5500000124_63x_20190620_Capture1-Capture1-B2[144]Montage-3
2525,734,599,C3_organized_puncta,13,5500000124_63x_20190620_Capture1-Capture1-B2[144]Montage-3
2526,747,594,C3_organized_puncta,13,5500000124_63x_20190620_Capture1-Capture1-B2[144]Montage-3
2527,761,594,C3_organized_puncta,13,5500000124_63x_20190620_Capture1-Capture1-B2[144]Montage-3
2528,774,592,C3_organized_puncta,13,5500000124_63x_20190620_Capture1-Capture1-B2[144]Montage-3
2529,792,582,C3_organized_puncta,13,5500000124_63x_20190620_Capture1-Capture1-B2[144]Montage-3
2530,816,573,C3_organized_puncta,13,5500000124_63x_20190620_Capture1-Capture1-B2[144]Montage-3
2531,758,615,C3_organized_puncta,13,5500000124_63x_20190620_Capture1-Capture1-B2[144]Montage-3
2532,772,612,C3_organized_puncta,13,5500000124_63x_20190620_Capture1-Capture1-B2[144]Montage-3
2533,787,601,C3_organized_puncta,13,5500000124_63x_20190620_Capture1-Capture1-B2[144]Montage-3
2534,800,590,C3_organized_puncta,13,5500000124_63x_20190620_Capture1-Capture1-B2[144]Montage-3
2535,801,808,C3_organized_puncta,13,5500000124_63x_20190620_Capture1-Capture1-B2[144]Montage-3
2536,827,796,C3_organized_puncta,13,5500000124_63x_20190620_Capture1-Capture1-B2[144]Montage-3
2537,842,788,C3_organized_puncta,13,5500000124_63x_20190620_Capture1-Capture1-B2[144]Montage-3
2538,870,779,C3_organized_puncta,13,5500000124_63x_20190620_Capture1-Capture1-B2[144]Montage-3
2539,884,777,C3_organized_puncta,13,5500000124_63x_20190620_Capture1-Capture1-B2[144]Montage-3
2540,899,773,C3_organized_puncta,13,5500000124_63x_20190620_Capture1-Capture1-B2[144]Montage-3
2541,913,769,C3_organized_puncta,13,5500000124_63x_20190620_Capture1-Capture1-B2[144]Montage-3
2542,682,1718,C3_organized_puncta,12,5500000124_63x_20190620_Capture1-Capture1-B2[144]Montage-10
2543,689,1702,C3_organized_puncta,12,5500000124_63x_20190620_Capture1-Capture1-B2[144]Montage-10
2544,697,1695,C3_organized_puncta,12,5500000124_63x_20190620_Capture1-Capture1-B2[144]Montage-10
2545,709,1676,C3_organized_puncta,12,5500000124_63x_20190620_Capture1-Capture1-B2[144]Montage-10
2546,679,1694,C3_organized_puncta,12,5500000124_63x_20190620_Capture1-Capture1-B2[144]Montage-10
2547,689,1682,C3_organized_puncta,12,5500000124_63x_20190620_Capture1-Capture1-B2[144]Montage-10
2548,703,1676,C3_organized_puncta,12,5500000124_63x_20190620_Capture1-Capture1-B2[144]Montage-10
2549,734,1661,C3_organized_puncta,12,5500000124_63x_20190620_Capture1-Capture1-B2[144]Montage-10
2550,738,1646,C3_organized_puncta,12,5500000124_63x_20190620_Capture1-Capture1-B2[144]Montage-10
2551,628,1715,C3_organized_puncta,12,5500000124_63x_20190620_Capture1-Capture1-B2[144]Montage-10
2552,651,1694,C3_organized_puncta,12,5500000124_63x_20190620_Capture1-Capture1-B2[144]Montage-10
2553,667,1672,C3_organized_puncta,12,5500000124_63x_20190620_Capture1-Capture1-B2[144]Montage-10
2554,677,1657,C3_organized_puncta,12,5500000124_63x_20190620_Capture1-Capture1-B2[144]Montage-10
2555,689,1635,C3_organized_puncta,12,5500000124_63x_20190620_Capture1-Capture1-B2[144]Montage-10
2556,591,1713,C3_organized_puncta,12,5500000124_63x_20190620_Capture1-Capture1-B2[144]Montage-10
2557,606,1699,C3_organized_puncta,12,5500000124_63x_20190620_Capture1-Capture1-B2[144]Montage-10
2558,615,1685,C3_organized_puncta,12,5500000124_63x_20190620_Capture1-Capture1-B2[144]Montage-10
2559,623,1673,C3_organized_puncta,12,5500000124_63x_20190620_Capture1-Capture1-B2[144]Montage-10
2560,639,1652,C3_organized_puncta,12,5500000124_63x_20190620_Capture1-Capture1-B2[144]Montage-10
2561,657,1632,C3_organized_puncta,12,5500000124_63x_20190620_Capture1-Capture1-B2[144]Montage-10
2562,670,1614,C3_organized_puncta,12,5500000124_63x_20190620_Capture1-Capture1-B2[144]Montage-10
2563,931,1398,C3_organized_puncta,12,5500000124_63x_20190620_Capture1-Capture1-B2[144]Montage-10
2564,964,1384,C3_organized_puncta,12,5500000124_63x_20190620_Capture1-Capture1-B2[144]Montage-10
2565,982,1366,C3_organized_puncta,12,5500000124_63x_20190620_Capture1-Capture1-B2[144]Montage-10
2566,998,1359,C3_organized_puncta,12,5500000124_63x_20190620_Capture1-Capture1-B2[144]Montage-10
2567,1016,1344,C3_organized_puncta,12,5500000124_63x_20190620_Capture1-Capture1-B2[144]Montage-10
2568,1037,1331,C3_organized_puncta,12,5500000124_63x_20190620_Capture1-Capture1-B2[144]Montage-10
2569,957,1284,C3_organized_puncta,12,5500000124_63x_20190620_Capture1-Capture1-B2[144]Montage-10
2570,975,1260,C3_organized_puncta,12,5500000124_63x_20190620_Capture1-Capture1-B2[144]Montage-10
2571,987,1241,C3_organized_puncta,12,5500000124_63x_20190620_Capture1-Capture1-B2[144]Montage-10
2572,1003,1232,C3_organized_puncta,12,5500000124_63x_20190620_Capture1-Capture1-B2[144]Montage-10
2573,1030,1203,C3_organized_puncta,12,5500000124_63x_20190620_Capture1-Capture1-B2[144]Montage-10
2574,1045,1183,C3_organized_puncta,12,5500000124_63x_20190620_Capture1-Capture1-B2[144]Montage-10
2575,960,1355,C3_organized_puncta,12,5500000124_63x_20190620_Capture1-Capture1-B2[144]Montage-10
2576,981,1337,C3_organized_puncta,12,5500000124_63x_20190620_Capture1-Capture1-B2[144]Montage-10
2577,1006,1319,C3_organized_puncta,12,5500000124_63x_20190620_Capture1-Capture1-B2[144]Montage-10
2578,1011,1298,C3_organized_puncta,12,5500000124_63x_20190620_Capture1-Capture1-B2[144]Montage-10
2579,1030,1274,C3_organized_puncta,12,5500000124_63x_20190620_Capture1-Capture1-B2[144]Montage-10
2580,1045,1262,C3_organized_puncta,12,5500000124_63x_20190620_Capture1-Capture1-B2[144]Montage-10
2581,1332,1086,C3_organized_puncta,12,5500000124_63x_20190620_Capture1-Capture1-B2[144]Montage-10
2582,1326,1101,C3_organized_puncta,12,5500000124_63x_20190620_Capture1-Capture1-B2[144]Montage-10
2583,1315,1125,C3_organized_puncta,12,5500000124_63x_20190620_Capture1-Capture1-B2[144]Montage-10
2584,1314,1148,C3_organized_puncta,12,5500000124_63x_20190620_Capture1-Capture1-B2[144]Montage-10
2585,1307,1162,C3_organized_puncta,12,5500000124_63x_20190620_Capture1-Capture1-B2[144]Montage-10
2586,1067,582,C3_organized_puncta,12,5500000124_63x_20190620_Capture1-Capture1-B2[144]Montage-10
2587,1079,593,C3_organized_puncta,12,5500000124_63x_20190620_Capture1-Capture1-B2[144]Montage-10
2588,1092,605,C3_organized_puncta,12,5500000124_63x_20190620_Capture1-Capture1-B2[144]Montage-10
2589,1100,622,C3_organized_puncta,12,5500000124_63x_20190620_Capture1-Capture1-B2[144]Montage-10
2590,1108,635,C3_organized_puncta,12,5500000124_63x_20190620_Capture1-Capture1-B2[144]Montage-10
2591,1122,652,C3_organized_puncta,12,5500000124_63x_20190620_Capture1-Capture1-B2[144]Montage-10
2592,1257,9,C3_organized_puncta,12,5500000124_63x_20190620_Capture1-Capture1-B2[144]Montage-10
2593,1249,28,C3_organized_puncta,12,5500000124_63x_20190620_Capture1-Capture1-B2[144]Montage-10
2594,1246,47,C3_organized_puncta,12,5500000124_63x_20190620_Capture1-Capture1-B2[144]Montage-10
2595,1243,61,C3_organized_puncta,12,5500000124_63x_20190620_Capture1-Capture1-B2[144]Montage-10
2596,1216,86,C3_organized_puncta,12,5500000124_63x_20190620_Capture1-Capture1-B2[144]Montage-10
2597,1204,97,C3_organized_puncta,12,5500000124_63x_20190620_Capture1-Capture1-B2[144]Montage-10
2598,1205,118,C3_organized_puncta,12,5500000124_63x_20190620_Capture1-Capture1-B2[144]Montage-10
2599,1200,128,C3_organized_puncta,12,5500000124_63x_20190620_Capture1-Capture1-B2[144]Montage-10
2600,1194,144,C3_organized_puncta,12,5500000124_63x_20190620_Capture1-Capture1-B2[144]Montage-10
2601,1188,164,C3_organized_puncta,12,5500000124_63x_20190620_Capture1-Capture1-B2[144]Montage-10
2602,1192,178,C3_organized_puncta,12,5500000124_63x_20190620_Capture1-Capture1-B2[144]Montage-10
2603,1195,197,C3_organized_puncta,12,5500000124_63x_20190620_Capture1-Capture1-B2[144]Montage-10
2604,1195,215,C3_organized_puncta,12,5500000124_63x_20190620_Capture1-Capture1-B2[144]Montage-10
2605,1137,116,C3_organized_puncta,12,5500000124_63x_20190620_Capture1-Capture1-B2[144]Montage-10
2606,1152,123,C3_organized_puncta,12,5500000124_63x_20190620_Capture1-Capture1-B2[144]Montage-10
2607,1163,133,C3_organized_puncta,12,5500000124_63x_20190620_Capture1-Capture1-B2[144]Montage-10
2608,1174,143,C3_organized_puncta,12,5500000124_63x_20190620_Capture1-Capture1-B2[144]Montage-10
2609,1167,99,C3_organized_puncta,12,5500000124_63x_20190620_Capture1-Capture1-B2[144]Montage-10
2610,1187,99,C3_organized_puncta,12,5500000124_63x_20190620_Capture1-Capture1-B2[144]Montage-10
2611,1252,80,C3_organized_puncta,12,5500000124_63x_20190620_Capture1-Capture1-B2[144]Montage-10
2612,1266,62,C3_organized_puncta,12,5500000124_63x_20190620_Capture1-Capture1-B2[144]Montage-10
2613,1279,56,C3_organized_puncta,12,5500000124_63x_20190620_Capture1-Capture1-B2[144]Montage-10
2614,485,304,C3_organized_puncta,17,5500000127_63x_20190620_Capture1-Capture1-B2[144]Montage-3
2615,490,322,C3_organized_puncta,17,5500000127_63x_20190620_Capture1-Capture1-B2[144]Montage-3
2616,494,337,C3_organized_puncta,17,5500000127_63x_20190620_Capture1-Capture1-B2[144]Montage-3
2617,499,352,C3_organized_puncta,17,5500000127_63x_20190620_Capture1-Capture1-B2[144]Montage-3
2618,502,371,C3_organized_puncta,17,5500000127_63x_20190620_Capture1-Capture1-B2[144]Montage-3
2619,508,388,C3_organized_puncta,17,5500000127_63x_20190620_Capture1-Capture1-B2[144]Montage-3
2620,513,402,C3_organized_puncta,17,5500000127_63x_20190620_Capture1-Capture1-B2[144]Montage-3
2621,515,419,C3_organized_puncta,17,5500000127_63x_20190620_Capture1-Capture1-B2[144]Montage-3
2622,521,433,C3_organized_puncta,17,5500000127_63x_20190620_Capture1-Capture1-B2[144]Montage-3
2623,363,43,C3_organized_puncta,17,5500000127_63x_20190620_Capture1-Capture1-B2[144]Montage-3
2624,363,77,C3_organized_puncta,17,5500000127_63x_20190620_Capture1-Capture1-B2[144]Montage-3
2625,363,58,C3_organized_puncta,17,5500000127_63x_20190620_Capture1-Capture1-B2[144]Montage-3
2626,361,99,C3_organized_puncta,17,5500000127_63x_20190620_Capture1-Capture1-B2[144]Montage-3
2627,362,121,C3_organized_puncta,17,5500000127_63x_20190620_Capture1-Capture1-B2[144]Montage-3
2628,17,421,C3_organized_puncta,17,5500000127_63x_20190620_Capture1-Capture1-B2[144]Montage-3
2629,29,437,C3_organized_puncta,17,5500000127_63x_20190620_Capture1-Capture1-B2[144]Montage-3
2630,36,455,C3_organized_puncta,17,5500000127_63x_20190620_Capture1-Capture1-B2[144]Montage-3
2631,41,470,C3_organized_puncta,17,5500000127_63x_20190620_Capture1-Capture1-B2[144]Montage-3
2632,46,498,C3_organized_puncta,17,5500000127_63x_20190620_Capture1-Capture1-B2[144]Montage-3
2633,311,851,C3_organized_puncta,17,5500000127_63x_20190620_Capture1-Capture1-B2[144]Montage-3
2634,335,871,C3_organized_puncta,17,5500000127_63x_20190620_Capture1-Capture1-B2[144]Montage-3
2635,343,900,C3_organized_puncta,17,5500000127_63x_20190620_Capture1-Capture1-B2[144]Montage-3
2636,353,925,C3_organized_puncta,17,5500000127_63x_20190620_Capture1-Capture1-B2[144]Montage-3
2637,545,1056,C3_organized_puncta,17,5500000127_63x_20190620_Capture1-Capture1-B2[144]Montage-3
2638,557,1074,C3_organized_puncta,17,5500000127_63x_20190620_Capture1-Capture1-B2[144]Montage-3
2639,558,1089,C3_organized_puncta,17,5500000127_63x_20190620_Capture1-Capture1-B2[144]Montage-3
2640,561,1118,C3_organized_puncta,17,5500000127_63x_20190620_Capture1-Capture1-B2[144]Montage-3
2641,812,1008,C3_organized_puncta,17,5500000127_63x_20190620_Capture1-Capture1-B2[144]Montage-3
2642,808,1028,C3_organized_puncta,17,5500000127_63x_20190620_Capture1-Capture1-B2[144]Montage-3
2643,800,1050,C3_organized_puncta,17,5500000127_63x_20190620_Capture1-Capture1-B2[144]Montage-3
2644,798,1068,C3_organized_puncta,17,5500000127_63x_20190620_Capture1-Capture1-B2[144]Montage-3
2645,884,953,C3_organized_puncta,17,5500000127_63x_20190620_Capture1-Capture1-B2[144]Montage-3
2646,879,978,C3_organized_puncta,17,5500000127_63x_20190620_Capture1-Capture1-B2[144]Montage-3
2647,871,992,C3_organized_puncta,17,5500000127_63x_20190620_Capture1-Capture1-B2[144]Montage-3
2648,864,1004,C3_organized_puncta,17,5500000127_63x_20190620_Capture1-Capture1-B2[144]Montage-3
2649,857,1025,C3_organized_puncta,17,5500000127_63x_20190620_Capture1-Capture1-B2[144]Montage-3
2650,853,1034,C3_organized_puncta,17,5500000127_63x_20190620_Capture1-Capture1-B2[144]Montage-3
2651,847,1051,C3_organized_puncta,17,5500000127_63x_20190620_Capture1-Capture1-B2[144]Montage-3
2652,837,1063,C3_organized_puncta,17,5500000127_63x_20190620_Capture1-Capture1-B2[144]Montage-3
2653,773,680,C3_organized_puncta,17,5500000127_63x_20190620_Capture1-Capture1-B2[144]Montage-3
2654,768,705,C3_organized_puncta,17,5500000127_63x_20190620_Capture1-Capture1-B2[144]Montage-3
2655,767,726,C3_organized_puncta,17,5500000127_63x_20190620_Capture1-Capture1-B2[144]Montage-3
2656,763,748,C3_organized_puncta,17,5500000127_63x_20190620_Capture1-Capture1-B2[144]Montage-3
2657,758,765,C3_organized_puncta,17,5500000127_63x_20190620_Capture1-Capture1-B2[144]Montage-3
2658,757,791,C3_organized_puncta,17,5500000127_63x_20190620_Capture1-Capture1-B2[144]Montage-3
2659,757,774,C3_organized_puncta,17,5500000127_63x_20190620_Capture1-Capture1-B2[144]Montage-3
2660,745,816,C3_organized_puncta,17,5500000127_63x_20190620_Capture1-Capture1-B2[144]Montage-3
2661,579,338,C3_organized_puncta,17,5500000127_63x_20190620_Capture1-Capture1-B2[144]Montage-3
2662,593,356,C3_organized_puncta,17,5500000127_63x_20190620_Capture1-Capture1-B2[144]Montage-3
2663,604,379,C3_organized_puncta,17,5500000127_63x_20190620_Capture1-Capture1-B2[144]Montage-3
2664,618,402,C3_organized_puncta,17,5500000127_63x_20190620_Capture1-Capture1-B2[144]Montage-3
2665,631,414,C3_organized_puncta,17,5500000127_63x_20190620_Capture1-Capture1-B2[144]Montage-3
2666,641,445,C3_organized_puncta,17,5500000127_63x_20190620_Capture1-Capture1-B2[144]Montage-3
2667,657,475,C3_organized_puncta,17,5500000127_63x_20190620_Capture1-Capture1-B2[144]Montage-3
2668,661,505,C3_organized_puncta,17,5500000127_63x_20190620_Capture1-Capture1-B2[144]Montage-3
2669,664,532,C3_organized_puncta,17,5500000127_63x_20190620_Capture1-Capture1-B2[144]Montage-3
2670,673,553,C3_organized_puncta,17,5500000127_63x_20190620_Capture1-Capture1-B2[144]Montage-3
2671,679,576,C3_organized_puncta,17,5500000127_63x_20190620_Capture1-Capture1-B2[144]Montage-3
2672,688,598,C3_organized_puncta,17,5500000127_63x_20190620_Capture1-Capture1-B2[144]Montage-3
2673,696,620,C3_organized_puncta,17,5500000127_63x_20190620_Capture1-Capture1-B2[144]Montage-3
2674,685,403,C3_organized_puncta,17,5500000127_63x_20190620_Capture1-Capture1-B2[144]Montage-3
2675,685,421,C3_organized_puncta,17,5500000127_63x_20190620_Capture1-Capture1-B2[144]Montage-3
2676,694,443,C3_organized_puncta,17,5500000127_63x_20190620_Capture1-Capture1-B2[144]Montage-3
2677,695,465,C3_organized_puncta,17,5500000127_63x_20190620_Capture1-Capture1-B2[144]Montage-3
2678,703,498,C3_organized_puncta,17,5500000127_63x_20190620_Capture1-Capture1-B2[144]Montage-3
2679,706,519,C3_organized_puncta,17,5500000127_63x_20190620_Capture1-Capture1-B2[144]Montage-3
2680,714,540,C3_organized_puncta,17,5500000127_63x_20190620_Capture1-Capture1-B2[144]Montage-3
2681,721,560,C3_organized_puncta,17,5500000127_63x_20190620_Capture1-Capture1-B2[144]Montage-3
2682,726,584,C3_organized_puncta,17,5500000127_63x_20190620_Capture1-Capture1-B2[144]Montage-3
2683,731,610,C3_organized_puncta,17,5500000127_63x_20190620_Capture1-Capture1-B2[144]Montage-3
2684,893,210,C3_organized_puncta,17,5500000127_63x_20190620_Capture1-Capture1-B2[144]Montage-3
2685,893,238,C3_organized_puncta,17,5500000127_63x_20190620_Capture1-Capture1-B2[144]Montage-3
2686,893,270,C3_organized_puncta,17,5500000127_63x_20190620_Capture1-Capture1-B2[144]Montage-3
2687,894,331,C3_organized_puncta,17,5500000127_63x_20190620_Capture1-Capture1-B2[144]Montage-3
2688,902,354,C3_organized_puncta,17,5500000127_63x_20190620_Capture1-Capture1-B2[144]Montage-3
2689,960,469,C3_organized_puncta,17,5500000127_63x_20190620_Capture1-Capture1-B2[144]Montage-3
2690,960,493,C3_organized_puncta,17,5500000127_63x_20190620_Capture1-Capture1-B2[144]Montage-3
2691,957,514,C3_organized_puncta,17,5500000127_63x_20190620_Capture1-Capture1-B2[144]Montage-3
2692,954,534,C3_organized_puncta,17,5500000127_63x_20190620_Capture1-Capture1-B2[144]Montage-3
2693,951,558,C3_organized_puncta,17,5500000127_63x_20190620_Capture1-Capture1-B2[144]Montage-3
2694,951,587,C3_organized_puncta,17,5500000127_63x_20190620_Capture1-Capture1-B2[144]Montage-3
2695,952,609,C3_organized_puncta,17,5500000127_63x_20190620_Capture1-Capture1-B2[144]Montage-3
2696,952,627,C3_organized_puncta,17,5500000127_63x_20190620_Capture1-Capture1-B2[144]Montage-3
2697,954,649,C3_organized_puncta,17,5500000127_63x_20190620_Capture1-Capture1-B2[144]Montage-3
2698,957,671,C3_organized_puncta,17,5500000127_63x_20190620_Capture1-Capture1-B2[144]Montage-3
2699,1122,574,C3_organized_puncta,17,5500000127_63x_20190620_Capture1-Capture1-B2[144]Montage-3
2700,1115,608,C3_organized_puncta,17,5500000127_63x_20190620_Capture1-Capture1-B2[144]Montage-3
2701,1116,621,C3_organized_puncta,17,5500000127_63x_20190620_Capture1-Capture1-B2[144]Montage-3
2702,1116,658,C3_organized_puncta,17,5500000127_63x_20190620_Capture1-Capture1-B2[144]Montage-3
2703,1121,686,C3_organized_puncta,17,5500000127_63x_20190620_Capture1-Capture1-B2[144]Montage-3
2704,1127,706,C3_organized_puncta,17,5500000127_63x_20190620_Capture1-Capture1-B2[144]Montage-3
2705,1145,185,C3_organized_puncta,17,5500000127_63x_20190620_Capture1-Capture1-B2[144]Montage-3
2706,1148,202,C3_organized_puncta,17,5500000127_63x_20190620_Capture1-Capture1-B2[144]Montage-3
2707,1156,225,C3_organized_puncta,17,5500000127_63x_20190620_Capture1-Capture1-B2[144]Montage-3
2708,1167,246,C3_organized_puncta,17,5500000127_63x_20190620_Capture1-Capture1-B2[144]Montage-3
2709,1177,273,C3_organized_puncta,17,5500000127_63x_20190620_Capture1-Capture1-B2[144]Montage-3
2710,1182,286,C3_organized_puncta,17,5500000127_63x_20190620_Capture1-Capture1-B2[144]Montage-3
2711,1195,312,C3_organized_puncta,17,5500000127_63x_20190620_Capture1-Capture1-B2[144]Montage-3
2712,1201,331,C3_organized_puncta,17,5500000127_63x_20190620_Capture1-Capture1-B2[144]Montage-3
2713,1213,354,C3_organized_puncta,17,5500000127_63x_20190620_Capture1-Capture1-B2[144]Montage-3
2714,268,282,C3_organized_puncta,15,5500000127_63x_20190620_Capture1-Capture1-B2[144]Montage-10
2715,273,297,C3_organized_puncta,15,5500000127_63x_20190620_Capture1-Capture1-B2[144]Montage-10
2716,282,314,C3_organized_puncta,15,5500000127_63x_20190620_Capture1-Capture1-B2[144]Montage-10
2717,287,328,C3_organized_puncta,15,5500000127_63x_20190620_Capture1-Capture1-B2[144]Montage-10
2718,293,344,C3_organized_puncta,15,5500000127_63x_20190620_Capture1-Capture1-B2[144]Montage-10
2719,299,362,C3_organized_puncta,15,5500000127_63x_20190620_Capture1-Capture1-B2[144]Montage-10
2720,320,389,C3_organized_puncta,15,5500000127_63x_20190620_Capture1-Capture1-B2[144]Montage-10
2721,496,388,C3_organized_puncta,15,5500000127_63x_20190620_Capture1-Capture1-B2[144]Montage-10
2722,503,404,C3_organized_puncta,15,5500000127_63x_20190620_Capture1-Capture1-B2[144]Montage-10
2723,520,433,C3_organized_puncta,15,5500000127_63x_20190620_Capture1-Capture1-B2[144]Montage-10
2724,533,453,C3_organized_puncta,15,5500000127_63x_20190620_Capture1-Capture1-B2[144]Montage-10
2725,549,470,C3_organized_puncta,15,5500000127_63x_20190620_Capture1-Capture1-B2[144]Montage-10
2726,569,494,C3_organized_puncta,15,5500000127_63x_20190620_Capture1-Capture1-B2[144]Montage-10
2727,402,1309,C3_organized_puncta,15,5500000127_63x_20190620_Capture1-Capture1-B2[144]Montage-10
2728,399,1327,C3_organized_puncta,15,5500000127_63x_20190620_Capture1-Capture1-B2[144]Montage-10
2729,399,1345,C3_organized_puncta,15,5500000127_63x_20190620_Capture1-Capture1-B2[144]Montage-10
2730,402,1367,C3_organized_puncta,15,5500000127_63x_20190620_Capture1-Capture1-B2[144]Montage-10
2731,404,1391,C3_organized_puncta,15,5500000127_63x_20190620_Capture1-Capture1-B2[144]Montage-10
2732,426,1287,C3_organized_puncta,15,5500000127_63x_20190620_Capture1-Capture1-B2[144]Montage-10
2733,429,1313,C3_organized_puncta,15,5500000127_63x_20190620_Capture1-Capture1-B2[144]Montage-10
2734,429,1342,C3_organized_puncta,15,5500000127_63x_20190620_Capture1-Capture1-B2[144]Montage-10
2735,432,1367,C3_organized_puncta,15,5500000127_63x_20190620_Capture1-Capture1-B2[144]Montage-10
2736,438,1394,C3_organized_puncta,15,5500000127_63x_20190620_Capture1-Capture1-B2[144]Montage-10
2737,525,1438,C3_organized_puncta,15,5500000127_63x_20190620_Capture1-Capture1-B2[144]Montage-10
2738,533,1456,C3_organized_puncta,15,5500000127_63x_20190620_Capture1-Capture1-B2[144]Montage-10
2739,545,1479,C3_organized_puncta,15,5500000127_63x_20190620_Capture1-Capture1-B2[144]Montage-10
2740,551,1501,C3_organized_puncta,15,5500000127_63x_20190620_Capture1-Capture1-B2[144]Montage-10
2741,557,1517,C3_organized_puncta,15,5500000127_63x_20190620_Capture1-Capture1-B2[144]Montage-10
2742,564,1535,C3_organized_puncta,15,5500000127_63x_20190620_Capture1-Capture1-B2[144]Montage-10
2743,572,1539,C3_organized_puncta,15,5500000127_63x_20190620_Capture1-Capture1-B2[144]Montage-10
2744,446,1427,C3_organized_puncta,15,5500000127_63x_20190620_Capture1-Capture1-B2[144]Montage-10
2745,460,1440,C3_organized_puncta,15,5500000127_63x_20190620_Capture1-Capture1-B2[144]Montage-10
2746,466,1462,C3_organized_puncta,15,5500000127_63x_20190620_Capture1-Capture1-B2[144]Montage-10
2747,479,1477,C3_organized_puncta,15,5500000127_63x_20190620_Capture1-Capture1-B2[144]Montage-10
2748,484,1494,C3_organized_puncta,15,5500000127_63x_20190620_Capture1-Capture1-B2[144]Montage-10
2749,499,1520,C3_organized_puncta,15,5500000127_63x_20190620_Capture1-Capture1-B2[144]Montage-10
2750,507,1542,C3_organized_puncta,15,5500000127_63x_20190620_Capture1-Capture1-B2[144]Montage-10
2751,512,1555,C3_organized_puncta,15,5500000127_63x_20190620_Capture1-Capture1-B2[144]Montage-10
2752,520,1572,C3_organized_puncta,15,5500000127_63x_20190620_Capture1-Capture1-B2[144]Montage-10
2753,527,1588,C3_organized_puncta,15,5500000127_63x_20190620_Capture1-Capture1-B2[144]Montage-10
2754,684,809,C3_organized_puncta,15,5500000127_63x_20190620_Capture1-Capture1-B2[144]Montage-10
2755,701,822,C3_organized_puncta,15,5500000127_63x_20190620_Capture1-Capture1-B2[144]Montage-10
2756,722,832,C3_organized_puncta,15,5500000127_63x_20190620_Capture1-Capture1-B2[144]Montage-10
2757,740,849,C3_organized_puncta,15,5500000127_63x_20190620_Capture1-Capture1-B2[144]Montage-10
2758,751,864,C3_organized_puncta,15,5500000127_63x_20190620_Capture1-Capture1-B2[144]Montage-10
2759,768,875,C3_organized_puncta,15,5500000127_63x_20190620_Capture1-Capture1-B2[144]Montage-10
2760,794,892,C3_organized_puncta,15,5500000127_63x_20190620_Capture1-Capture1-B2[144]Montage-10
2761,809,908,C3_organized_puncta,15,5500000127_63x_20190620_Capture1-Capture1-B2[144]Montage-10
2762,817,919,C3_organized_puncta,15,5500000127_63x_20190620_Capture1-Capture1-B2[144]Montage-10
2763,685,781,C3_organized_puncta,15,5500000127_63x_20190620_Capture1-Capture1-B2[144]Montage-10
2764,694,789,C3_organized_puncta,15,5500000127_63x_20190620_Capture1-Capture1-B2[144]Montage-10
2765,714,814,C3_organized_puncta,15,5500000127_63x_20190620_Capture1-Capture1-B2[144]Montage-10
2766,863,791,C3_organized_puncta,15,5500000127_63x_20190620_Capture1-Capture1-B2[144]Montage-10
2767,878,802,C3_organized_puncta,15,5500000127_63x_20190620_Capture1-Capture1-B2[144]Montage-10
2768,896,828,C3_organized_puncta,15,5500000127_63x_20190620_Capture1-Capture1-B2[144]Montage-10
2769,913,839,C3_organized_puncta,15,5500000127_63x_20190620_Capture1-Capture1-B2[144]Montage-10
2770,932,854,C3_organized_puncta,15,5500000127_63x_20190620_Capture1-Capture1-B2[144]Montage-10
2771,946,871,C3_organized_puncta,15,5500000127_63x_20190620_Capture1-Capture1-B2[144]Montage-10
2772,954,884,C3_organized_puncta,15,5500000127_63x_20190620_Capture1-Capture1-B2[144]Montage-10
2773,992,719,C3_organized_puncta,15,5500000127_63x_20190620_Capture1-Capture1-B2[144]Montage-10
2774,1007,735,C3_organized_puncta,15,5500000127_63x_20190620_Capture1-Capture1-B2[144]Montage-10
2775,1021,746,C3_organized_puncta,15,5500000127_63x_20190620_Capture1-Capture1-B2[144]Montage-10
2776,1031,758,C3_organized_puncta,15,5500000127_63x_20190620_Capture1-Capture1-B2[144]Montage-10
2777,1043,765,C3_organized_puncta,15,5500000127_63x_20190620_Capture1-Capture1-B2[144]Montage-10
2778,1058,779,C3_organized_puncta,15,5500000127_63x_20190620_Capture1-Capture1-B2[144]Montage-10
2779,1070,792,C3_organized_puncta,15,5500000127_63x_20190620_Capture1-Capture1-B2[144]Montage-10
2780,1077,801,C3_organized_puncta,15,5500000127_63x_20190620_Capture1-Capture1-B2[144]Montage-10
2781,999,1626,C3_organized_puncta,15,5500000127_63x_20190620_Capture1-Capture1-B2[144]Montage-10
2782,1023,1644,C3_organized_puncta,15,5500000127_63x_20190620_Capture1-Capture1-B2[144]Montage-10
2783,1035,1657,C3_organized_puncta,15,5500000127_63x_20190620_Capture1-Capture1-B2[144]Montage-10
2784,1049,1661,C3_organized_puncta,15,5500000127_63x_20190620_Capture1-Capture1-B2[144]Montage-10
2785,981,1636,C3_organized_puncta,15,5500000127_63x_20190620_Capture1-Capture1-B2[144]Montage-10
2786,993,1651,C3_organized_puncta,15,5500000127_63x_20190620_Capture1-Capture1-B2[144]Montage-10
2787,1007,1663,C3_organized_puncta,15,5500000127_63x_20190620_Capture1-Capture1-B2[144]Montage-10
2788,1019,1681,C3_organized_puncta,15,5500000127_63x_20190620_Capture1-Capture1-B2[144]Montage-10
2789,331,862,C3_organized_puncta,16,5500000127_63x_20190620_Capture1-Capture1-B2[144]Montage-11
2790,353,854,C3_organized_puncta,16,5500000127_63x_20190620_Capture1-Capture1-B2[144]Montage-11
2791,370,846,C3_organized_puncta,16,5500000127_63x_20190620_Capture1-Capture1-B2[144]Montage-11
2792,391,846,C3_organized_puncta,16,5500000127_63x_20190620_Capture1-Capture1-B2[144]Montage-11
2793,417,841,C3_organized_puncta,16,5500000127_63x_20190620_Capture1-Capture1-B2[144]Montage-11
2794,432,841,C3_organized_puncta,16,5500000127_63x_20190620_Capture1-Capture1-B2[144]Montage-11
2795,454,845,C3_organized_puncta,16,5500000127_63x_20190620_Capture1-Capture1-B2[144]Montage-11
2796,481,838,C3_organized_puncta,16,5500000127_63x_20190620_Capture1-Capture1-B2[144]Montage-11
2797,497,838,C3_organized_puncta,16,5500000127_63x_20190620_Capture1-Capture1-B2[144]Montage-11
2798,523,838,C3_organized_puncta,16,5500000127_63x_20190620_Capture1-Capture1-B2[144]Montage-11
2799,533,838,C3_organized_puncta,16,5500000127_63x_20190620_Capture1-Capture1-B2[144]Montage-11
2800,574,839,C3_organized_puncta,16,5500000127_63x_20190620_Capture1-Capture1-B2[144]Montage-11
2801,620,833,C3_organized_puncta,16,5500000127_63x_20190620_Capture1-Capture1-B2[144]Montage-11
2802,652,835,C3_organized_puncta,16,5500000127_63x_20190620_Capture1-Capture1-B2[144]Montage-11
2803,687,827,C3_organized_puncta,16,5500000127_63x_20190620_Capture1-Capture1-B2[144]Montage-11
2804,712,825,C3_organized_puncta,16,5500000127_63x_20190620_Capture1-Capture1-B2[144]Montage-11
2805,734,815,C3_organized_puncta,16,5500000127_63x_20190620_Capture1-Capture1-B2[144]Montage-11
2806,767,805,C3_organized_puncta,16,5500000127_63x_20190620_Capture1-Capture1-B2[144]Montage-11
2807,348,886,C3_organized_puncta,16,5500000127_63x_20190620_Capture1-Capture1-B2[144]Montage-11
2808,366,886,C3_organized_puncta,16,5500000127_63x_20190620_Capture1-Capture1-B2[144]Montage-11
2809,390,881,C3_organized_puncta,16,5500000127_63x_20190620_Capture1-Capture1-B2[144]Montage-11
2810,412,878,C3_organized_puncta,16,5500000127_63x_20190620_Capture1-Capture1-B2[144]Montage-11
2811,434,877,C3_organized_puncta,16,5500000127_63x_20190620_Capture1-Capture1-B2[144]Montage-11
2812,471,878,C3_organized_puncta,16,5500000127_63x_20190620_Capture1-Capture1-B2[144]Montage-11
2813,524,886,C3_organized_puncta,16,5500000127_63x_20190620_Capture1-Capture1-B2[144]Montage-11
2814,275,936,C3_organized_puncta,16,5500000127_63x_20190620_Capture1-Capture1-B2[144]Montage-11
2815,293,934,C3_organized_puncta,16,5500000127_63x_20190620_Capture1-Capture1-B2[144]Montage-11
2816,311,926,C3_organized_puncta,16,5500000127_63x_20190620_Capture1-Capture1-B2[144]Montage-11
2817,350,913,C3_organized_puncta,16,5500000127_63x_20190620_Capture1-Capture1-B2[144]Montage-11
2818,368,914,C3_organized_puncta,16,5500000127_63x_20190620_Capture1-Capture1-B2[144]Montage-11
2819,391,910,C3_organized_puncta,16,5500000127_63x_20190620_Capture1-Capture1-B2[144]Montage-11
2820,410,908,C3_organized_puncta,16,5500000127_63x_20190620_Capture1-Capture1-B2[144]Montage-11
2821,433,906,C3_organized_puncta,16,5500000127_63x_20190620_Capture1-Capture1-B2[144]Montage-11
2822,455,901,C3_organized_puncta,16,5500000127_63x_20190620_Capture1-Capture1-B2[144]Montage-11
2823,477,901,C3_organized_puncta,16,5500000127_63x_20190620_Capture1-Capture1-B2[144]Montage-11
2824,471,947,C3_organized_puncta,16,5500000127_63x_20190620_Capture1-Capture1-B2[144]Montage-11
2825,485,941,C3_organized_puncta,16,5500000127_63x_20190620_Capture1-Capture1-B2[144]Montage-11
2826,502,940,C3_organized_puncta,16,5500000127_63x_20190620_Capture1-Capture1-B2[144]Montage-11
2827,525,937,C3_organized_puncta,16,5500000127_63x_20190620_Capture1-Capture1-B2[144]Montage-11
2828,387,1184,C3_organized_puncta,16,5500000127_63x_20190620_Capture1-Capture1-B2[144]Montage-11
2829,408,1193,C3_organized_puncta,16,5500000127_63x_20190620_Capture1-Capture1-B2[144]Montage-11
2830,430,1199,C3_organized_puncta,16,5500000127_63x_20190620_Capture1-Capture1-B2[144]Montage-11
2831,446,1214,C3_organized_puncta,16,5500000127_63x_20190620_Capture1-Capture1-B2[144]Montage-11
2832,469,1223,C3_organized_puncta,16,5500000127_63x_20190620_Capture1-Capture1-B2[144]Montage-11
2833,452,1199,C3_organized_puncta,16,5500000127_63x_20190620_Capture1-Capture1-B2[144]Montage-11
2834,481,1210,C3_organized_puncta,16,5500000127_63x_20190620_Capture1-Capture1-B2[144]Montage-11
2835,578,1226,C3_organized_puncta,16,5500000127_63x_20190620_Capture1-Capture1-B2[144]Montage-11
2836,599,1218,C3_organized_puncta,16,5500000127_63x_20190620_Capture1-Capture1-B2[144]Montage-11
2837,614,1216,C3_organized_puncta,16,5500000127_63x_20190620_Capture1-Capture1-B2[144]Montage-11
2838,627,1211,C3_organized_puncta,16,5500000127_63x_20190620_Capture1-Capture1-B2[144]Montage-11
2839,649,1204,C3_organized_puncta,16,5500000127_63x_20190620_Capture1-Capture1-B2[144]Montage-11
2840,669,1204,C3_organized_puncta,16,5500000127_63x_20190620_Capture1-Capture1-B2[144]Montage-11
2841,693,1199,C3_organized_puncta,16,5500000127_63x_20190620_Capture1-Capture1-B2[144]Montage-11
2842,713,1195,C3_organized_puncta,16,5500000127_63x_20190620_Capture1-Capture1-B2[144]Montage-11
2843,732,1195,C3_organized_puncta,16,5500000127_63x_20190620_Capture1-Capture1-B2[144]Montage-11
2844,745,1191,C3_organized_puncta,16,5500000127_63x_20190620_Capture1-Capture1-B2[144]Montage-11
2845,722,1160,C3_organized_puncta,16,5500000127_63x_20190620_Capture1-Capture1-B2[144]Montage-11
2846,660,1172,C3_organized_puncta,16,5500000127_63x_20190620_Capture1-Capture1-B2[144]Montage-11
2847,675,1172,C3_organized_puncta,16,5500000127_63x_20190620_Capture1-Capture1-B2[144]Montage-11
2848,694,1168,C3_organized_puncta,16,5500000127_63x_20190620_Capture1-Capture1-B2[144]Montage-11
2849,705,1165,C3_organized_puncta,16,5500000127_63x_20190620_Capture1-Capture1-B2[144]Montage-11
2850,744,1155,C3_organized_puncta,16,5500000127_63x_20190620_Capture1-Capture1-B2[144]Montage-11
2851,758,1154,C3_organized_puncta,16,5500000127_63x_20190620_Capture1-Capture1-B2[144]Montage-11
2852,780,1153,C3_organized_puncta,16,5500000127_63x_20190620_Capture1-Capture1-B2[144]Montage-11
2853,794,1149,C3_organized_puncta,16,5500000127_63x_20190620_Capture1-Capture1-B2[144]Montage-11
2854,815,1147,C3_organized_puncta,16,5500000127_63x_20190620_Capture1-Capture1-B2[144]Montage-11
2855,834,1143,C3_organized_puncta,16,5500000127_63x_20190620_Capture1-Capture1-B2[144]Montage-11
2856,855,1137,C3_organized_puncta,16,5500000127_63x_20190620_Capture1-Capture1-B2[144]Montage-11
2857,876,1137,C3_organized_puncta,16,5500000127_63x_20190620_Capture1-Capture1-B2[144]Montage-11
2858,903,1132,C3_organized_puncta,16,5500000127_63x_20190620_Capture1-Capture1-B2[144]Montage-11
2859,931,1130,C3_organized_puncta,16,5500000127_63x_20190620_Capture1-Capture1-B2[144]Montage-11
2860,949,1127,C3_organized_puncta,16,5500000127_63x_20190620_Capture1-Capture1-B2[144]Montage-11
2861,975,1119,C3_organized_puncta,16,5500000127_63x_20190620_Capture1-Capture1-B2[144]Montage-11
2862,995,1117,C3_organized_puncta,16,5500000127_63x_20190620_Capture1-Capture1-B2[144]Montage-11
2863,1029,1113,C3_organized_puncta,16,5500000127_63x_20190620_Capture1-Capture1-B2[144]Montage-11
2864,1052,1108,C3_organized_puncta,16,5500000127_63x_20190620_Capture1-Capture1-B2[144]Montage-11
2865,1073,1106,C3_organized_puncta,16,5500000127_63x_20190620_Capture1-Capture1-B2[144]Montage-11
2866,1090,1105,C3_organized_puncta,16,5500000127_63x_20190620_Capture1-Capture1-B2[144]Montage-11
2867,1104,1104,C3_organized_puncta,16,5500000127_63x_20190620_Capture1-Capture1-B2[144]Montage-11
2868,1125,1093,C3_organized_puncta,16,5500000127_63x_20190620_Capture1-Capture1-B2[144]Montage-11
2869,1146,1096,C3_organized_puncta,16,5500000127_63x_20190620_Capture1-Capture1-B2[144]Montage-11
2870,773,1187,C3_organized_puncta,16,5500000127_63x_20190620_Capture1-Capture1-B2[144]Montage-11
2871,812,1181,C3_organized_puncta,16,5500000127_63x_20190620_Capture1-Capture1-B2[144]Montage-11
2872,851,1178,C3_organized_puncta,16,5500000127_63x_20190620_Capture1-Capture1-B2[144]Montage-11
2873,873,1172,C3_organized_puncta,16,5500000127_63x_20190620_Capture1-Capture1-B2[144]Montage-11
2874,907,1165,C3_organized_puncta,16,5500000127_63x_20190620_Capture1-Capture1-B2[144]Montage-11
2875,927,1166,C3_organized_puncta,16,5500000127_63x_20190620_Capture1-Capture1-B2[144]Montage-11
2876,950,1161,C3_organized_puncta,16,5500000127_63x_20190620_Capture1-Capture1-B2[144]Montage-11
2877,970,1155,C3_organized_puncta,16,5500000127_63x_20190620_Capture1-Capture1-B2[144]Montage-11
2878,993,1148,C3_organized_puncta,16,5500000127_63x_20190620_Capture1-Capture1-B2[144]Montage-11
2879,1022,1147,C3_organized_puncta,16,5500000127_63x_20190620_Capture1-Capture1-B2[144]Montage-11
2880,1039,1147,C3_organized_puncta,16,5500000127_63x_20190620_Capture1-Capture1-B2[144]Montage-11
2881,1061,1142,C3_organized_puncta,16,5500000127_63x_20190620_Capture1-Capture1-B2[144]Montage-11
2882,864,1236,C3_organized_puncta,16,5500000127_63x_20190620_Capture1-Capture1-B2[144]Montage-11
2883,885,1233,C3_organized_puncta,16,5500000127_63x_20190620_Capture1-Capture1-B2[144]Montage-11
2884,898,1233,C3_organized_puncta,16,5500000127_63x_20190620_Capture1-Capture1-B2[144]Montage-11
2885,918,1229,C3_organized_puncta,16,5500000127_63x_20190620_Capture1-Capture1-B2[144]Montage-11
2886,939,1226,C3_organized_puncta,16,5500000127_63x_20190620_Capture1-Capture1-B2[144]Montage-11
2887,957,1223,C3_organized_puncta,16,5500000127_63x_20190620_Capture1-Capture1-B2[144]Montage-11
2888,933,1093,C3_organized_puncta,16,5500000127_63x_20190620_Capture1-Capture1-B2[144]Montage-11
2889,950,1092,C3_organized_puncta,16,5500000127_63x_20190620_Capture1-Capture1-B2[144]Montage-11
2890,968,1088,C3_organized_puncta,16,5500000127_63x_20190620_Capture1-Capture1-B2[144]Montage-11
2891,981,1088,C3_organized_puncta,16,5500000127_63x_20190620_Capture1-Capture1-B2[144]Montage-11
2892,1007,1087,C3_organized_puncta,16,5500000127_63x_20190620_Capture1-Capture1-B2[144]Montage-11
2893,1022,1086,C3_organized_puncta,16,5500000127_63x_20190620_Capture1-Capture1-B2[144]Montage-11
2894,1046,1081,C3_organized_puncta,16,5500000127_63x_20190620_Capture1-Capture1-B2[144]Montage-11
2895,1067,1080,C3_organized_puncta,16,5500000127_63x_20190620_Capture1-Capture1-B2[144]Montage-11
2896,1096,1080,C3_organized_puncta,16,5500000127_63x_20190620_Capture1-Capture1-B2[144]Montage-11
2897,1118,1081,C3_organized_puncta,16,5500000127_63x_20190620_Capture1-Capture1-B2[144]Montage-11
2898,1142,1083,C3_organized_puncta,16,5500000127_63x_20190620_Capture1-Capture1-B2[144]Montage-11
2899,1171,1082,C3_organized_puncta,16,5500000127_63x_20190620_Capture1-Capture1-B2[144]Montage-11
2900,1195,1080,C3_organized_puncta,16,5500000127_63x_20190620_Capture1-Capture1-B2[144]Montage-11
2901,1218,1072,C3_organized_puncta,16,5500000127_63x_20190620_Capture1-Capture1-B2[144]Montage-11
2902,1235,1072,C3_organized_puncta,16,5500000127_63x_20190620_Capture1-Capture1-B2[144]Montage-11
2903,1252,1070,C3_organized_puncta,16,5500000127_63x_20190620_Capture1-Capture1-B2[144]Montage-11
2904,1264,1070,C3_organized_puncta,16,5500000127_63x_20190620_Capture1-Capture1-B2[144]Montage-11
2905,579,986,C3_organized_puncta,16,5500000127_63x_20190620_Capture1-Capture1-B2[144]Montage-11
2906,598,983,C3_organized_puncta,16,5500000127_63x_20190620_Capture1-Capture1-B2[144]Montage-11
2907,620,986,C3_organized_puncta,16,5500000127_63x_20190620_Capture1-Capture1-B2[144]Montage-11
2908,631,993,C3_organized_puncta,16,5500000127_63x_20190620_Capture1-Capture1-B2[144]Montage-11
2909,1066,1596,C3_organized_puncta,16,5500000127_63x_20190620_Capture1-Capture1-B2[144]Montage-11
2910,1086,1588,C3_organized_puncta,16,5500000127_63x_20190620_Capture1-Capture1-B2[144]Montage-11
2911,1102,1587,C3_organized_puncta,16,5500000127_63x_20190620_Capture1-Capture1-B2[144]Montage-11
2912,1118,1578,C3_organized_puncta,16,5500000127_63x_20190620_Capture1-Capture1-B2[144]Montage-11
2913,1137,1574,C3_organized_puncta,16,5500000127_63x_20190620_Capture1-Capture1-B2[144]Montage-11
2914,1156,1562,C3_organized_puncta,16,5500000127_63x_20190620_Capture1-Capture1-B2[144]Montage-11
2915,1166,1561,C3_organized_puncta,16,5500000127_63x_20190620_Capture1-Capture1-B2[144]Montage-11
2916,1189,1554,C3_organized_puncta,16,5500000127_63x_20190620_Capture1-Capture1-B2[144]Montage-11
2917,783,397,C4_organized_z_disks,4,5500000105_63x_20190528_Capture1-Capture1-C2[144]Montage-3
2918,795,383,C4_organized_z_disks,4,5500000105_63x_20190528_Capture1-Capture1-C2[144]Montage-3
2919,807,360,C4_organized_z_disks,4,5500000105_63x_20190528_Capture1-Capture1-C2[144]Montage-3
2920,816,344,C4_organized_z_disks,4,5500000105_63x_20190528_Capture1-Capture1-C2[144]Montage-3
2921,829,328,C4_organized_z_disks,4,5500000105_63x_20190528_Capture1-Capture1-C2[144]Montage-3
2922,842,315,C4_organized_z_disks,4,5500000105_63x_20190528_Capture1-Capture1-C2[144]Montage-3
2923,897,617,C4_organized_z_disks,4,5500000105_63x_20190528_Capture1-Capture1-C2[144]Montage-3
2924,914,613,C4_organized_z_disks,4,5500000105_63x_20190528_Capture1-Capture1-C2[144]Montage-3
2925,936,612,C4_organized_z_disks,4,5500000105_63x_20190528_Capture1-Capture1-C2[144]Montage-3
2926,969,603,C4_organized_z_disks,4,5500000105_63x_20190528_Capture1-Capture1-C2[144]Montage-3
2927,984,602,C4_organized_z_disks,4,5500000105_63x_20190528_Capture1-Capture1-C2[144]Montage-3
2928,1003,592,C4_organized_z_disks,4,5500000105_63x_20190528_Capture1-Capture1-C2[144]Montage-3
2929,711,395,C4_organized_z_disks,4,5500000105_63x_20190528_Capture1-Capture1-C2[144]Montage-3
2930,723,383,C4_organized_z_disks,4,5500000105_63x_20190528_Capture1-Capture1-C2[144]Montage-3
2931,734,368,C4_organized_z_disks,4,5500000105_63x_20190528_Capture1-Capture1-C2[144]Montage-3
2932,745,355,C4_organized_z_disks,4,5500000105_63x_20190528_Capture1-Capture1-C2[144]Montage-3
2933,754,337,C4_organized_z_disks,4,5500000105_63x_20190528_Capture1-Capture1-C2[144]Montage-3
2934,138,944,C4_organized_z_disks,4,5500000105_63x_20190528_Capture1-Capture1-C2[144]Montage-3
2935,154,935,C4_organized_z_disks,4,5500000105_63x_20190528_Capture1-Capture1-C2[144]Montage-3
2936,169,925,C4_organized_z_disks,4,5500000105_63x_20190528_Capture1-Capture1-C2[144]Montage-3
2937,185,922,C4_organized_z_disks,4,5500000105_63x_20190528_Capture1-Capture1-C2[144]Montage-3
2938,200,913,C4_organized_z_disks,4,5500000105_63x_20190528_Capture1-Capture1-C2[144]Montage-3
2939,219,915,C4_organized_z_disks,4,5500000105_63x_20190528_Capture1-Capture1-C2[144]Montage-3
2940,235,910,C4_organized_z_disks,4,5500000105_63x_20190528_Capture1-Capture1-C2[144]Montage-3
2941,250,908,C4_organized_z_disks,4,5500000105_63x_20190528_Capture1-Capture1-C2[144]Montage-3
2942,252,1125,C4_organized_z_disks,4,5500000105_63x_20190528_Capture1-Capture1-C2[144]Montage-3
2943,266,1119,C4_organized_z_disks,4,5500000105_63x_20190528_Capture1-Capture1-C2[144]Montage-3
2944,284,1108,C4_organized_z_disks,4,5500000105_63x_20190528_Capture1-Capture1-C2[144]Montage-3
2945,300,1099,C4_organized_z_disks,4,5500000105_63x_20190528_Capture1-Capture1-C2[144]Montage-3
2946,319,1080,C4_organized_z_disks,4,5500000105_63x_20190528_Capture1-Capture1-C2[144]Montage-3
2947,334,1075,C4_organized_z_disks,4,5500000105_63x_20190528_Capture1-Capture1-C2[144]Montage-3
2948,359,1064,C4_organized_z_disks,4,5500000105_63x_20190528_Capture1-Capture1-C2[144]Montage-3
2949,893,563,C4_organized_z_disks,4,5500000105_63x_20190528_Capture1-Capture1-C2[144]Montage-3
2950,906,552,C4_organized_z_disks,4,5500000105_63x_20190528_Capture1-Capture1-C2[144]Montage-3
2951,917,545,C4_organized_z_disks,4,5500000105_63x_20190528_Capture1-Capture1-C2[144]Montage-3
2952,930,537,C4_organized_z_disks,4,5500000105_63x_20190528_Capture1-Capture1-C2[144]Montage-3
2953,944,530,C4_organized_z_disks,4,5500000105_63x_20190528_Capture1-Capture1-C2[144]Montage-3
2954,952,564,C4_organized_z_disks,4,5500000105_63x_20190528_Capture1-Capture1-C2[144]Montage-3
2955,966,561,C4_organized_z_disks,4,5500000105_63x_20190528_Capture1-Capture1-C2[144]Montage-3
2956,977,547,C4_organized_z_disks,4,5500000105_63x_20190528_Capture1-Capture1-C2[144]Montage-3
2957,993,545,C4_organized_z_disks,4,5500000105_63x_20190528_Capture1-Capture1-C2[144]Montage-3
2958,1139,608,C4_organized_z_disks,5,5500000105_63x_20190528_Capture1-Capture1-C2[144]Montage-4
2959,1150,594,C4_organized_z_disks,5,5500000105_63x_20190528_Capture1-Capture1-C2[144]Montage-4
2960,1161,578,C4_organized_z_disks,5,5500000105_63x_20190528_Capture1-Capture1-C2[144]Montage-4
2961,1172,566,C4_organized_z_disks,5,5500000105_63x_20190528_Capture1-Capture1-C2[144]Montage-4
2962,1183,550,C4_organized_z_disks,5,5500000105_63x_20190528_Capture1-Capture1-C2[144]Montage-4
2963,1194,538,C4_organized_z_disks,5,5500000105_63x_20190528_Capture1-Capture1-C2[144]Montage-4
2964,1206,519,C4_organized_z_disks,5,5500000105_63x_20190528_Capture1-Capture1-C2[144]Montage-4
2965,1217,510,C4_organized_z_disks,5,5500000105_63x_20190528_Capture1-Capture1-C2[144]Montage-4
2966,1002,441,C4_organized_z_disks,5,5500000105_63x_20190528_Capture1-Capture1-C2[144]Montage-4
2967,1011,427,C4_organized_z_disks,5,5500000105_63x_20190528_Capture1-Capture1-C2[144]Montage-4
2968,1032,421,C4_organized_z_disks,5,5500000105_63x_20190528_Capture1-Capture1-C2[144]Montage-4
2969,1048,407,C4_organized_z_disks,5,5500000105_63x_20190528_Capture1-Capture1-C2[144]Montage-4
2970,1059,396,C4_organized_z_disks,5,5500000105_63x_20190528_Capture1-Capture1-C2[144]Montage-4
2971,1075,387,C4_organized_z_disks,5,5500000105_63x_20190528_Capture1-Capture1-C2[144]Montage-4
2972,1090,378,C4_organized_z_disks,5,5500000105_63x_20190528_Capture1-Capture1-C2[144]Montage-4
2973,1109,367,C4_organized_z_disks,5,5500000105_63x_20190528_Capture1-Capture1-C2[144]Montage-4
2974,1123,355,C4_organized_z_disks,5,5500000105_63x_20190528_Capture1-Capture1-C2[144]Montage-4
2975,1144,345,C4_organized_z_disks,5,5500000105_63x_20190528_Capture1-Capture1-C2[144]Montage-4
2976,1159,336,C4_organized_z_disks,5,5500000105_63x_20190528_Capture1-Capture1-C2[144]Montage-4
2977,1170,324,C4_organized_z_disks,5,5500000105_63x_20190528_Capture1-Capture1-C2[144]Montage-4
2978,1198,324,C4_organized_z_disks,5,5500000105_63x_20190528_Capture1-Capture1-C2[144]Montage-4
2979,1213,312,C4_organized_z_disks,5,5500000105_63x_20190528_Capture1-Capture1-C2[144]Montage-4
2980,443,813,C4_organized_z_disks,5,5500000105_63x_20190528_Capture1-Capture1-C2[144]Montage-4
2981,462,807,C4_organized_z_disks,5,5500000105_63x_20190528_Capture1-Capture1-C2[144]Montage-4
2982,484,803,C4_organized_z_disks,5,5500000105_63x_20190528_Capture1-Capture1-C2[144]Montage-4
2983,498,796,C4_organized_z_disks,5,5500000105_63x_20190528_Capture1-Capture1-C2[144]Montage-4
2984,512,788,C4_organized_z_disks,5,5500000105_63x_20190528_Capture1-Capture1-C2[144]Montage-4
2985,527,781,C4_organized_z_disks,5,5500000105_63x_20190528_Capture1-Capture1-C2[144]Montage-4
2986,542,768,C4_organized_z_disks,5,5500000105_63x_20190528_Capture1-Capture1-C2[144]Montage-4
2987,557,759,C4_organized_z_disks,5,5500000105_63x_20190528_Capture1-Capture1-C2[144]Montage-4
2988,571,749,C4_organized_z_disks,5,5500000105_63x_20190528_Capture1-Capture1-C2[144]Montage-4
2989,582,740,C4_organized_z_disks,5,5500000105_63x_20190528_Capture1-Capture1-C2[144]Montage-4
2990,597,729,C4_organized_z_disks,5,5500000105_63x_20190528_Capture1-Capture1-C2[144]Montage-4
2991,613,720,C4_organized_z_disks,5,5500000105_63x_20190528_Capture1-Capture1-C2[144]Montage-4
2992,628,715,C4_organized_z_disks,5,5500000105_63x_20190528_Capture1-Capture1-C2[144]Montage-4
2993,640,704,C4_organized_z_disks,5,5500000105_63x_20190528_Capture1-Capture1-C2[144]Montage-4
2994,653,699,C4_organized_z_disks,5,5500000105_63x_20190528_Capture1-Capture1-C2[144]Montage-4
2995,577,709,C4_organized_z_disks,5,5500000105_63x_20190528_Capture1-Capture1-C2[144]Montage-4
2996,592,695,C4_organized_z_disks,5,5500000105_63x_20190528_Capture1-Capture1-C2[144]Montage-4
2997,609,684,C4_organized_z_disks,5,5500000105_63x_20190528_Capture1-Capture1-C2[144]Montage-4
2998,624,673,C4_organized_z_disks,5,5500000105_63x_20190528_Capture1-Capture1-C2[144]Montage-4
2999,638,659,C4_organized_z_disks,5,5500000105_63x_20190528_Capture1-Capture1-C2[144]Montage-4
3000,658,649,C4_organized_z_disks,5,5500000105_63x_20190528_Capture1-Capture1-C2[144]Montage-4
3001,670,639,C4_organized_z_disks,5,5500000105_63x_20190528_Capture1-Capture1-C2[144]Montage-4
3002,684,627,C4_organized_z_disks,5,5500000105_63x_20190528_Capture1-Capture1-C2[144]Montage-4
3003,696,617,C4_organized_z_disks,5,5500000105_63x_20190528_Capture1-Capture1-C2[144]Montage-4
3004,708,605,C4_organized_z_disks,5,5500000105_63x_20190528_Capture1-Capture1-C2[144]Montage-4
3005,723,597,C4_organized_z_disks,5,5500000105_63x_20190528_Capture1-Capture1-C2[144]Montage-4
3006,733,586,C4_organized_z_disks,5,5500000105_63x_20190528_Capture1-Capture1-C2[144]Montage-4
3007,741,575,C4_organized_z_disks,5,5500000105_63x_20190528_Capture1-Capture1-C2[144]Montage-4
3008,603,623,C4_organized_z_disks,5,5500000105_63x_20190528_Capture1-Capture1-C2[144]Montage-4
3009,621,616,C4_organized_z_disks,5,5500000105_63x_20190528_Capture1-Capture1-C2[144]Montage-4
3010,636,605,C4_organized_z_disks,5,5500000105_63x_20190528_Capture1-Capture1-C2[144]Montage-4
3011,652,599,C4_organized_z_disks,5,5500000105_63x_20190528_Capture1-Capture1-C2[144]Montage-4
3012,666,591,C4_organized_z_disks,5,5500000105_63x_20190528_Capture1-Capture1-C2[144]Montage-4
3013,681,582,C4_organized_z_disks,5,5500000105_63x_20190528_Capture1-Capture1-C2[144]Montage-4
3014,695,575,C4_organized_z_disks,5,5500000105_63x_20190528_Capture1-Capture1-C2[144]Montage-4
3015,711,566,C4_organized_z_disks,5,5500000105_63x_20190528_Capture1-Capture1-C2[144]Montage-4
3016,730,561,C4_organized_z_disks,5,5500000105_63x_20190528_Capture1-Capture1-C2[144]Montage-4
3017,747,554,C4_organized_z_disks,5,5500000105_63x_20190528_Capture1-Capture1-C2[144]Montage-4
3018,758,541,C4_organized_z_disks,5,5500000105_63x_20190528_Capture1-Capture1-C2[144]Montage-4
3019,772,536,C4_organized_z_disks,5,5500000105_63x_20190528_Capture1-Capture1-C2[144]Montage-4
3020,570,478,C4_organized_z_disks,5,5500000105_63x_20190528_Capture1-Capture1-C2[144]Montage-4
3021,585,476,C4_organized_z_disks,5,5500000105_63x_20190528_Capture1-Capture1-C2[144]Montage-4
3022,600,470,C4_organized_z_disks,5,5500000105_63x_20190528_Capture1-Capture1-C2[144]Montage-4
3023,616,465,C4_organized_z_disks,5,5500000105_63x_20190528_Capture1-Capture1-C2[144]Montage-4
3024,632,461,C4_organized_z_disks,5,5500000105_63x_20190528_Capture1-Capture1-C2[144]Montage-4
3025,642,456,C4_organized_z_disks,5,5500000105_63x_20190528_Capture1-Capture1-C2[144]Montage-4
3026,659,449,C4_organized_z_disks,5,5500000105_63x_20190528_Capture1-Capture1-C2[144]Montage-4
3027,672,448,C4_organized_z_disks,5,5500000105_63x_20190528_Capture1-Capture1-C2[144]Montage-4
3028,688,445,C4_organized_z_disks,5,5500000105_63x_20190528_Capture1-Capture1-C2[144]Montage-4
3029,705,440,C4_organized_z_disks,5,5500000105_63x_20190528_Capture1-Capture1-C2[144]Montage-4
3030,719,437,C4_organized_z_disks,5,5500000105_63x_20190528_Capture1-Capture1-C2[144]Montage-4
3031,733,435,C4_organized_z_disks,5,5500000105_63x_20190528_Capture1-Capture1-C2[144]Montage-4
3032,747,423,C4_organized_z_disks,5,5500000105_63x_20190528_Capture1-Capture1-C2[144]Montage-4
3033,756,419,C4_organized_z_disks,5,5500000105_63x_20190528_Capture1-Capture1-C2[144]Montage-4
3034,772,409,C4_organized_z_disks,5,5500000105_63x_20190528_Capture1-Capture1-C2[144]Montage-4
3035,780,406,C4_organized_z_disks,5,5500000105_63x_20190528_Capture1-Capture1-C2[144]Montage-4
3036,801,403,C4_organized_z_disks,5,5500000105_63x_20190528_Capture1-Capture1-C2[144]Montage-4
3037,815,399,C4_organized_z_disks,5,5500000105_63x_20190528_Capture1-Capture1-C2[144]Montage-4
3038,831,395,C4_organized_z_disks,5,5500000105_63x_20190528_Capture1-Capture1-C2[144]Montage-4
3039,846,387,C4_organized_z_disks,5,5500000105_63x_20190528_Capture1-Capture1-C2[144]Montage-4
3040,863,384,C4_organized_z_disks,5,5500000105_63x_20190528_Capture1-Capture1-C2[144]Montage-4
3041,878,378,C4_organized_z_disks,5,5500000105_63x_20190528_Capture1-Capture1-C2[144]Montage-4
3042,610,513,C4_organized_z_disks,5,5500000105_63x_20190528_Capture1-Capture1-C2[144]Montage-4
3043,622,515,C4_organized_z_disks,5,5500000105_63x_20190528_Capture1-Capture1-C2[144]Montage-4
3044,646,504,C4_organized_z_disks,5,5500000105_63x_20190528_Capture1-Capture1-C2[144]Montage-4
3045,669,488,C4_organized_z_disks,5,5500000105_63x_20190528_Capture1-Capture1-C2[144]Montage-4
3046,686,485,C4_organized_z_disks,5,5500000105_63x_20190528_Capture1-Capture1-C2[144]Montage-4
3047,697,477,C4_organized_z_disks,5,5500000105_63x_20190528_Capture1-Capture1-C2[144]Montage-4
3048,714,474,C4_organized_z_disks,5,5500000105_63x_20190528_Capture1-Capture1-C2[144]Montage-4
3049,728,466,C4_organized_z_disks,5,5500000105_63x_20190528_Capture1-Capture1-C2[144]Montage-4
3050,744,460,C4_organized_z_disks,5,5500000105_63x_20190528_Capture1-Capture1-C2[144]Montage-4
3051,758,458,C4_organized_z_disks,5,5500000105_63x_20190528_Capture1-Capture1-C2[144]Montage-4
3052,775,449,C4_organized_z_disks,5,5500000105_63x_20190528_Capture1-Capture1-C2[144]Montage-4
3053,787,443,C4_organized_z_disks,5,5500000105_63x_20190528_Capture1-Capture1-C2[144]Montage-4
3054,804,435,C4_organized_z_disks,5,5500000105_63x_20190528_Capture1-Capture1-C2[144]Montage-4
3055,818,432,C4_organized_z_disks,5,5500000105_63x_20190528_Capture1-Capture1-C2[144]Montage-4
3056,834,427,C4_organized_z_disks,5,5500000105_63x_20190528_Capture1-Capture1-C2[144]Montage-4
3057,849,426,C4_organized_z_disks,5,5500000105_63x_20190528_Capture1-Capture1-C2[144]Montage-4
3058,866,421,C4_organized_z_disks,5,5500000105_63x_20190528_Capture1-Capture1-C2[144]Montage-4
3059,349,754,C4_organized_z_disks,5,5500000105_63x_20190528_Capture1-Capture1-C2[144]Montage-4
3060,361,740,C4_organized_z_disks,5,5500000105_63x_20190528_Capture1-Capture1-C2[144]Montage-4
3061,369,731,C4_organized_z_disks,5,5500000105_63x_20190528_Capture1-Capture1-C2[144]Montage-4
3062,384,714,C4_organized_z_disks,5,5500000105_63x_20190528_Capture1-Capture1-C2[144]Montage-4
3063,395,698,C4_organized_z_disks,5,5500000105_63x_20190528_Capture1-Capture1-C2[144]Montage-4
3064,408,684,C4_organized_z_disks,5,5500000105_63x_20190528_Capture1-Capture1-C2[144]Montage-4
3065,418,662,C4_organized_z_disks,5,5500000105_63x_20190528_Capture1-Capture1-C2[144]Montage-4
3066,426,649,C4_organized_z_disks,5,5500000105_63x_20190528_Capture1-Capture1-C2[144]Montage-4
3067,432,640,C4_organized_z_disks,5,5500000105_63x_20190528_Capture1-Capture1-C2[144]Montage-4
3068,445,619,C4_organized_z_disks,5,5500000105_63x_20190528_Capture1-Capture1-C2[144]Montage-4
3069,367,648,C4_organized_z_disks,5,5500000105_63x_20190528_Capture1-Capture1-C2[144]Montage-4
3070,382,639,C4_organized_z_disks,5,5500000105_63x_20190528_Capture1-Capture1-C2[144]Montage-4
3071,395,630,C4_organized_z_disks,5,5500000105_63x_20190528_Capture1-Capture1-C2[144]Montage-4
3072,410,622,C4_organized_z_disks,5,5500000105_63x_20190528_Capture1-Capture1-C2[144]Montage-4
3073,1119,1075,C4_organized_z_disks,9,5500000116_63x_20190611_Capture1-Capture1-B5[144]Montage-6
3074,1124,1099,C4_organized_z_disks,9,5500000116_63x_20190611_Capture1-Capture1-B5[144]Montage-6
3075,1124,1121,C4_organized_z_disks,9,5500000116_63x_20190611_Capture1-Capture1-B5[144]Montage-6
3076,1127,1135,C4_organized_z_disks,9,5500000116_63x_20190611_Capture1-Capture1-B5[144]Montage-6
3077,1132,1156,C4_organized_z_disks,9,5500000116_63x_20190611_Capture1-Capture1-B5[144]Montage-6
3078,1136,1180,C4_organized_z_disks,9,5500000116_63x_20190611_Capture1-Capture1-B5[144]Montage-6
3079,1139,1191,C4_organized_z_disks,9,5500000116_63x_20190611_Capture1-Capture1-B5[144]Montage-6
3080,1132,1214,C4_organized_z_disks,9,5500000116_63x_20190611_Capture1-Capture1-B5[144]Montage-6
3081,1142,1237,C4_organized_z_disks,9,5500000116_63x_20190611_Capture1-Capture1-B5[144]Montage-6
3082,185,1487,C4_organized_z_disks,2,5500000102_63x_20190604_Capture1-Capture1-C2[144]Montage-13
3083,185,1487,C4_organized_z_disks,2,5500000102_63x_20190604_Capture1-Capture1-C2[144]Montage-13
3084,201,1474,C4_organized_z_disks,2,5500000102_63x_20190604_Capture1-Capture1-C2[144]Montage-13
3085,209,1459,C4_organized_z_disks,2,5500000102_63x_20190604_Capture1-Capture1-C2[144]Montage-13
3086,225,1436,C4_organized_z_disks,2,5500000102_63x_20190604_Capture1-Capture1-C2[144]Montage-13
3087,237,1428,C4_organized_z_disks,2,5500000102_63x_20190604_Capture1-Capture1-C2[144]Montage-13
3088,416,1203,C4_organized_z_disks,2,5500000102_63x_20190604_Capture1-Capture1-C2[144]Montage-13
3089,424,1219,C4_organized_z_disks,2,5500000102_63x_20190604_Capture1-Capture1-C2[144]Montage-13
3090,450,1253,C4_organized_z_disks,2,5500000102_63x_20190604_Capture1-Capture1-C2[144]Montage-13
3091,470,1269,C4_organized_z_disks,2,5500000102_63x_20190604_Capture1-Capture1-C2[144]Montage-13
3092,474,1288,C4_organized_z_disks,2,5500000102_63x_20190604_Capture1-Capture1-C2[144]Montage-13
3093,482,1298,C4_organized_z_disks,2,5500000102_63x_20190604_Capture1-Capture1-C2[144]Montage-13
3094,490,1314,C4_organized_z_disks,2,5500000102_63x_20190604_Capture1-Capture1-C2[144]Montage-13
3095,476,1237,C4_organized_z_disks,2,5500000102_63x_20190604_Capture1-Capture1-C2[144]Montage-13
3096,506,1257,C4_organized_z_disks,2,5500000102_63x_20190604_Capture1-Capture1-C2[144]Montage-13
3097,529,1269,C4_organized_z_disks,2,5500000102_63x_20190604_Capture1-Capture1-C2[144]Montage-13
3098,557,1285,C4_organized_z_disks,2,5500000102_63x_20190604_Capture1-Capture1-C2[144]Montage-13
3099,596,1292,C4_organized_z_disks,2,5500000102_63x_20190604_Capture1-Capture1-C2[144]Montage-13
3100,629,1300,C4_organized_z_disks,2,5500000102_63x_20190604_Capture1-Capture1-C2[144]Montage-13
3101,584,1261,C4_organized_z_disks,2,5500000102_63x_20190604_Capture1-Capture1-C2[144]Montage-13
3102,558,1237,C4_organized_z_disks,2,5500000102_63x_20190604_Capture1-Capture1-C2[144]Montage-13
3103,711,1371,C4_organized_z_disks,2,5500000102_63x_20190604_Capture1-Capture1-C2[144]Montage-13
3104,742,1383,C4_organized_z_disks,2,5500000102_63x_20190604_Capture1-Capture1-C2[144]Montage-13
3105,762,1387,C4_organized_z_disks,2,5500000102_63x_20190604_Capture1-Capture1-C2[144]Montage-13
3106,778,1395,C4_organized_z_disks,2,5500000102_63x_20190604_Capture1-Capture1-C2[144]Montage-13
3107,803,1400,C4_organized_z_disks,2,5500000102_63x_20190604_Capture1-Capture1-C2[144]Montage-13
3108,825,1407,C4_organized_z_disks,2,5500000102_63x_20190604_Capture1-Capture1-C2[144]Montage-13
3109,1349,880,C4_organized_z_disks,2,5500000102_63x_20190604_Capture1-Capture1-C2[144]Montage-13
3110,1359,892,C4_organized_z_disks,2,5500000102_63x_20190604_Capture1-Capture1-C2[144]Montage-13
3111,1371,904,C4_organized_z_disks,2,5500000102_63x_20190604_Capture1-Capture1-C2[144]Montage-13
3112,1383,921,C4_organized_z_disks,2,5500000102_63x_20190604_Capture1-Capture1-C2[144]Montage-13
3113,1399,925,C4_organized_z_disks,2,5500000102_63x_20190604_Capture1-Capture1-C2[144]Montage-13
3114,1414,941,C4_organized_z_disks,2,5500000102_63x_20190604_Capture1-Capture1-C2[144]Montage-13
3115,1436,963,C4_organized_z_disks,2,5500000102_63x_20190604_Capture1-Capture1-C2[144]Montage-13
3116,1455,975,C4_organized_z_disks,2,5500000102_63x_20190604_Capture1-Capture1-C2[144]Montage-13
3117,1483,992,C4_organized_z_disks,2,5500000102_63x_20190604_Capture1-Capture1-C2[144]Montage-13
3118,1499,1004,C4_organized_z_disks,2,5500000102_63x_20190604_Capture1-Capture1-C2[144]Montage-13
3119,1514,1008,C4_organized_z_disks,2,5500000102_63x_20190604_Capture1-Capture1-C2[144]Montage-13
3120,1530,1022,C4_organized_z_disks,2,5500000102_63x_20190604_Capture1-Capture1-C2[144]Montage-13
3121,1552,1030,C4_organized_z_disks,2,5500000102_63x_20190604_Capture1-Capture1-C2[144]Montage-13
3122,1572,1040,C4_organized_z_disks,2,5500000102_63x_20190604_Capture1-Capture1-C2[144]Montage-13
3123,1594,1052,C4_organized_z_disks,2,5500000102_63x_20190604_Capture1-Capture1-C2[144]Montage-13
3124,1617,1056,C4_organized_z_disks,2,5500000102_63x_20190604_Capture1-Capture1-C2[144]Montage-13
3125,1302,766,C4_organized_z_disks,2,5500000102_63x_20190604_Capture1-Capture1-C2[144]Montage-13
3126,1320,782,C4_organized_z_disks,2,5500000102_63x_20190604_Capture1-Capture1-C2[144]Montage-13
3127,1336,791,C4_organized_z_disks,2,5500000102_63x_20190604_Capture1-Capture1-C2[144]Montage-13
3128,1355,807,C4_organized_z_disks,2,5500000102_63x_20190604_Capture1-Capture1-C2[144]Montage-13
3129,1391,825,C4_organized_z_disks,2,5500000102_63x_20190604_Capture1-Capture1-C2[144]Montage-13
3130,1422,841,C4_organized_z_disks,2,5500000102_63x_20190604_Capture1-Capture1-C2[144]Montage-13
3131,1170,801,C4_organized_z_disks,2,5500000102_63x_20190604_Capture1-Capture1-C2[144]Montage-13
3132,1172,817,C4_organized_z_disks,2,5500000102_63x_20190604_Capture1-Capture1-C2[144]Montage-13
3133,1174,837,C4_organized_z_disks,2,5500000102_63x_20190604_Capture1-Capture1-C2[144]Montage-13
3134,1175,853,C4_organized_z_disks,2,5500000102_63x_20190604_Capture1-Capture1-C2[144]Montage-13
3135,1178,868,C4_organized_z_disks,2,5500000102_63x_20190604_Capture1-Capture1-C2[144]Montage-13
3136,590,1206,C4_organized_z_disks,3,5500000102_63x_20190604_Capture1-Capture1-C2[144]Montage-24
3137,616,1206,C4_organized_z_disks,3,5500000102_63x_20190604_Capture1-Capture1-C2[144]Montage-24
3138,629,1203,C4_organized_z_disks,3,5500000102_63x_20190604_Capture1-Capture1-C2[144]Montage-24
3139,659,1198,C4_organized_z_disks,3,5500000102_63x_20190604_Capture1-Capture1-C2[144]Montage-24
3140,683,1187,C4_organized_z_disks,3,5500000102_63x_20190604_Capture1-Capture1-C2[144]Montage-24
3141,724,1180,C4_organized_z_disks,3,5500000102_63x_20190604_Capture1-Capture1-C2[144]Montage-24
3142,751,1174,C4_organized_z_disks,3,5500000102_63x_20190604_Capture1-Capture1-C2[144]Montage-24
3143,781,1166,C4_organized_z_disks,3,5500000102_63x_20190604_Capture1-Capture1-C2[144]Montage-24
3144,799,1164,C4_organized_z_disks,3,5500000102_63x_20190604_Capture1-Capture1-C2[144]Montage-24
3145,590,1482,C4_organized_z_disks,3,5500000102_63x_20190604_Capture1-Capture1-C2[144]Montage-24
3146,612,1483,C4_organized_z_disks,3,5500000102_63x_20190604_Capture1-Capture1-C2[144]Montage-24
3147,625,1487,C4_organized_z_disks,3,5500000102_63x_20190604_Capture1-Capture1-C2[144]Montage-24
3148,647,1489,C4_organized_z_disks,3,5500000102_63x_20190604_Capture1-Capture1-C2[144]Montage-24
3149,659,1493,C4_organized_z_disks,3,5500000102_63x_20190604_Capture1-Capture1-C2[144]Montage-24
3150,677,1503,C4_organized_z_disks,3,5500000102_63x_20190604_Capture1-Capture1-C2[144]Montage-24
3151,699,1503,C4_organized_z_disks,3,5500000102_63x_20190604_Capture1-Capture1-C2[144]Montage-24
3152,755,1499,C4_organized_z_disks,3,5500000102_63x_20190604_Capture1-Capture1-C2[144]Montage-24
3153,775,1499,C4_organized_z_disks,3,5500000102_63x_20190604_Capture1-Capture1-C2[144]Montage-24
3154,799,1499,C4_organized_z_disks,3,5500000102_63x_20190604_Capture1-Capture1-C2[144]Montage-24
3155,911,1202,C4_organized_z_disks,3,5500000102_63x_20190604_Capture1-Capture1-C2[144]Montage-24
3156,905,1221,C4_organized_z_disks,3,5500000102_63x_20190604_Capture1-Capture1-C2[144]Montage-24
3157,905,1237,C4_organized_z_disks,3,5500000102_63x_20190604_Capture1-Capture1-C2[144]Montage-24
3158,905,1262,C4_organized_z_disks,3,5500000102_63x_20190604_Capture1-Capture1-C2[144]Montage-24
3159,901,1278,C4_organized_z_disks,3,5500000102_63x_20190604_Capture1-Capture1-C2[144]Montage-24
3160,901,1300,C4_organized_z_disks,3,5500000102_63x_20190604_Capture1-Capture1-C2[144]Montage-24
3161,904,1310,C4_organized_z_disks,3,5500000102_63x_20190604_Capture1-Capture1-C2[144]Montage-24
3162,963,1170,C4_organized_z_disks,3,5500000102_63x_20190604_Capture1-Capture1-C2[144]Montage-24
3163,982,1194,C4_organized_z_disks,3,5500000102_63x_20190604_Capture1-Capture1-C2[144]Montage-24
3164,1000,1207,C4_organized_z_disks,3,5500000102_63x_20190604_Capture1-Capture1-C2[144]Montage-24
3165,1022,1223,C4_organized_z_disks,3,5500000102_63x_20190604_Capture1-Capture1-C2[144]Montage-24
3166,1053,1239,C4_organized_z_disks,3,5500000102_63x_20190604_Capture1-Capture1-C2[144]Montage-24
3167,1073,1261,C4_organized_z_disks,3,5500000102_63x_20190604_Capture1-Capture1-C2[144]Montage-24
3168,409,1448,C4_organized_z_disks,3,5500000102_63x_20190604_Capture1-Capture1-C2[144]Montage-24
3169,428,1463,C4_organized_z_disks,3,5500000102_63x_20190604_Capture1-Capture1-C2[144]Montage-24
3170,446,1479,C4_organized_z_disks,3,5500000102_63x_20190604_Capture1-Capture1-C2[144]Montage-24
3171,468,1483,C4_organized_z_disks,3,5500000102_63x_20190604_Capture1-Capture1-C2[144]Montage-24
3172,491,1489,C4_organized_z_disks,3,5500000102_63x_20190604_Capture1-Capture1-C2[144]Montage-24
3173,517,1497,C4_organized_z_disks,3,5500000102_63x_20190604_Capture1-Capture1-C2[144]Montage-24
3174,543,1507,C4_organized_z_disks,3,5500000102_63x_20190604_Capture1-Capture1-C2[144]Montage-24
3175,561,1509,C4_organized_z_disks,3,5500000102_63x_20190604_Capture1-Capture1-C2[144]Montage-24
3176,602,1513,C4_organized_z_disks,3,5500000102_63x_20190604_Capture1-Capture1-C2[144]Montage-24
3177,624,1517,C4_organized_z_disks,3,5500000102_63x_20190604_Capture1-Capture1-C2[144]Montage-24
3178,659,1521,C4_organized_z_disks,3,5500000102_63x_20190604_Capture1-Capture1-C2[144]Montage-24
3179,695,1526,C4_organized_z_disks,3,5500000102_63x_20190604_Capture1-Capture1-C2[144]Montage-24
3180,708,1537,C4_organized_z_disks,3,5500000102_63x_20190604_Capture1-Capture1-C2[144]Montage-24
3181,754,1554,C4_organized_z_disks,3,5500000102_63x_20190604_Capture1-Capture1-C2[144]Montage-24
3182,730,1546,C4_organized_z_disks,3,5500000102_63x_20190604_Capture1-Capture1-C2[144]Montage-24
3183,1686,925,C4_organized_z_disks,3,5500000102_63x_20190604_Capture1-Capture1-C2[144]Montage-24
3184,1702,935,C4_organized_z_disks,3,5500000102_63x_20190604_Capture1-Capture1-C2[144]Montage-24
3185,1716,941,C4_organized_z_disks,3,5500000102_63x_20190604_Capture1-Capture1-C2[144]Montage-24
3186,1736,957,C4_organized_z_disks,3,5500000102_63x_20190604_Capture1-Capture1-C2[144]Montage-24
3187,1154,1109,C4_organized_z_disks,3,5500000102_63x_20190604_Capture1-Capture1-C2[144]Montage-24
3188,1178,1105,C4_organized_z_disks,3,5500000102_63x_20190604_Capture1-Capture1-C2[144]Montage-24
3189,1199,1109,C4_organized_z_disks,3,5500000102_63x_20190604_Capture1-Capture1-C2[144]Montage-24
3190,1221,1113,C4_organized_z_disks,3,5500000102_63x_20190604_Capture1-Capture1-C2[144]Montage-24
3191,1241,1119,C4_organized_z_disks,3,5500000102_63x_20190604_Capture1-Capture1-C2[144]Montage-24
3192,969,1012,C4_organized_z_disks,3,5500000102_63x_20190604_Capture1-Capture1-C2[144]Montage-24
3193,992,1008,C4_organized_z_disks,3,5500000102_63x_20190604_Capture1-Capture1-C2[144]Montage-24
3194,1008,994,C4_organized_z_disks,3,5500000102_63x_20190604_Capture1-Capture1-C2[144]Montage-24
3195,1026,988,C4_organized_z_disks,3,5500000102_63x_20190604_Capture1-Capture1-C2[144]Montage-24
3196,1034,976,C4_organized_z_disks,3,5500000102_63x_20190604_Capture1-Capture1-C2[144]Montage-24
3197,196,878,C4_organized_z_disks,11,5500000118_63x_20190618_Capture1-Capture2-C2[144]Montage-6
3198,213,893,C4_organized_z_disks,11,5500000118_63x_20190618_Capture1-Capture2-C2[144]Montage-6
3199,225,905,C4_organized_z_disks,11,5500000118_63x_20190618_Capture1-Capture2-C2[144]Montage-6
3200,237,921,C4_organized_z_disks,11,5500000118_63x_20190618_Capture1-Capture2-C2[144]Montage-6
3201,247,935,C4_organized_z_disks,11,5500000118_63x_20190618_Capture1-Capture2-C2[144]Montage-6
3202,255,949,C4_organized_z_disks,11,5500000118_63x_20190618_Capture1-Capture2-C2[144]Montage-6
3203,272,963,C4_organized_z_disks,11,5500000118_63x_20190618_Capture1-Capture2-C2[144]Montage-6
3204,235,860,C4_organized_z_disks,11,5500000118_63x_20190618_Capture1-Capture2-C2[144]Montage-6
3205,253,876,C4_organized_z_disks,11,5500000118_63x_20190618_Capture1-Capture2-C2[144]Montage-6
3206,276,904,C4_organized_z_disks,11,5500000118_63x_20190618_Capture1-Capture2-C2[144]Montage-6
3207,290,921,C4_organized_z_disks,11,5500000118_63x_20190618_Capture1-Capture2-C2[144]Montage-6
3208,302,935,C4_organized_z_disks,11,5500000118_63x_20190618_Capture1-Capture2-C2[144]Montage-6
3209,310,949,C4_organized_z_disks,11,5500000118_63x_20190618_Capture1-Capture2-C2[144]Montage-6
3210,89,1168,C4_organized_z_disks,11,5500000118_63x_20190618_Capture1-Capture2-C2[144]Montage-6
3211,109,1170,C4_organized_z_disks,11,5500000118_63x_20190618_Capture1-Capture2-C2[144]Montage-6
3212,126,1178,C4_organized_z_disks,11,5500000118_63x_20190618_Capture1-Capture2-C2[144]Montage-6
3213,150,1186,C4_organized_z_disks,11,5500000118_63x_20190618_Capture1-Capture2-C2[144]Montage-6
3214,204,1253,C4_organized_z_disks,11,5500000118_63x_20190618_Capture1-Capture2-C2[144]Montage-6
3215,231,1266,C4_organized_z_disks,11,5500000118_63x_20190618_Capture1-Capture2-C2[144]Montage-6
3216,243,1281,C4_organized_z_disks,11,5500000118_63x_20190618_Capture1-Capture2-C2[144]Montage-6
3217,249,1215,C4_organized_z_disks,11,5500000118_63x_20190618_Capture1-Capture2-C2[144]Montage-6
3218,259,1219,C4_organized_z_disks,11,5500000118_63x_20190618_Capture1-Capture2-C2[144]Montage-6
3219,296,1233,C4_organized_z_disks,11,5500000118_63x_20190618_Capture1-Capture2-C2[144]Montage-6
3220,103,916,C4_organized_z_disks,11,5500000118_63x_20190618_Capture1-Capture2-C2[144]Montage-6
3221,101,943,C4_organized_z_disks,11,5500000118_63x_20190618_Capture1-Capture2-C2[144]Montage-6
3222,91,975,C4_organized_z_disks,11,5500000118_63x_20190618_Capture1-Capture2-C2[144]Montage-6
3223,83,1016,C4_organized_z_disks,11,5500000118_63x_20190618_Capture1-Capture2-C2[144]Montage-6
3224,82,1054,C4_organized_z_disks,11,5500000118_63x_20190618_Capture1-Capture2-C2[144]Montage-6
3225,71,1069,C4_organized_z_disks,11,5500000118_63x_20190618_Capture1-Capture2-C2[144]Montage-6
3226,74,1087,C4_organized_z_disks,11,5500000118_63x_20190618_Capture1-Capture2-C2[144]Montage-6
3227,70,1109,C4_organized_z_disks,11,5500000118_63x_20190618_Capture1-Capture2-C2[144]Montage-6
3228,71,1124,C4_organized_z_disks,11,5500000118_63x_20190618_Capture1-Capture2-C2[144]Montage-6
3229,85,988,C4_organized_z_disks,11,5500000118_63x_20190618_Capture1-Capture2-C2[144]Montage-6
3230,578,775,C4_organized_z_disks,11,5500000118_63x_20190618_Capture1-Capture2-C2[144]Montage-6
3231,594,782,C4_organized_z_disks,11,5500000118_63x_20190618_Capture1-Capture2-C2[144]Montage-6
3232,612,791,C4_organized_z_disks,11,5500000118_63x_20190618_Capture1-Capture2-C2[144]Montage-6
3233,628,799,C4_organized_z_disks,11,5500000118_63x_20190618_Capture1-Capture2-C2[144]Montage-6
3234,655,821,C4_organized_z_disks,11,5500000118_63x_20190618_Capture1-Capture2-C2[144]Montage-6
3235,675,830,C4_organized_z_disks,11,5500000118_63x_20190618_Capture1-Capture2-C2[144]Montage-6
3236,692,811,C4_organized_z_disks,11,5500000118_63x_20190618_Capture1-Capture2-C2[144]Montage-6
3237,677,793,C4_organized_z_disks,11,5500000118_63x_20190618_Capture1-Capture2-C2[144]Montage-6
3238,665,786,C4_organized_z_disks,11,5500000118_63x_20190618_Capture1-Capture2-C2[144]Montage-6
3239,229,1408,C4_organized_z_disks,11,5500000118_63x_20190618_Capture1-Capture2-C2[144]Montage-6
3240,243,1422,C4_organized_z_disks,11,5500000118_63x_20190618_Capture1-Capture2-C2[144]Montage-6
3241,251,1444,C4_organized_z_disks,11,5500000118_63x_20190618_Capture1-Capture2-C2[144]Montage-6
3242,268,1459,C4_organized_z_disks,11,5500000118_63x_20190618_Capture1-Capture2-C2[144]Montage-6
3243,286,1463,C4_organized_z_disks,11,5500000118_63x_20190618_Capture1-Capture2-C2[144]Montage-6
3244,294,1487,C4_organized_z_disks,11,5500000118_63x_20190618_Capture1-Capture2-C2[144]Montage-6
3245,306,1503,C4_organized_z_disks,11,5500000118_63x_20190618_Capture1-Capture2-C2[144]Montage-6
3246,324,1507,C4_organized_z_disks,11,5500000118_63x_20190618_Capture1-Capture2-C2[144]Montage-6
3247,338,1525,C4_organized_z_disks,11,5500000118_63x_20190618_Capture1-Capture2-C2[144]Montage-6
3248,365,1533,C4_organized_z_disks,11,5500000118_63x_20190618_Capture1-Capture2-C2[144]Montage-6
3249,237,1475,C4_organized_z_disks,11,5500000118_63x_20190618_Capture1-Capture2-C2[144]Montage-6
3250,253,1491,C4_organized_z_disks,11,5500000118_63x_20190618_Capture1-Capture2-C2[144]Montage-6
3251,263,1501,C4_organized_z_disks,11,5500000118_63x_20190618_Capture1-Capture2-C2[144]Montage-6
3252,292,1517,C4_organized_z_disks,11,5500000118_63x_20190618_Capture1-Capture2-C2[144]Montage-6
3253,310,1541,C4_organized_z_disks,11,5500000118_63x_20190618_Capture1-Capture2-C2[144]Montage-6
3254,117,1400,C4_organized_z_disks,11,5500000118_63x_20190618_Capture1-Capture2-C2[144]Montage-6
3255,125,1424,C4_organized_z_disks,11,5500000118_63x_20190618_Capture1-Capture2-C2[144]Montage-6
3256,138,1436,C4_organized_z_disks,11,5500000118_63x_20190618_Capture1-Capture2-C2[144]Montage-6
3257,142,1451,C4_organized_z_disks,11,5500000118_63x_20190618_Capture1-Capture2-C2[144]Montage-6
3258,154,1470,C4_organized_z_disks,11,5500000118_63x_20190618_Capture1-Capture2-C2[144]Montage-6
3259,162,1487,C4_organized_z_disks,11,5500000118_63x_20190618_Capture1-Capture2-C2[144]Montage-6
3260,170,1501,C4_organized_z_disks,11,5500000118_63x_20190618_Capture1-Capture2-C2[144]Montage-6
3261,185,1517,C4_organized_z_disks,11,5500000118_63x_20190618_Capture1-Capture2-C2[144]Montage-6
3262,178,1391,C4_organized_z_disks,11,5500000118_63x_20190618_Capture1-Capture2-C2[144]Montage-6
3263,182,1407,C4_organized_z_disks,11,5500000118_63x_20190618_Capture1-Capture2-C2[144]Montage-6
3264,185,1426,C4_organized_z_disks,11,5500000118_63x_20190618_Capture1-Capture2-C2[144]Montage-6
3265,330,862,C4_organized_z_disks,11,5500000118_63x_20190618_Capture1-Capture2-C2[144]Montage-6
3266,342,882,C4_organized_z_disks,11,5500000118_63x_20190618_Capture1-Capture2-C2[144]Montage-6
3267,357,901,C4_organized_z_disks,11,5500000118_63x_20190618_Capture1-Capture2-C2[144]Montage-6
3268,363,913,C4_organized_z_disks,11,5500000118_63x_20190618_Capture1-Capture2-C2[144]Montage-6
3269,1217,1545,C4_organized_z_disks,11,5500000118_63x_20190618_Capture1-Capture2-C2[144]Montage-6
3270,1239,1546,C4_organized_z_disks,11,5500000118_63x_20190618_Capture1-Capture2-C2[144]Montage-6
3271,1250,1552,C4_organized_z_disks,11,5500000118_63x_20190618_Capture1-Capture2-C2[144]Montage-6
3272,1273,1558,C4_organized_z_disks,11,5500000118_63x_20190618_Capture1-Capture2-C2[144]Montage-6
3273,1286,1558,C4_organized_z_disks,11,5500000118_63x_20190618_Capture1-Capture2-C2[144]Montage-6
3274,1261,1487,C4_organized_z_disks,11,5500000118_63x_20190618_Capture1-Capture2-C2[144]Montage-6
3275,1288,1503,C4_organized_z_disks,11,5500000118_63x_20190618_Capture1-Capture2-C2[144]Montage-6
3276,1302,1509,C4_organized_z_disks,11,5500000118_63x_20190618_Capture1-Capture2-C2[144]Montage-6
3277,1321,1515,C4_organized_z_disks,11,5500000118_63x_20190618_Capture1-Capture2-C2[144]Montage-6
3278,1341,1515,C4_organized_z_disks,11,5500000118_63x_20190618_Capture1-Capture2-C2[144]Montage-6
3279,1357,1518,C4_organized_z_disks,11,5500000118_63x_20190618_Capture1-Capture2-C2[144]Montage-6
3280,1379,1521,C4_organized_z_disks,11,5500000118_63x_20190618_Capture1-Capture2-C2[144]Montage-6
3281,1182,1601,C4_organized_z_disks,11,5500000118_63x_20190618_Capture1-Capture2-C2[144]Montage-6
3282,1178,1616,C4_organized_z_disks,11,5500000118_63x_20190618_Capture1-Capture2-C2[144]Montage-6
3283,1164,1629,C4_organized_z_disks,11,5500000118_63x_20190618_Capture1-Capture2-C2[144]Montage-6
3284,553,1562,C4_organized_z_disks,10,5500000118_63x_20190618_Capture1-Capture2-C2[144]Montage-17
3285,577,1570,C4_organized_z_disks,10,5500000118_63x_20190618_Capture1-Capture2-C2[144]Montage-17
3286,584,1594,C4_organized_z_disks,10,5500000118_63x_20190618_Capture1-Capture2-C2[144]Montage-17
3287,586,1605,C4_organized_z_disks,10,5500000118_63x_20190618_Capture1-Capture2-C2[144]Montage-17
3288,588,1616,C4_organized_z_disks,10,5500000118_63x_20190618_Capture1-Capture2-C2[144]Montage-17
3289,636,1592,C4_organized_z_disks,10,5500000118_63x_20190618_Capture1-Capture2-C2[144]Montage-17
3290,645,1604,C4_organized_z_disks,10,5500000118_63x_20190618_Capture1-Capture2-C2[144]Montage-17
3291,657,1619,C4_organized_z_disks,10,5500000118_63x_20190618_Capture1-Capture2-C2[144]Montage-17
3292,680,1633,C4_organized_z_disks,10,5500000118_63x_20190618_Capture1-Capture2-C2[144]Montage-17
3293,691,1659,C4_organized_z_disks,10,5500000118_63x_20190618_Capture1-Capture2-C2[144]Montage-17
3294,696,1679,C4_organized_z_disks,10,5500000118_63x_20190618_Capture1-Capture2-C2[144]Montage-17
3295,700,1686,C4_organized_z_disks,10,5500000118_63x_20190618_Capture1-Capture2-C2[144]Montage-17
3296,154,1158,C4_organized_z_disks,10,5500000118_63x_20190618_Capture1-Capture2-C2[144]Montage-17
3297,172,1160,C4_organized_z_disks,10,5500000118_63x_20190618_Capture1-Capture2-C2[144]Montage-17
3298,184,1174,C4_organized_z_disks,10,5500000118_63x_20190618_Capture1-Capture2-C2[144]Montage-17
3299,201,1178,C4_organized_z_disks,10,5500000118_63x_20190618_Capture1-Capture2-C2[144]Montage-17
3300,217,1190,C4_organized_z_disks,10,5500000118_63x_20190618_Capture1-Capture2-C2[144]Montage-17
3301,237,1195,C4_organized_z_disks,10,5500000118_63x_20190618_Capture1-Capture2-C2[144]Montage-17
3302,253,1199,C4_organized_z_disks,10,5500000118_63x_20190618_Capture1-Capture2-C2[144]Montage-17
3303,265,1207,C4_organized_z_disks,10,5500000118_63x_20190618_Capture1-Capture2-C2[144]Montage-17
3304,280,1214,C4_organized_z_disks,10,5500000118_63x_20190618_Capture1-Capture2-C2[144]Montage-17
3305,292,1219,C4_organized_z_disks,10,5500000118_63x_20190618_Capture1-Capture2-C2[144]Montage-17
3306,306,1227,C4_organized_z_disks,10,5500000118_63x_20190618_Capture1-Capture2-C2[144]Montage-17
3307,324,1231,C4_organized_z_disks,10,5500000118_63x_20190618_Capture1-Capture2-C2[144]Montage-17
3308,156,1210,C4_organized_z_disks,10,5500000118_63x_20190618_Capture1-Capture2-C2[144]Montage-17
3309,168,1221,C4_organized_z_disks,10,5500000118_63x_20190618_Capture1-Capture2-C2[144]Montage-17
3310,178,1229,C4_organized_z_disks,10,5500000118_63x_20190618_Capture1-Capture2-C2[144]Montage-17
3311,193,1247,C4_organized_z_disks,10,5500000118_63x_20190618_Capture1-Capture2-C2[144]Montage-17
3312,213,1262,C4_organized_z_disks,10,5500000118_63x_20190618_Capture1-Capture2-C2[144]Montage-17
3313,231,1274,C4_organized_z_disks,10,5500000118_63x_20190618_Capture1-Capture2-C2[144]Montage-17
3314,474,1392,C4_organized_z_disks,10,5500000118_63x_20190618_Capture1-Capture2-C2[144]Montage-17
3315,491,1403,C4_organized_z_disks,10,5500000118_63x_20190618_Capture1-Capture2-C2[144]Montage-17
3316,503,1419,C4_organized_z_disks,10,5500000118_63x_20190618_Capture1-Capture2-C2[144]Montage-17
3317,513,1432,C4_organized_z_disks,10,5500000118_63x_20190618_Capture1-Capture2-C2[144]Montage-17
3318,531,1436,C4_organized_z_disks,10,5500000118_63x_20190618_Capture1-Capture2-C2[144]Montage-17
3319,541,1446,C4_organized_z_disks,10,5500000118_63x_20190618_Capture1-Capture2-C2[144]Montage-17
3320,561,1454,C4_organized_z_disks,10,5500000118_63x_20190618_Capture1-Capture2-C2[144]Montage-17
3321,573,1463,C4_organized_z_disks,10,5500000118_63x_20190618_Capture1-Capture2-C2[144]Montage-17
3322,923,1270,C4_organized_z_disks,10,5500000118_63x_20190618_Capture1-Capture2-C2[144]Montage-17
3323,927,1285,C4_organized_z_disks,10,5500000118_63x_20190618_Capture1-Capture2-C2[144]Montage-17
3324,939,1300,C4_organized_z_disks,10,5500000118_63x_20190618_Capture1-Capture2-C2[144]Montage-17
3325,947,1310,C4_organized_z_disks,10,5500000118_63x_20190618_Capture1-Capture2-C2[144]Montage-17
3326,967,1329,C4_organized_z_disks,10,5500000118_63x_20190618_Capture1-Capture2-C2[144]Montage-17
3327,980,1333,C4_organized_z_disks,10,5500000118_63x_20190618_Capture1-Capture2-C2[144]Montage-17
3328,992,1344,C4_organized_z_disks,10,5500000118_63x_20190618_Capture1-Capture2-C2[144]Montage-17
3329,1006,1353,C4_organized_z_disks,10,5500000118_63x_20190618_Capture1-Capture2-C2[144]Montage-17
3330,229,522,C4_organized_z_disks,0,5500000101_63x_20190610_Capture1-Capture1-B4[144]Montage-5
3331,221,545,C4_organized_z_disks,0,5500000101_63x_20190610_Capture1-Capture1-B4[144]Montage-5
3332,219,561,C4_organized_z_disks,0,5500000101_63x_20190610_Capture1-Capture1-B4[144]Montage-5
3333,213,574,C4_organized_z_disks,0,5500000101_63x_20190610_Capture1-Capture1-B4[144]Montage-5
3334,213,592,C4_organized_z_disks,0,5500000101_63x_20190610_Capture1-Capture1-B4[144]Montage-5
3335,213,610,C4_organized_z_disks,0,5500000101_63x_20190610_Capture1-Capture1-B4[144]Montage-5
3336,213,620,C4_organized_z_disks,0,5500000101_63x_20190610_Capture1-Capture1-B4[144]Montage-5
3337,208,640,C4_organized_z_disks,0,5500000101_63x_20190610_Capture1-Capture1-B4[144]Montage-5
3338,205,656,C4_organized_z_disks,0,5500000101_63x_20190610_Capture1-Capture1-B4[144]Montage-5
3339,197,671,C4_organized_z_disks,0,5500000101_63x_20190610_Capture1-Capture1-B4[144]Montage-5
3340,192,692,C4_organized_z_disks,0,5500000101_63x_20190610_Capture1-Capture1-B4[144]Montage-5
3341,184,703,C4_organized_z_disks,0,5500000101_63x_20190610_Capture1-Capture1-B4[144]Montage-5
3342,184,720,C4_organized_z_disks,0,5500000101_63x_20190610_Capture1-Capture1-B4[144]Montage-5
3343,182,732,C4_organized_z_disks,0,5500000101_63x_20190610_Capture1-Capture1-B4[144]Montage-5
3344,174,740,C4_organized_z_disks,0,5500000101_63x_20190610_Capture1-Capture1-B4[144]Montage-5
3345,172,758,C4_organized_z_disks,0,5500000101_63x_20190610_Capture1-Capture1-B4[144]Montage-5
3346,83,937,C4_organized_z_disks,0,5500000101_63x_20190610_Capture1-Capture1-B4[144]Montage-5
3347,83,945,C4_organized_z_disks,0,5500000101_63x_20190610_Capture1-Capture1-B4[144]Montage-5
3348,83,961,C4_organized_z_disks,0,5500000101_63x_20190610_Capture1-Capture1-B4[144]Montage-5
3349,83,961,C4_organized_z_disks,0,5500000101_63x_20190610_Capture1-Capture1-B4[144]Montage-5
3350,89,987,C4_organized_z_disks,0,5500000101_63x_20190610_Capture1-Capture1-B4[144]Montage-5
3351,93,998,C4_organized_z_disks,0,5500000101_63x_20190610_Capture1-Capture1-B4[144]Montage-5
3352,105,1008,C4_organized_z_disks,0,5500000101_63x_20190610_Capture1-Capture1-B4[144]Montage-5
3353,111,1026,C4_organized_z_disks,0,5500000101_63x_20190610_Capture1-Capture1-B4[144]Montage-5
3354,121,1030,C4_organized_z_disks,0,5500000101_63x_20190610_Capture1-Capture1-B4[144]Montage-5
3355,134,1046,C4_organized_z_disks,0,5500000101_63x_20190610_Capture1-Capture1-B4[144]Montage-5
3356,142,1060,C4_organized_z_disks,0,5500000101_63x_20190610_Capture1-Capture1-B4[144]Montage-5
3357,810,870,C4_organized_z_disks,0,5500000101_63x_20190610_Capture1-Capture1-B4[144]Montage-5
3358,826,870,C4_organized_z_disks,0,5500000101_63x_20190610_Capture1-Capture1-B4[144]Montage-5
3359,844,872,C4_organized_z_disks,0,5500000101_63x_20190610_Capture1-Capture1-B4[144]Montage-5
3360,852,882,C4_organized_z_disks,0,5500000101_63x_20190610_Capture1-Capture1-B4[144]Montage-5
3361,870,882,C4_organized_z_disks,0,5500000101_63x_20190610_Capture1-Capture1-B4[144]Montage-5
3362,892,888,C4_organized_z_disks,0,5500000101_63x_20190610_Capture1-Capture1-B4[144]Montage-5
3363,911,889,C4_organized_z_disks,0,5500000101_63x_20190610_Capture1-Capture1-B4[144]Montage-5
3364,925,889,C4_organized_z_disks,0,5500000101_63x_20190610_Capture1-Capture1-B4[144]Montage-5
3365,992,819,C4_organized_z_disks,0,5500000101_63x_20190610_Capture1-Capture1-B4[144]Montage-5
3366,1012,829,C4_organized_z_disks,0,5500000101_63x_20190610_Capture1-Capture1-B4[144]Montage-5
3367,1022,842,C4_organized_z_disks,0,5500000101_63x_20190610_Capture1-Capture1-B4[144]Montage-5
3368,1040,849,C4_organized_z_disks,0,5500000101_63x_20190610_Capture1-Capture1-B4[144]Montage-5
3369,1053,857,C4_organized_z_disks,0,5500000101_63x_20190610_Capture1-Capture1-B4[144]Montage-5
3370,1065,864,C4_organized_z_disks,0,5500000101_63x_20190610_Capture1-Capture1-B4[144]Montage-5
3371,1081,876,C4_organized_z_disks,0,5500000101_63x_20190610_Capture1-Capture1-B4[144]Montage-5
3372,491,1253,C4_organized_z_disks,0,5500000101_63x_20190610_Capture1-Capture1-B4[144]Montage-5
3373,507,1243,C4_organized_z_disks,0,5500000101_63x_20190610_Capture1-Capture1-B4[144]Montage-5
3374,517,1227,C4_organized_z_disks,0,5500000101_63x_20190610_Capture1-Capture1-B4[144]Montage-5
3375,533,1218,C4_organized_z_disks,0,5500000101_63x_20190610_Capture1-Capture1-B4[144]Montage-5
3376,550,1203,C4_organized_z_disks,0,5500000101_63x_20190610_Capture1-Capture1-B4[144]Montage-5
3377,569,1198,C4_organized_z_disks,0,5500000101_63x_20190610_Capture1-Capture1-B4[144]Montage-5
3378,577,1190,C4_organized_z_disks,0,5500000101_63x_20190610_Capture1-Capture1-B4[144]Montage-5
3379,598,1178,C4_organized_z_disks,0,5500000101_63x_20190610_Capture1-Capture1-B4[144]Montage-5
3380,620,1164,C4_organized_z_disks,0,5500000101_63x_20190610_Capture1-Capture1-B4[144]Montage-5
3381,620,1164,C4_organized_z_disks,0,5500000101_63x_20190610_Capture1-Capture1-B4[144]Montage-5
3382,900,1277,C4_organized_z_disks,0,5500000101_63x_20190610_Capture1-Capture1-B4[144]Montage-5
3383,917,1286,C4_organized_z_disks,0,5500000101_63x_20190610_Capture1-Capture1-B4[144]Montage-5
3384,925,1290,C4_organized_z_disks,0,5500000101_63x_20190610_Capture1-Capture1-B4[144]Montage-5
3385,941,1292,C4_organized_z_disks,0,5500000101_63x_20190610_Capture1-Capture1-B4[144]Montage-5
3386,963,1302,C4_organized_z_disks,0,5500000101_63x_20190610_Capture1-Capture1-B4[144]Montage-5
3387,980,1306,C4_organized_z_disks,0,5500000101_63x_20190610_Capture1-Capture1-B4[144]Montage-5
3388,1000,1308,C4_organized_z_disks,0,5500000101_63x_20190610_Capture1-Capture1-B4[144]Montage-5
3389,1024,1314,C4_organized_z_disks,0,5500000101_63x_20190610_Capture1-Capture1-B4[144]Montage-5
3390,1040,1318,C4_organized_z_disks,0,5500000101_63x_20190610_Capture1-Capture1-B4[144]Montage-5
3391,1057,1318,C4_organized_z_disks,0,5500000101_63x_20190610_Capture1-Capture1-B4[144]Montage-5
3392,1097,1312,C4_organized_z_disks,0,5500000101_63x_20190610_Capture1-Capture1-B4[144]Montage-5
3393,1261,850,C4_organized_z_disks,0,5500000101_63x_20190610_Capture1-Capture1-B4[144]Montage-5
3394,1273,860,C4_organized_z_disks,0,5500000101_63x_20190610_Capture1-Capture1-B4[144]Montage-5
3395,1292,872,C4_organized_z_disks,0,5500000101_63x_20190610_Capture1-Capture1-B4[144]Montage-5
3396,1304,884,C4_organized_z_disks,0,5500000101_63x_20190610_Capture1-Capture1-B4[144]Montage-5
3397,1316,908,C4_organized_z_disks,0,5500000101_63x_20190610_Capture1-Capture1-B4[144]Montage-5
3398,1325,923,C4_organized_z_disks,0,5500000101_63x_20190610_Capture1-Capture1-B4[144]Montage-5
3399,1347,943,C4_organized_z_disks,0,5500000101_63x_20190610_Capture1-Capture1-B4[144]Montage-5
3400,1371,963,C4_organized_z_disks,0,5500000101_63x_20190610_Capture1-Capture1-B4[144]Montage-5
3401,1379,984,C4_organized_z_disks,0,5500000101_63x_20190610_Capture1-Capture1-B4[144]Montage-5
3402,1403,1008,C4_organized_z_disks,0,5500000101_63x_20190610_Capture1-Capture1-B4[144]Montage-5
3403,1420,1030,C4_organized_z_disks,0,5500000101_63x_20190610_Capture1-Capture1-B4[144]Montage-5
3404,1439,1050,C4_organized_z_disks,0,5500000101_63x_20190610_Capture1-Capture1-B4[144]Montage-5
3405,1455,1061,C4_organized_z_disks,0,5500000101_63x_20190610_Capture1-Capture1-B4[144]Montage-5
3406,1475,1079,C4_organized_z_disks,0,5500000101_63x_20190610_Capture1-Capture1-B4[144]Montage-5
3407,1497,1097,C4_organized_z_disks,0,5500000101_63x_20190610_Capture1-Capture1-B4[144]Montage-5
3408,1505,1107,C4_organized_z_disks,0,5500000101_63x_20190610_Capture1-Capture1-B4[144]Montage-5
3409,1514,1121,C4_organized_z_disks,0,5500000101_63x_20190610_Capture1-Capture1-B4[144]Montage-5
3410,1518,1131,C4_organized_z_disks,0,5500000101_63x_20190610_Capture1-Capture1-B4[144]Montage-5
3411,1286,833,C4_organized_z_disks,0,5500000101_63x_20190610_Capture1-Capture1-B4[144]Montage-5
3412,1316,854,C4_organized_z_disks,0,5500000101_63x_20190610_Capture1-Capture1-B4[144]Montage-5
3413,1332,866,C4_organized_z_disks,0,5500000101_63x_20190610_Capture1-Capture1-B4[144]Montage-5
3414,1343,882,C4_organized_z_disks,0,5500000101_63x_20190610_Capture1-Capture1-B4[144]Montage-5
3415,1359,889,C4_organized_z_disks,0,5500000101_63x_20190610_Capture1-Capture1-B4[144]Montage-5
3416,1375,900,C4_organized_z_disks,0,5500000101_63x_20190610_Capture1-Capture1-B4[144]Montage-5
3417,1387,909,C4_organized_z_disks,0,5500000101_63x_20190610_Capture1-Capture1-B4[144]Montage-5
3418,1414,937,C4_organized_z_disks,0,5500000101_63x_20190610_Capture1-Capture1-B4[144]Montage-5
3419,1430,961,C4_organized_z_disks,0,5500000101_63x_20190610_Capture1-Capture1-B4[144]Montage-5
3420,1446,976,C4_organized_z_disks,0,5500000101_63x_20190610_Capture1-Capture1-B4[144]Montage-5
3421,1466,1004,C4_organized_z_disks,0,5500000101_63x_20190610_Capture1-Capture1-B4[144]Montage-5
3422,1533,1298,C4_organized_z_disks,0,5500000101_63x_20190610_Capture1-Capture1-B4[144]Montage-5
3423,1554,1320,C4_organized_z_disks,0,5500000101_63x_20190610_Capture1-Capture1-B4[144]Montage-5
3424,1564,1324,C4_organized_z_disks,0,5500000101_63x_20190610_Capture1-Capture1-B4[144]Montage-5
3425,1576,1340,C4_organized_z_disks,0,5500000101_63x_20190610_Capture1-Capture1-B4[144]Montage-5
3426,1588,1357,C4_organized_z_disks,0,5500000101_63x_20190610_Capture1-Capture1-B4[144]Montage-5
3427,1607,1375,C4_organized_z_disks,0,5500000101_63x_20190610_Capture1-Capture1-B4[144]Montage-5
3428,1627,1404,C4_organized_z_disks,0,5500000101_63x_20190610_Capture1-Capture1-B4[144]Montage-5
3429,1637,1416,C4_organized_z_disks,0,5500000101_63x_20190610_Capture1-Capture1-B4[144]Montage-5
3430,1649,1436,C4_organized_z_disks,0,5500000101_63x_20190610_Capture1-Capture1-B4[144]Montage-5
3431,1657,1444,C4_organized_z_disks,0,5500000101_63x_20190610_Capture1-Capture1-B4[144]Montage-5
3432,1316,1328,C4_organized_z_disks,0,5500000101_63x_20190610_Capture1-Capture1-B4[144]Montage-5
3433,1333,1345,C4_organized_z_disks,0,5500000101_63x_20190610_Capture1-Capture1-B4[144]Montage-5
3434,1345,1355,C4_organized_z_disks,0,5500000101_63x_20190610_Capture1-Capture1-B4[144]Montage-5
3435,1359,1365,C4_organized_z_disks,0,5500000101_63x_20190610_Capture1-Capture1-B4[144]Montage-5
3436,1375,1379,C4_organized_z_disks,0,5500000101_63x_20190610_Capture1-Capture1-B4[144]Montage-5
3437,1388,1388,C4_organized_z_disks,0,5500000101_63x_20190610_Capture1-Capture1-B4[144]Montage-5
3438,1404,1391,C4_organized_z_disks,0,5500000101_63x_20190610_Capture1-Capture1-B4[144]Montage-5
3439,1420,1392,C4_organized_z_disks,0,5500000101_63x_20190610_Capture1-Capture1-B4[144]Montage-5
3440,1434,1399,C4_organized_z_disks,0,5500000101_63x_20190610_Capture1-Capture1-B4[144]Montage-5
3441,1466,1400,C4_organized_z_disks,0,5500000101_63x_20190610_Capture1-Capture1-B4[144]Montage-5
3442,1265,987,C4_organized_z_disks,0,5500000101_63x_20190610_Capture1-Capture1-B4[144]Montage-5
3443,1282,990,C4_organized_z_disks,0,5500000101_63x_20190610_Capture1-Capture1-B4[144]Montage-5
3444,1302,1008,C4_organized_z_disks,0,5500000101_63x_20190610_Capture1-Capture1-B4[144]Montage-5
3445,1317,1028,C4_organized_z_disks,0,5500000101_63x_20190610_Capture1-Capture1-B4[144]Montage-5
3446,1328,1034,C4_organized_z_disks,0,5500000101_63x_20190610_Capture1-Capture1-B4[144]Montage-5
3447,1345,1052,C4_organized_z_disks,0,5500000101_63x_20190610_Capture1-Capture1-B4[144]Montage-5
3448,1361,1069,C4_organized_z_disks,0,5500000101_63x_20190610_Capture1-Capture1-B4[144]Montage-5
3449,1372,1087,C4_organized_z_disks,0,5500000101_63x_20190610_Capture1-Capture1-B4[144]Montage-5
3450,1392,1115,C4_organized_z_disks,0,5500000101_63x_20190610_Capture1-Capture1-B4[144]Montage-5
3451,1404,1117,C4_organized_z_disks,0,5500000101_63x_20190610_Capture1-Capture1-B4[144]Montage-5
3452,1418,1132,C4_organized_z_disks,0,5500000101_63x_20190610_Capture1-Capture1-B4[144]Montage-5
3453,1436,1140,C4_organized_z_disks,0,5500000101_63x_20190610_Capture1-Capture1-B4[144]Montage-5
3454,1450,1156,C4_organized_z_disks,0,5500000101_63x_20190610_Capture1-Capture1-B4[144]Montage-5
3455,1467,1158,C4_organized_z_disks,0,5500000101_63x_20190610_Capture1-Capture1-B4[144]Montage-5
3456,192,196,C4_organized_z_disks,1,5500000101_63x_20190610_Capture1-Capture1-B4[144]Montage-6
3457,205,209,C4_organized_z_disks,1,5500000101_63x_20190610_Capture1-Capture1-B4[144]Montage-6
3458,208,228,C4_organized_z_disks,1,5500000101_63x_20190610_Capture1-Capture1-B4[144]Montage-6
3459,209,241,C4_organized_z_disks,1,5500000101_63x_20190610_Capture1-Capture1-B4[144]Montage-6
3460,221,255,C4_organized_z_disks,1,5500000101_63x_20190610_Capture1-Capture1-B4[144]Montage-6
3461,227,261,C4_organized_z_disks,1,5500000101_63x_20190610_Capture1-Capture1-B4[144]Montage-6
3462,389,439,C4_organized_z_disks,1,5500000101_63x_20190610_Capture1-Capture1-B4[144]Montage-6
3463,405,443,C4_organized_z_disks,1,5500000101_63x_20190610_Capture1-Capture1-B4[144]Montage-6
3464,427,452,C4_organized_z_disks,1,5500000101_63x_20190610_Capture1-Capture1-B4[144]Montage-6
3465,448,460,C4_organized_z_disks,1,5500000101_63x_20190610_Capture1-Capture1-B4[144]Montage-6
3466,464,464,C4_organized_z_disks,1,5500000101_63x_20190610_Capture1-Capture1-B4[144]Montage-6
3467,482,464,C4_organized_z_disks,1,5500000101_63x_20190610_Capture1-Capture1-B4[144]Montage-6
3468,491,468,C4_organized_z_disks,1,5500000101_63x_20190610_Capture1-Capture1-B4[144]Montage-6
3469,507,474,C4_organized_z_disks,1,5500000101_63x_20190610_Capture1-Capture1-B4[144]Montage-6
3470,527,482,C4_organized_z_disks,1,5500000101_63x_20190610_Capture1-Capture1-B4[144]Montage-6
3471,680,275,C4_organized_z_disks,1,5500000101_63x_20190610_Capture1-Capture1-B4[144]Montage-6
3472,708,287,C4_organized_z_disks,1,5500000101_63x_20190610_Capture1-Capture1-B4[144]Montage-6
3473,728,296,C4_organized_z_disks,1,5500000101_63x_20190610_Capture1-Capture1-B4[144]Montage-6
3474,746,294,C4_organized_z_disks,1,5500000101_63x_20190610_Capture1-Capture1-B4[144]Montage-6
3475,759,300,C4_organized_z_disks,1,5500000101_63x_20190610_Capture1-Capture1-B4[144]Montage-6
3476,775,300,C4_organized_z_disks,1,5500000101_63x_20190610_Capture1-Capture1-B4[144]Montage-6
3477,793,306,C4_organized_z_disks,1,5500000101_63x_20190610_Capture1-Capture1-B4[144]Montage-6
3478,197,291,C4_organized_z_disks,1,5500000101_63x_20190610_Capture1-Capture1-B4[144]Montage-6
3479,174,294,C4_organized_z_disks,1,5500000101_63x_20190610_Capture1-Capture1-B4[144]Montage-6
3480,160,308,C4_organized_z_disks,1,5500000101_63x_20190610_Capture1-Capture1-B4[144]Montage-6
3481,145,322,C4_organized_z_disks,1,5500000101_63x_20190610_Capture1-Capture1-B4[144]Montage-6
3482,126,340,C4_organized_z_disks,1,5500000101_63x_20190610_Capture1-Capture1-B4[144]Montage-6
3483,113,354,C4_organized_z_disks,1,5500000101_63x_20190610_Capture1-Capture1-B4[144]Montage-6
3484,82,379,C4_organized_z_disks,1,5500000101_63x_20190610_Capture1-Capture1-B4[144]Montage-6
3485,58,411,C4_organized_z_disks,1,5500000101_63x_20190610_Capture1-Capture1-B4[144]Montage-6
3486,48,464,C4_organized_z_disks,1,5500000101_63x_20190610_Capture1-Capture1-B4[144]Montage-6
3487,46,431,C4_organized_z_disks,1,5500000101_63x_20190610_Capture1-Capture1-B4[144]Montage-6
3488,46,446,C4_organized_z_disks,1,5500000101_63x_20190610_Capture1-Capture1-B4[144]Montage-6
